id_erro,id_evento,id_sessao,tipo_erro,codigo_erro,tempo_resolucao,resolvido,tentativas
1,223,25,timeout,err_timeout_408,,False,1
2,325,36,erro_interno,err_internal_500,8,True,1
3,478,57,servico_indisponivel,err_service_503,,False,1
4,528,62,erro_interno,err_unexpected,,False,1
5,685,79,timeout,err_gateway_timeout_504,11,True,1
6,770,89,timeout,err_gateway_timeout_504,,False,1
7,839,98,erro_interno,err_unexpected,,False,1
8,855,99,erro_interno,err_internal_500,,False,1
9,949,112,erro_interno,err_internal_500,,False,1
10,986,117,erro_interno,err_internal_500,,False,1
11,1019,122,timeout,err_timeout_408,37,True,1
12,1082,130,timeout,err_gateway_timeout_504,,False,1
13,1138,139,timeout,err_timeout_408,60,True,1
14,1187,143,timeout,err_gateway_timeout_504,,False,1
15,1338,160,timeout,err_gateway_timeout_504,,False,1
16,1375,165,timeout,err_gateway_timeout_504,18,True,1
17,1745,210,erro_interno,err_internal_500,,False,1
18,2031,243,falha_autenticacao,err_auth_401,,False,1
19,2192,264,erro_interno,err_unexpected,39,True,1
20,2391,288,timeout,err_timeout_408,,False,1
21,2534,303,erro_interno,err_internal_500,,False,1
22,2566,308,timeout,err_gateway_timeout_504,,False,1
23,2631,316,falha_autenticacao,err_credentials_invalid,,False,1
24,2816,338,erro_interno,err_internal_500,,False,1
25,3018,364,timeout,err_timeout_408,,False,1
26,3033,367,timeout,err_gateway_timeout_504,17,True,1
27,3081,372,timeout,err_gateway_timeout_504,,False,1
28,3140,379,timeout,err_timeout_408,,False,1
29,3177,384,timeout,err_timeout_408,,False,1
30,3454,417,falha_autenticacao,err_auth_401,,False,1
31,3936,473,timeout,err_gateway_timeout_504,,False,1
32,4065,489,timeout,err_timeout_408,,False,1
33,4086,491,erro_interno,err_unexpected,52,True,1
34,4264,514,timeout,err_timeout_408,24,True,1
35,4269,514,timeout,err_gateway_timeout_504,64,True,1
36,4295,517,timeout,err_timeout_408,35,True,1
37,4640,559,timeout,err_gateway_timeout_504,,False,1
38,4660,561,timeout,err_gateway_timeout_504,,False,1
39,4682,564,timeout,err_gateway_timeout_504,33,True,1
40,4690,565,timeout,err_timeout_408,,False,1
41,5208,627,erro_interno,err_internal_500,,False,1
42,5227,630,falha_autenticacao,err_credentials_invalid,16,True,1
43,5407,653,servico_indisponivel,err_service_503,,False,1
44,5464,660,timeout,err_timeout_408,,False,1
45,5502,664,falha_autenticacao,err_auth_401,23,True,1
46,5621,677,erro_interno,err_internal_500,,False,1
47,5636,679,erro_interno,err_unexpected,9,True,1
48,5638,679,timeout,err_gateway_timeout_504,,False,1
49,5642,679,timeout,err_timeout_408,60,True,1
50,5770,696,timeout,err_gateway_timeout_504,24,True,1
51,5873,710,servico_indisponivel,err_service_503,,False,1
52,5928,716,timeout,err_gateway_timeout_504,16,True,1
53,5933,716,timeout,err_gateway_timeout_504,67,True,1
54,6007,725,timeout,err_gateway_timeout_504,,False,1
55,6128,740,timeout,err_gateway_timeout_504,33,True,1
56,6158,743,erro_interno,err_internal_500,,False,1
57,6236,753,timeout,err_gateway_timeout_504,69,True,1
58,6300,760,erro_interno,err_unexpected,,False,1
59,6432,776,erro_interno,err_unexpected,,False,1
60,6480,783,erro_interno,err_internal_500,14,True,1
61,6514,787,timeout,err_gateway_timeout_504,,False,1
62,6739,814,timeout,err_timeout_408,22,True,1
63,6845,825,erro_interno,err_internal_500,,False,1
64,7343,885,timeout,err_gateway_timeout_504,,False,1
65,7346,886,timeout,err_timeout_408,,False,1
66,7371,890,falha_autenticacao,err_credentials_invalid,,False,1
67,7558,915,timeout,err_gateway_timeout_504,,False,1
68,7637,928,servico_indisponivel,err_service_503,,False,1
69,7845,954,falha_autenticacao,err_credentials_invalid,,False,1
70,7846,955,servico_indisponivel,err_maintenance,,False,1
71,8006,975,timeout,err_gateway_timeout_504,40,True,1
72,8668,1064,timeout,err_timeout_408,,False,1
73,8948,1096,erro_interno,err_unexpected,40,True,1
74,8955,1096,timeout,err_gateway_timeout_504,,False,1
75,8958,1096,erro_interno,err_unexpected,,False,1
76,8959,1096,timeout,err_gateway_timeout_504,,False,2
77,9154,1120,timeout,err_gateway_timeout_504,,False,1
78,9297,1140,timeout,err_timeout_408,33,True,1
79,9307,1141,servico_indisponivel,err_service_503,28,True,1
80,9411,1153,erro_interno,err_unexpected,,False,1
81,9778,1199,timeout,err_timeout_408,,False,1
82,9779,1199,timeout,err_gateway_timeout_504,,False,2
83,10031,1231,timeout,err_timeout_408,29,True,1
84,10041,1232,timeout,err_timeout_408,,False,1
85,10076,1236,timeout,err_gateway_timeout_504,,False,1
86,10267,1261,timeout,err_gateway_timeout_504,29,True,1
87,10345,1272,timeout,err_timeout_408,36,True,1
88,10366,1274,erro_interno,err_internal_500,,False,1
89,10373,1275,timeout,err_timeout_408,,False,1
90,10414,1280,conexao_interrompida,err_connection_lost,365,True,1
91,10495,1290,timeout,err_gateway_timeout_504,,False,1
92,10531,1294,erro_interno,err_unexpected,,False,1
93,10555,1298,timeout,err_timeout_408,41,True,1
94,10590,1304,falha_autenticacao,err_auth_401,,False,1
95,10677,1317,timeout,err_gateway_timeout_504,12,True,1
96,11067,1364,erro_interno,err_unexpected,,False,1
97,11115,1369,erro_interno,err_unexpected,,False,1
98,11352,1396,erro_interno,err_unexpected,75,True,1
99,11408,1403,servico_indisponivel,err_service_503,,False,1
100,11522,1416,timeout,err_timeout_408,,False,1
101,12087,1486,timeout,err_timeout_408,12,True,1
102,12114,1490,timeout,err_gateway_timeout_504,,False,1
103,12444,1528,erro_interno,err_unexpected,30,True,1
104,12649,1552,falha_autenticacao,err_auth_401,,False,1
105,13111,1612,timeout,err_gateway_timeout_504,22,True,1
106,13552,1668,timeout,err_timeout_408,45,True,1
107,13844,1701,timeout,err_timeout_408,,False,1
108,14047,1726,timeout,err_gateway_timeout_504,,False,1
109,14179,1742,timeout,err_timeout_408,,False,1
110,14262,1753,falha_autenticacao,err_credentials_invalid,,False,1
111,14265,1754,erro_interno,err_internal_500,,False,1
112,14381,1766,erro_interno,err_unexpected,30,True,1
113,14405,1769,erro_interno,err_unexpected,,False,1
114,14692,1806,timeout,err_timeout_408,,False,1
115,14695,1806,erro_interno,err_internal_500,,False,1
116,14696,1807,servico_indisponivel,err_service_503,20,True,1
117,15019,1847,erro_interno,err_unexpected,,False,1
118,15172,1864,timeout,err_timeout_408,,False,1
119,15246,1872,timeout,err_timeout_408,,False,1
120,15346,1884,timeout,err_timeout_408,13,True,1
121,15566,1911,timeout,err_timeout_408,17,True,1
122,15632,1918,timeout,err_gateway_timeout_504,,False,1
123,15918,1953,erro_interno,err_internal_500,,False,1
124,15975,1959,erro_interno,err_unexpected,,False,1
125,15996,1962,timeout,err_timeout_408,,False,1
126,16193,1989,falha_autenticacao,err_auth_401,14,True,1
127,16206,1991,falha_autenticacao,err_credentials_invalid,,False,1
128,16296,2001,timeout,err_gateway_timeout_504,,False,1
129,16301,2002,timeout,err_gateway_timeout_504,,False,1
130,16413,2017,servico_indisponivel,err_service_503,,False,1
131,16474,2026,falha_autenticacao,err_credentials_invalid,11,True,1
132,16619,2042,erro_interno,err_internal_500,,False,1
133,16665,2047,erro_interno,err_unexpected,,False,1
134,16715,2053,timeout,err_gateway_timeout_504,35,True,1
135,16725,2054,falha_autenticacao,err_credentials_invalid,16,True,1
136,16952,2082,timeout,err_timeout_408,68,True,1
137,16979,2086,falha_autenticacao,err_auth_401,,False,1
138,17259,2116,timeout,err_gateway_timeout_504,,False,1
139,17357,2128,timeout,err_gateway_timeout_504,,False,1
140,17443,2140,servico_indisponivel,err_maintenance,,False,1
141,17467,2144,timeout,err_gateway_timeout_504,,False,1
142,17610,2161,timeout,err_timeout_408,,False,1
143,17925,2200,erro_interno,err_unexpected,,False,1
144,17955,2205,falha_autenticacao,err_credentials_invalid,,False,1
145,18086,2220,timeout,err_timeout_408,56,True,1
146,18243,2238,timeout,err_gateway_timeout_504,,False,1
147,18660,2290,erro_interno,err_unexpected,,False,1
148,18791,2307,erro_interno,err_internal_500,,False,1
149,18819,2310,falha_autenticacao,err_credentials_invalid,11,True,1
150,18879,2319,timeout,err_timeout_408,,False,1
151,18882,2320,timeout,err_timeout_408,11,True,1
152,19191,2354,timeout,err_gateway_timeout_504,,False,1
153,19474,2389,timeout,err_gateway_timeout_504,17,True,1
154,19502,2392,timeout,err_timeout_408,,False,1
155,19583,2402,timeout,err_timeout_408,23,True,1
156,19649,2411,timeout,err_gateway_timeout_504,,False,1
157,19668,2414,erro_interno,err_internal_500,,False,1
158,19704,2418,erro_interno,err_internal_500,,False,1
159,20309,2495,timeout,err_gateway_timeout_504,,False,1
160,20310,2495,timeout,err_gateway_timeout_504,,False,2
161,20388,2507,timeout,err_gateway_timeout_504,,False,1
162,20492,2521,falha_autenticacao,err_credentials_invalid,,False,1
163,20672,2545,timeout,err_timeout_408,,False,1
164,20699,2549,timeout,err_timeout_408,,False,1
165,20777,2558,falha_autenticacao,err_credentials_invalid,25,True,1
166,20817,2561,timeout,err_gateway_timeout_504,,False,1
167,20846,2564,timeout,err_timeout_408,,False,1
168,21456,2642,timeout,err_gateway_timeout_504,50,True,1
169,21583,2660,timeout,err_gateway_timeout_504,,False,1
170,21665,2672,timeout,err_timeout_408,,False,1
171,21868,2703,falha_autenticacao,err_auth_401,12,True,1
172,22184,2742,timeout,err_gateway_timeout_504,,False,1
173,22192,2743,falha_autenticacao,err_auth_401,,False,1
174,22386,2769,timeout,err_timeout_408,,False,1
175,22394,2771,erro_interno,err_internal_500,,False,1
176,22544,2791,timeout,err_timeout_408,,False,1
177,22898,2831,timeout,err_gateway_timeout_504,,False,1
178,22928,2835,erro_interno,err_internal_500,,False,1
179,22940,2837,erro_interno,err_unexpected,,False,1
180,23076,2853,timeout,err_gateway_timeout_504,,False,1
181,23432,2899,erro_interno,err_internal_500,27,True,1
182,23911,2959,timeout,err_gateway_timeout_504,,False,1
183,23980,2968,timeout,err_timeout_408,,False,1
184,23988,2970,timeout,err_timeout_408,,False,1
185,24062,2980,erro_interno,err_internal_500,,False,1
186,24181,2993,timeout,err_timeout_408,,False,1
187,24234,2998,timeout,err_timeout_408,38,True,1
188,24442,3023,falha_autenticacao,err_auth_401,,False,1
189,24520,3031,falha_autenticacao,err_credentials_invalid,18,True,1
190,24678,3052,timeout,err_timeout_408,12,True,1
191,24903,3076,timeout,err_gateway_timeout_504,,False,1
192,24966,3084,timeout,err_timeout_408,,False,1
193,25101,3101,timeout,err_gateway_timeout_504,,False,1
194,25145,3107,timeout,err_timeout_408,,False,1
195,25160,3110,timeout,err_gateway_timeout_504,,False,1
196,25221,3119,timeout,err_timeout_408,18,True,1
197,25233,3120,timeout,err_timeout_408,,False,1
198,25266,3125,timeout,err_gateway_timeout_504,,False,1
199,25279,3126,servico_indisponivel,err_maintenance,,False,1
200,25294,3129,conexao_interrompida,err_network_unreachable,,False,1
201,25346,3135,timeout,err_timeout_408,,False,1
202,25361,3137,erro_interno,err_internal_500,,False,1
203,25878,3198,timeout,err_timeout_408,21,True,1
204,26083,3222,timeout,err_gateway_timeout_504,,False,1
205,26165,3232,timeout,err_gateway_timeout_504,13,True,1
206,26360,3256,timeout,err_gateway_timeout_504,,False,1
207,26551,3281,timeout,err_gateway_timeout_504,,False,1
208,26831,3314,timeout,err_gateway_timeout_504,22,True,1
209,27010,3338,falha_autenticacao,err_auth_401,,False,1
210,27190,3360,timeout,err_gateway_timeout_504,,False,1
211,27540,3398,timeout,err_gateway_timeout_504,,False,1
212,27710,3418,erro_interno,err_internal_500,,False,1
213,27796,3428,falha_autenticacao,err_auth_401,,False,1
214,27834,3432,timeout,err_gateway_timeout_504,,False,1
215,27853,3435,erro_interno,err_unexpected,,False,1
216,27894,3442,erro_interno,err_unexpected,,False,1
217,28131,3468,timeout,err_gateway_timeout_504,,False,1
218,28177,3474,timeout,err_gateway_timeout_504,,False,1
219,28268,3487,falha_autenticacao,err_auth_401,8,True,1
220,28288,3490,timeout,err_gateway_timeout_504,11,True,1
221,28304,3491,timeout,err_timeout_408,,False,1
222,28494,3519,erro_interno,err_internal_500,,False,1
223,28900,3567,erro_interno,err_unexpected,,False,1
224,29241,3605,erro_interno,err_internal_500,10,True,1
225,29408,3626,falha_autenticacao,err_auth_401,,False,1
226,29431,3628,timeout,err_timeout_408,,False,1
227,29880,3681,timeout,err_timeout_408,43,True,1
228,29924,3686,timeout,err_gateway_timeout_504,39,True,1
229,29956,3691,erro_interno,err_unexpected,,False,1
230,30551,3766,timeout,err_timeout_408,,False,1
231,30723,3788,timeout,err_timeout_408,,False,1
232,31000,3823,falha_autenticacao,err_credentials_invalid,18,True,1
233,31097,3835,timeout,err_timeout_408,17,True,1
234,31598,3894,erro_interno,err_unexpected,,False,1
235,31863,3928,servico_indisponivel,err_maintenance,,False,1
236,31879,3930,erro_interno,err_unexpected,7,True,1
237,32066,3955,timeout,err_timeout_408,,False,1
238,32242,3977,timeout,err_gateway_timeout_504,31,True,1
239,32641,4027,timeout,err_timeout_408,,False,1
240,32816,4048,timeout,err_timeout_408,,False,1
241,33043,4076,erro_interno,err_internal_500,,False,1
242,33372,4119,erro_interno,err_unexpected,46,True,1
243,33540,4140,erro_interno,err_internal_500,,False,1
244,33681,4155,timeout,err_gateway_timeout_504,,False,1
245,33699,4157,timeout,err_gateway_timeout_504,,False,1
246,33714,4160,falha_autenticacao,err_credentials_invalid,19,True,1
247,33884,4181,falha_autenticacao,err_auth_401,22,True,1
248,33948,4188,timeout,err_gateway_timeout_504,,False,1
249,33984,4192,servico_indisponivel,err_service_503,,False,1
250,34075,4203,falha_autenticacao,err_auth_401,19,True,1
251,34076,4203,timeout,err_timeout_408,17,True,2
252,34103,4207,timeout,err_gateway_timeout_504,,False,1
253,34352,4240,falha_autenticacao,err_auth_401,14,True,1
254,34440,4249,timeout,err_gateway_timeout_504,28,True,1
255,34598,4266,servico_indisponivel,err_service_503,,False,1
256,34624,4268,erro_interno,err_unexpected,,False,1
257,34953,4307,timeout,err_timeout_408,,False,1
258,35126,4330,timeout,err_timeout_408,19,True,1
259,35233,4342,timeout,err_timeout_408,,False,1
260,35596,4385,timeout,err_gateway_timeout_504,,False,1
261,35711,4399,timeout,err_timeout_408,,False,1
262,35765,4407,timeout,err_gateway_timeout_504,50,True,1
263,36396,4485,timeout,err_gateway_timeout_504,,False,1
264,36485,4498,falha_autenticacao,err_auth_401,30,True,1
265,36805,4537,servico_indisponivel,err_maintenance,,False,1
266,37002,4561,timeout,err_timeout_408,,False,1
267,37175,4584,erro_interno,err_unexpected,,False,1
268,37410,4613,timeout,err_timeout_408,,False,1
269,37413,4614,timeout,err_gateway_timeout_504,,False,1
270,37994,4682,timeout,err_gateway_timeout_504,,False,1
271,38394,4728,erro_interno,err_internal_500,,False,1
272,38533,4747,falha_autenticacao,err_credentials_invalid,,False,1
273,38955,4795,erro_interno,err_unexpected,,False,1
274,39006,4804,timeout,err_gateway_timeout_504,33,True,1
275,39019,4806,timeout,err_gateway_timeout_504,,False,1
276,39028,4807,servico_indisponivel,err_service_503,,False,1
277,39115,4818,timeout,err_gateway_timeout_504,,False,1
278,39168,4825,timeout,err_gateway_timeout_504,,False,1
279,39227,4832,timeout,err_timeout_408,11,True,1
280,39678,4890,timeout,err_gateway_timeout_504,,False,1
281,40170,4950,erro_interno,err_internal_500,,False,1
282,40189,4952,timeout,err_gateway_timeout_504,,False,1
283,40282,4964,erro_interno,err_unexpected,,False,1
284,40329,4969,falha_autenticacao,err_auth_401,22,True,1
285,40471,4984,timeout,err_timeout_408,,False,1
286,40551,4993,timeout,err_gateway_timeout_504,,False,1
287,40573,4996,erro_interno,err_internal_500,,False,1
288,40755,5024,timeout,err_timeout_408,,False,1
289,40786,5029,timeout,err_gateway_timeout_504,,False,1
290,40917,5045,timeout,err_gateway_timeout_504,13,True,1
291,41006,5057,timeout,err_timeout_408,9,True,1
292,41075,5065,timeout,err_timeout_408,,False,1
293,41259,5085,erro_interno,err_unexpected,,False,1
294,41306,5089,erro_interno,err_unexpected,13,True,1
295,41324,5091,erro_interno,err_unexpected,,False,1
296,41435,5106,erro_interno,err_internal_500,,False,1
297,41454,5108,timeout,err_timeout_408,,False,1
298,41490,5112,timeout,err_gateway_timeout_504,,False,1
299,41502,5114,erro_interno,err_unexpected,,False,1
300,41715,5141,timeout,err_gateway_timeout_504,,False,1
301,42377,5222,erro_interno,err_internal_500,,False,1
302,42525,5239,servico_indisponivel,err_service_503,,False,1
303,42546,5242,timeout,err_gateway_timeout_504,,False,1
304,42862,5280,servico_indisponivel,err_maintenance,,False,1
305,42936,5291,timeout,err_timeout_408,11,True,1
306,42988,5296,timeout,err_timeout_408,,False,1
307,43157,5320,servico_indisponivel,err_service_503,,False,1
308,43204,5327,timeout,err_gateway_timeout_504,,False,1
309,43329,5348,servico_indisponivel,err_maintenance,,False,1
310,43491,5370,falha_autenticacao,err_auth_401,25,True,1
311,43535,5375,timeout,err_gateway_timeout_504,,False,1
312,43604,5384,timeout,err_timeout_408,25,True,1
313,43693,5396,erro_interno,err_internal_500,,False,1
314,43932,5425,timeout,err_timeout_408,67,True,1
315,44146,5448,timeout,err_timeout_408,22,True,1
316,44872,5541,timeout,err_timeout_408,31,True,1
317,44934,5548,falha_autenticacao,err_auth_401,26,True,1
318,45050,5561,timeout,err_gateway_timeout_504,,False,1
319,45090,5565,servico_indisponivel,err_maintenance,,False,1
320,45135,5572,timeout,err_gateway_timeout_504,48,True,1
321,45203,5579,timeout,err_gateway_timeout_504,27,True,1
322,45211,5580,timeout,err_gateway_timeout_504,21,True,1
323,45307,5593,falha_autenticacao,err_credentials_invalid,,False,1
324,45313,5595,timeout,err_timeout_408,,False,1
325,45332,5598,erro_interno,err_unexpected,,False,1
326,45488,5618,falha_autenticacao,err_credentials_invalid,19,True,1
327,45815,5664,falha_autenticacao,err_credentials_invalid,16,True,1
328,46149,5705,timeout,err_gateway_timeout_504,,False,1
329,46435,5739,timeout,err_gateway_timeout_504,,False,1
330,46510,5750,servico_indisponivel,err_maintenance,,False,1
331,46511,5751,timeout,err_gateway_timeout_504,,False,1
332,46518,5753,erro_interno,err_internal_500,,False,1
333,46590,5761,timeout,err_timeout_408,,False,1
334,46738,5780,timeout,err_timeout_408,,False,1
335,46903,5801,timeout,err_gateway_timeout_504,70,True,1
336,46904,5801,erro_interno,err_internal_500,,False,2
337,46930,5803,timeout,err_timeout_408,,False,1
338,46977,5808,erro_interno,err_internal_500,,False,1
339,47035,5816,servico_indisponivel,err_service_503,,False,1
340,47036,5816,timeout,err_timeout_408,42,True,2
341,47094,5823,erro_interno,err_unexpected,,False,1
342,47593,5884,timeout,err_gateway_timeout_504,,False,1
343,47750,5903,timeout,err_gateway_timeout_504,,False,1
344,47869,5916,erro_interno,err_internal_500,43,True,1
345,48045,5937,falha_autenticacao,err_credentials_invalid,,False,1
346,48107,5945,timeout,err_gateway_timeout_504,,False,1
347,48345,5972,servico_indisponivel,err_maintenance,,False,1
348,48356,5973,falha_autenticacao,err_credentials_invalid,12,True,1
349,48359,5973,timeout,err_timeout_408,,False,1
350,48372,5975,timeout,err_gateway_timeout_504,,False,1
351,48395,5980,timeout,err_timeout_408,,False,1
352,48541,5998,servico_indisponivel,err_service_503,,False,1
353,48774,6024,timeout,err_timeout_408,,False,1
354,48924,6044,servico_indisponivel,err_service_503,45,True,1
355,49238,6083,timeout,err_gateway_timeout_504,37,True,1
356,49263,6087,falha_autenticacao,err_auth_401,,False,1
357,49428,6108,servico_indisponivel,err_service_503,,False,1
358,49573,6127,timeout,err_gateway_timeout_504,,False,1
359,49574,6128,timeout,err_gateway_timeout_504,,False,1
360,49642,6135,timeout,err_gateway_timeout_504,55,True,1
361,49654,6136,timeout,err_gateway_timeout_504,,False,1
362,49699,6143,timeout,err_gateway_timeout_504,33,True,1
363,49789,6153,erro_interno,err_internal_500,,False,1
364,50125,6187,erro_interno,err_unexpected,51,True,1
365,50485,6234,timeout,err_gateway_timeout_504,14,True,1
366,50538,6240,servico_indisponivel,err_maintenance,,False,1
367,50589,6248,timeout,err_timeout_408,,False,1
368,50749,6270,timeout,err_gateway_timeout_504,58,True,1
369,50871,6283,timeout,err_timeout_408,23,True,1
370,51017,6299,erro_interno,err_internal_500,,False,1
371,51561,6368,erro_interno,err_internal_500,,False,1
372,51733,6390,servico_indisponivel,err_maintenance,,False,1
373,51842,6404,servico_indisponivel,err_service_503,25,True,1
374,51925,6414,timeout,err_timeout_408,28,True,1
375,52311,6461,falha_autenticacao,err_credentials_invalid,,False,1
376,52553,6491,timeout,err_gateway_timeout_504,,False,1
377,52633,6501,falha_autenticacao,err_auth_401,,False,1
378,52706,6509,timeout,err_timeout_408,63,True,1
379,52820,6524,falha_autenticacao,err_credentials_invalid,10,True,1
380,53072,6553,timeout,err_timeout_408,41,True,1
381,53131,6559,timeout,err_timeout_408,,False,1
382,53186,6568,timeout,err_timeout_408,28,True,1
383,53256,6575,erro_interno,err_internal_500,,False,1
384,53306,6581,timeout,err_gateway_timeout_504,,False,1
385,53578,6613,falha_autenticacao,err_credentials_invalid,12,True,1
386,53747,6632,erro_interno,err_unexpected,,False,1
387,53975,6661,falha_autenticacao,err_auth_401,,False,1
388,54048,6670,timeout,err_timeout_408,,False,1
389,54153,6683,erro_interno,err_internal_500,,False,1
390,54170,6685,servico_indisponivel,err_service_503,,False,1
391,54171,6685,servico_indisponivel,err_maintenance,20,True,2
392,54498,6725,timeout,err_gateway_timeout_504,28,True,1
393,54733,6753,timeout,err_timeout_408,,False,1
394,54777,6759,timeout,err_gateway_timeout_504,,False,1
395,55053,6791,timeout,err_timeout_408,,False,1
396,55440,6837,timeout,err_gateway_timeout_504,28,True,1
397,55572,6854,erro_interno,err_internal_500,,False,1
398,55574,6854,timeout,err_gateway_timeout_504,,False,1
399,55660,6865,timeout,err_gateway_timeout_504,,False,1
400,56119,6923,timeout,err_gateway_timeout_504,71,True,1
401,56203,6930,timeout,err_timeout_408,,False,1
402,56568,6976,timeout,err_timeout_408,40,True,1
403,56609,6982,timeout,err_timeout_408,21,True,1
404,56652,6986,timeout,err_gateway_timeout_504,71,True,1
405,56667,6988,falha_autenticacao,err_auth_401,15,True,1
406,56674,6988,timeout,err_gateway_timeout_504,,False,1
407,56794,7005,timeout,err_timeout_408,39,True,1
408,56833,7011,falha_autenticacao,err_credentials_invalid,,False,1
409,56856,7014,falha_autenticacao,err_auth_401,,False,1
410,57129,7046,erro_interno,err_unexpected,,False,1
411,57215,7057,timeout,err_gateway_timeout_504,,False,1
412,57300,7066,timeout,err_timeout_408,,False,1
413,57836,7134,erro_interno,err_unexpected,,False,1
414,57840,7135,timeout,err_timeout_408,,False,1
415,58208,7179,timeout,err_gateway_timeout_504,,False,1
416,58586,7223,erro_interno,err_internal_500,,False,1
417,58773,7247,erro_interno,err_internal_500,,False,1
418,58850,7256,erro_interno,err_internal_500,,False,1
419,59069,7283,timeout,err_timeout_408,,False,1
420,59141,7292,timeout,err_timeout_408,,False,1
421,59364,7321,timeout,err_timeout_408,13,True,1
422,59379,7323,falha_autenticacao,err_credentials_invalid,,False,1
423,59485,7336,erro_interno,err_internal_500,,False,1
424,59763,7370,erro_interno,err_internal_500,,False,1
425,59789,7373,erro_interno,err_internal_500,23,True,1
426,59844,7379,timeout,err_gateway_timeout_504,,False,1
427,59883,7384,timeout,err_gateway_timeout_504,,False,1
428,59934,7391,falha_autenticacao,err_auth_401,,False,1
429,59937,7392,timeout,err_timeout_408,47,True,1
430,60144,7418,timeout,err_timeout_408,,False,1
431,60294,7436,timeout,err_gateway_timeout_504,29,True,1
432,60337,7442,timeout,err_gateway_timeout_504,36,True,1
433,60548,7470,timeout,err_gateway_timeout_504,,False,1
434,60642,7480,servico_indisponivel,err_service_503,,False,1
435,61203,7551,timeout,err_timeout_408,37,True,1
436,61405,7578,timeout,err_gateway_timeout_504,,False,1
437,61413,7580,falha_autenticacao,err_credentials_invalid,13,True,1
438,61445,7583,timeout,err_timeout_408,,False,1
439,61447,7583,erro_interno,err_internal_500,,False,1
440,61796,7624,erro_interno,err_unexpected,,False,1
441,61929,7639,erro_interno,err_internal_500,13,True,1
442,62004,7649,erro_interno,err_unexpected,25,True,1
443,62046,7654,falha_autenticacao,err_credentials_invalid,10,True,1
444,62060,7656,erro_interno,err_unexpected,,False,1
445,62313,7688,servico_indisponivel,err_service_503,,False,1
446,62368,7695,servico_indisponivel,err_maintenance,,False,1
447,62512,7713,erro_interno,err_unexpected,34,True,1
448,62595,7723,timeout,err_timeout_408,,False,1
449,62617,7727,erro_interno,err_internal_500,,False,1
450,62643,7731,timeout,err_gateway_timeout_504,15,True,1
451,62723,7740,timeout,err_timeout_408,,False,1
452,62765,7746,timeout,err_timeout_408,25,True,1
453,62787,7747,timeout,err_timeout_408,,False,1
454,62790,7748,erro_interno,err_unexpected,26,True,1
455,62954,7766,erro_interno,err_internal_500,,False,1
456,63061,7781,timeout,err_gateway_timeout_504,19,True,1
457,63333,7814,erro_interno,err_unexpected,,False,1
458,63523,7838,erro_interno,err_unexpected,,False,1
459,63790,7871,timeout,err_gateway_timeout_504,11,True,1
460,63810,7872,erro_interno,err_unexpected,,False,1
461,63985,7893,timeout,err_gateway_timeout_504,,False,1
462,64066,7905,erro_interno,err_unexpected,,False,1
463,64153,7917,timeout,err_gateway_timeout_504,,False,1
464,64545,7967,falha_autenticacao,err_auth_401,12,True,1
465,64579,7972,timeout,err_timeout_408,20,True,1
466,64681,7983,timeout,err_timeout_408,,False,1
467,65116,8036,falha_autenticacao,err_auth_401,,False,1
468,65167,8043,erro_interno,err_internal_500,,False,1
469,65172,8044,falha_autenticacao,err_credentials_invalid,,False,1
470,65243,8051,erro_interno,err_unexpected,,False,1
471,65503,8084,servico_indisponivel,err_service_503,,False,1
472,65564,8091,timeout,err_gateway_timeout_504,,False,1
473,65657,8101,erro_interno,err_unexpected,,False,1
474,65771,8117,timeout,err_timeout_408,,False,1
475,65893,8133,timeout,err_gateway_timeout_504,,False,1
476,65904,8136,servico_indisponivel,err_maintenance,,False,1
477,65934,8140,timeout,err_gateway_timeout_504,,False,1
478,65970,8146,timeout,err_timeout_408,110,True,1
479,66228,8181,servico_indisponivel,err_maintenance,,False,1
480,66372,8199,timeout,err_gateway_timeout_504,,False,1
481,66456,8211,falha_autenticacao,err_credentials_invalid,13,True,1
482,66696,8239,erro_interno,err_unexpected,,False,1
483,66894,8262,timeout,err_gateway_timeout_504,32,True,1
484,67385,8328,timeout,err_timeout_408,,False,1
485,67493,8343,erro_interno,err_internal_500,,False,1
486,67501,8345,timeout,err_gateway_timeout_504,,False,1
487,67629,8361,timeout,err_timeout_408,,False,1
488,67647,8363,timeout,err_timeout_408,,False,1
489,67655,8364,erro_interno,err_unexpected,,False,1
490,67876,8391,timeout,err_timeout_408,,False,1
491,67951,8401,erro_interno,err_unexpected,,False,1
492,67972,8404,timeout,err_timeout_408,,False,1
493,68053,8415,falha_autenticacao,err_credentials_invalid,,False,1
494,68089,8420,erro_interno,err_internal_500,,False,1
495,68304,8446,timeout,err_gateway_timeout_504,36,True,1
496,68598,8481,falha_autenticacao,err_auth_401,,False,1
497,68921,8522,timeout,err_gateway_timeout_504,,False,1
498,69003,8534,timeout,err_gateway_timeout_504,,False,1
499,69065,8542,timeout,err_gateway_timeout_504,88,True,1
500,69479,8595,timeout,err_timeout_408,,False,1
501,69502,8598,timeout,err_gateway_timeout_504,,False,1
502,69503,8599,timeout,err_gateway_timeout_504,,False,1
503,69508,8600,timeout,err_timeout_408,65,True,1
504,69819,8636,timeout,err_gateway_timeout_504,,False,1
505,69841,8639,erro_interno,err_unexpected,,False,1
506,70095,8668,timeout,err_timeout_408,,False,1
507,70411,8704,falha_autenticacao,err_credentials_invalid,,False,1
508,70413,8705,erro_interno,err_unexpected,10,True,1
509,70553,8723,timeout,err_gateway_timeout_504,34,True,1
510,70728,8744,erro_interno,err_unexpected,,False,1
511,70962,8774,falha_autenticacao,err_auth_401,,False,1
512,71013,8780,servico_indisponivel,err_service_503,,False,1
513,71274,8811,timeout,err_gateway_timeout_504,,False,1
514,71396,8827,erro_interno,err_internal_500,,False,1
515,71677,8862,timeout,err_timeout_408,,False,1
516,71763,8872,timeout,err_timeout_408,9,True,1
517,71846,8882,falha_autenticacao,err_auth_401,,False,1
518,71849,8883,timeout,err_gateway_timeout_504,50,True,1
519,71905,8890,timeout,err_gateway_timeout_504,,False,1
520,72088,8913,timeout,err_gateway_timeout_504,13,True,1
521,72252,8932,servico_indisponivel,err_service_503,64,True,1
522,72394,8951,erro_interno,err_unexpected,59,True,1
523,72462,8958,erro_interno,err_internal_500,23,True,1
524,72624,8981,timeout,err_gateway_timeout_504,,False,1
525,72752,8997,timeout,err_timeout_408,44,True,1
526,72765,8997,timeout,err_timeout_408,,False,1
527,72816,9004,timeout,err_timeout_408,,False,1
528,72951,9021,timeout,err_timeout_408,,False,1
529,73110,9040,falha_autenticacao,err_credentials_invalid,14,True,1
530,73168,9047,timeout,err_gateway_timeout_504,,False,1
531,73190,9049,timeout,err_timeout_408,20,True,1
532,73311,9065,timeout,err_timeout_408,12,True,1
533,73463,9082,timeout,err_timeout_408,,False,1
534,73497,9087,falha_autenticacao,err_auth_401,28,True,1
535,73649,9107,erro_interno,err_unexpected,,False,1
536,73824,9129,erro_interno,err_internal_500,,False,1
537,74139,9166,timeout,err_gateway_timeout_504,,False,1
538,74260,9181,timeout,err_gateway_timeout_504,,False,1
539,74375,9194,erro_interno,err_internal_500,,False,1
540,74706,9239,timeout,err_gateway_timeout_504,,False,1
541,74995,9273,servico_indisponivel,err_service_503,,False,1
542,75036,9280,falha_autenticacao,err_auth_401,,False,1
543,75494,9335,erro_interno,err_unexpected,35,True,1
544,75940,9386,erro_interno,err_unexpected,,False,1
545,75972,9389,erro_interno,err_internal_500,59,True,1
546,76119,9408,erro_interno,err_unexpected,,False,1
547,76266,9426,timeout,err_timeout_408,25,True,1
548,76293,9430,servico_indisponivel,err_maintenance,,False,1
549,76389,9443,timeout,err_gateway_timeout_504,,False,1
550,76836,9498,timeout,err_gateway_timeout_504,45,True,1
551,77031,9520,timeout,err_timeout_408,,False,1
552,77174,9538,erro_interno,err_unexpected,,False,1
553,77175,9538,erro_interno,err_unexpected,,False,1
554,77252,9548,falha_autenticacao,err_auth_401,,False,1
555,77284,9553,timeout,err_gateway_timeout_504,17,True,1
556,77359,9561,timeout,err_timeout_408,,False,1
557,77439,9572,erro_interno,err_unexpected,,False,1
558,77478,9577,timeout,err_gateway_timeout_504,26,True,1
559,77479,9577,servico_indisponivel,err_service_503,,False,2
560,77678,9600,timeout,err_timeout_408,,False,1
561,77822,9619,timeout,err_timeout_408,,False,1
562,77967,9636,timeout,err_timeout_408,9,True,1
563,78252,9674,timeout,err_timeout_408,,False,1
564,78634,9720,timeout,err_gateway_timeout_504,,False,1
565,78656,9722,erro_interno,err_unexpected,,False,1
566,78730,9732,falha_autenticacao,err_auth_401,26,True,1
567,78737,9732,servico_indisponivel,err_maintenance,142,True,1
568,79182,9786,timeout,err_timeout_408,13,True,1
569,79261,9794,timeout,err_gateway_timeout_504,,False,1
570,79887,9872,timeout,err_timeout_408,18,True,1
571,79954,9880,timeout,err_timeout_408,,False,1
572,79959,9880,servico_indisponivel,err_maintenance,,False,1
573,79960,9880,timeout,err_timeout_408,,False,2
574,80146,9898,timeout,err_timeout_408,12,True,1
575,80159,9900,timeout,err_timeout_408,,False,1
576,80260,9913,timeout,err_timeout_408,,False,1
577,80271,9914,erro_interno,err_internal_500,74,True,1
578,80993,10003,timeout,err_gateway_timeout_504,,False,1
579,81097,10016,erro_interno,err_unexpected,,False,1
580,81328,10047,timeout,err_gateway_timeout_504,,False,1
581,81457,10062,servico_indisponivel,err_service_503,,False,1
582,81495,10067,erro_interno,err_internal_500,,False,1
583,81837,10107,timeout,err_gateway_timeout_504,,False,1
584,82018,10130,falha_autenticacao,err_credentials_invalid,14,True,1
585,82228,10157,falha_autenticacao,err_auth_401,18,True,1
586,82233,10157,timeout,err_gateway_timeout_504,,False,1
587,82240,10158,erro_interno,err_unexpected,,False,1
588,82469,10185,timeout,err_gateway_timeout_504,,False,1
589,82497,10189,timeout,err_timeout_408,,False,1
590,82921,10245,timeout,err_timeout_408,,False,1
591,83291,10285,timeout,err_gateway_timeout_504,,False,1
592,83380,10295,timeout,err_gateway_timeout_504,,False,1
593,83530,10313,conexao_interrompida,err_network_unreachable,232,True,1
594,83720,10333,erro_interno,err_internal_500,,False,1
595,83873,10350,erro_interno,err_unexpected,14,True,1
596,83994,10367,falha_autenticacao,err_credentials_invalid,,False,1
597,84163,10387,timeout,err_gateway_timeout_504,,False,1
598,84245,10397,timeout,err_gateway_timeout_504,,False,1
599,84258,10400,timeout,err_timeout_408,,False,1
600,84336,10410,timeout,err_gateway_timeout_504,,False,1
601,84598,10445,timeout,err_gateway_timeout_504,11,True,1
602,84682,10454,falha_autenticacao,err_credentials_invalid,,False,1
603,84907,10482,erro_interno,err_internal_500,,False,1
604,84961,10488,timeout,err_timeout_408,,False,1
605,85190,10515,timeout,err_timeout_408,37,True,1
606,85317,10529,timeout,err_timeout_408,58,True,1
607,85414,10541,timeout,err_timeout_408,15,True,1
608,85594,10564,erro_interno,err_unexpected,,False,1
609,86040,10619,timeout,err_gateway_timeout_504,,False,1
610,86052,10621,timeout,err_gateway_timeout_504,21,True,1
611,86192,10638,servico_indisponivel,err_service_503,,False,1
612,86286,10649,erro_interno,err_unexpected,69,True,1
613,86532,10680,falha_autenticacao,err_auth_401,16,True,1
614,86656,10695,timeout,err_gateway_timeout_504,,False,1
615,87006,10737,timeout,err_gateway_timeout_504,41,True,1
616,87044,10742,erro_interno,err_internal_500,47,True,1
617,87080,10747,timeout,err_timeout_408,,False,1
618,87153,10758,falha_autenticacao,err_auth_401,21,True,1
619,87271,10771,erro_interno,err_internal_500,,False,1
620,87359,10783,erro_interno,err_unexpected,35,True,1
621,87484,10797,timeout,err_timeout_408,,False,1
622,87524,10803,timeout,err_timeout_408,,False,1
623,87656,10820,erro_interno,err_unexpected,,False,1
624,87795,10836,timeout,err_gateway_timeout_504,,False,1
625,87980,10859,conexao_interrompida,err_network_unreachable,,False,1
626,88034,10867,timeout,err_gateway_timeout_504,27,True,1
627,88094,10874,timeout,err_gateway_timeout_504,,False,1
628,88352,10907,falha_autenticacao,err_credentials_invalid,,False,1
629,88429,10916,timeout,err_timeout_408,21,True,1
630,88936,10980,erro_interno,err_internal_500,,False,1
631,89035,10991,timeout,err_timeout_408,,False,1
632,89038,10992,erro_interno,err_unexpected,,False,1
633,89315,11028,timeout,err_timeout_408,,False,1
634,89432,11043,timeout,err_timeout_408,,False,1
635,89581,11063,erro_interno,err_unexpected,,False,1
636,90237,11138,timeout,err_gateway_timeout_504,,False,1
637,90283,11144,falha_autenticacao,err_credentials_invalid,12,True,1
638,90313,11147,timeout,err_timeout_408,47,True,1
639,90571,11180,timeout,err_gateway_timeout_504,,False,1
640,90744,11201,servico_indisponivel,err_maintenance,,False,1
641,90869,11216,timeout,err_gateway_timeout_504,16,True,1
642,91172,11254,erro_interno,err_internal_500,,False,1
643,91299,11271,timeout,err_timeout_408,,False,1
644,91366,11278,timeout,err_gateway_timeout_504,41,True,1
645,91449,11288,servico_indisponivel,err_maintenance,,False,1
646,91594,11308,falha_autenticacao,err_auth_401,,False,1
647,91707,11323,erro_interno,err_unexpected,,False,1
648,91758,11329,timeout,err_timeout_408,,False,1
649,92101,11372,timeout,err_gateway_timeout_504,32,True,1
650,92104,11372,erro_interno,err_unexpected,,False,1
651,92117,11374,timeout,err_timeout_408,72,True,1
652,92336,11400,timeout,err_gateway_timeout_504,,False,1
653,92339,11400,erro_interno,err_unexpected,,False,1
654,92514,11423,erro_interno,err_internal_500,41,True,1
655,92527,11425,timeout,err_gateway_timeout_504,,False,1
656,92649,11440,timeout,err_timeout_408,,False,1
657,92768,11453,erro_interno,err_internal_500,,False,1
658,92832,11461,falha_autenticacao,err_credentials_invalid,28,True,1
659,92924,11472,erro_interno,err_unexpected,,False,1
660,93139,11498,timeout,err_timeout_408,40,True,1
661,93162,11500,falha_autenticacao,err_auth_401,,False,1
662,93193,11505,falha_autenticacao,err_credentials_invalid,,False,1
663,93320,11522,timeout,err_gateway_timeout_504,,False,1
664,93569,11554,erro_interno,err_internal_500,17,True,1
665,93690,11569,servico_indisponivel,err_maintenance,,False,1
666,93749,11576,timeout,err_gateway_timeout_504,41,True,1
667,93771,11579,timeout,err_timeout_408,8,True,1
668,93809,11584,timeout,err_timeout_408,16,True,1
669,94099,11615,timeout,err_gateway_timeout_504,53,True,1
670,94551,11674,timeout,err_timeout_408,,False,1
671,94603,11680,falha_autenticacao,err_auth_401,,False,1
672,94785,11705,timeout,err_timeout_408,,False,1
673,94884,11717,timeout,err_gateway_timeout_504,16,True,1
674,95187,11755,falha_autenticacao,err_credentials_invalid,,False,1
675,95437,11787,falha_autenticacao,err_auth_401,,False,1
676,95732,11828,timeout,err_timeout_408,,False,1
677,95803,11836,timeout,err_timeout_408,11,True,1
678,95864,11844,servico_indisponivel,err_service_503,,False,1
679,96158,11882,timeout,err_gateway_timeout_504,,False,1
680,96269,11896,erro_interno,err_unexpected,,False,1
681,96398,11911,timeout,err_timeout_408,,False,1
682,96901,11978,timeout,err_timeout_408,,False,1
683,97061,11996,servico_indisponivel,err_maintenance,,False,1
684,97063,11996,timeout,err_gateway_timeout_504,66,True,1
685,97155,12011,erro_interno,err_unexpected,,False,1
686,97293,12026,timeout,err_gateway_timeout_504,,False,1
687,97377,12038,servico_indisponivel,err_service_503,,False,1
688,97481,12052,timeout,err_gateway_timeout_504,14,True,1
689,97650,12074,erro_interno,err_unexpected,,False,1
690,97899,12104,erro_interno,err_internal_500,,False,1
691,98111,12131,timeout,err_timeout_408,,False,1
692,98195,12141,falha_autenticacao,err_credentials_invalid,13,True,1
693,98200,12141,timeout,err_timeout_408,,False,1
694,98216,12141,erro_interno,err_unexpected,,False,1
695,98286,12152,timeout,err_gateway_timeout_504,,False,1
696,98342,12159,timeout,err_gateway_timeout_504,14,True,1
697,98343,12159,timeout,err_gateway_timeout_504,,False,2
698,98370,12162,timeout,err_gateway_timeout_504,27,True,1
699,98861,12220,timeout,err_gateway_timeout_504,,False,1
700,98983,12234,falha_autenticacao,err_credentials_invalid,18,True,1
701,99101,12247,timeout,err_gateway_timeout_504,17,True,1
702,99235,12264,timeout,err_timeout_408,,False,1
703,99387,12282,erro_interno,err_unexpected,,False,1
704,99406,12284,timeout,err_timeout_408,,False,1
705,99449,12289,timeout,err_timeout_408,,False,1
706,99466,12291,servico_indisponivel,err_service_503,,False,1
707,99547,12300,falha_autenticacao,err_auth_401,22,True,1
708,99576,12302,erro_interno,err_unexpected,,False,1
709,99619,12307,erro_interno,err_unexpected,,False,1
710,99738,12322,falha_autenticacao,err_auth_401,22,True,1
711,99770,12325,erro_interno,err_unexpected,,False,1
712,99895,12340,timeout,err_timeout_408,,False,1
713,99934,12345,falha_autenticacao,err_auth_401,,False,1
714,100066,12361,erro_interno,err_internal_500,,False,1
715,100096,12365,servico_indisponivel,err_service_503,,False,1
716,100117,12368,falha_autenticacao,err_credentials_invalid,11,True,1
717,100357,12398,erro_interno,err_internal_500,,False,1
718,100455,12409,timeout,err_gateway_timeout_504,16,True,1
719,100456,12409,falha_autenticacao,err_auth_401,,False,2
720,100715,12442,timeout,err_gateway_timeout_504,,False,1
721,100786,12451,timeout,err_gateway_timeout_504,,False,1
722,100873,12462,timeout,err_timeout_408,,False,1
723,101014,12478,falha_autenticacao,err_auth_401,,False,1
724,101030,12480,erro_interno,err_internal_500,38,True,1
725,101178,12499,timeout,err_gateway_timeout_504,,False,1
726,101207,12504,timeout,err_timeout_408,15,True,1
727,101489,12535,timeout,err_timeout_408,,False,1
728,101599,12548,falha_autenticacao,err_credentials_invalid,,False,1
729,102186,12619,timeout,err_timeout_408,34,True,1
730,102203,12621,timeout,err_timeout_408,,False,1
731,102411,12652,erro_interno,err_unexpected,,False,1
732,102650,12680,timeout,err_timeout_408,,False,1
733,102710,12688,timeout,err_gateway_timeout_504,,False,1
734,102715,12688,timeout,err_timeout_408,49,True,1
735,102889,12709,erro_interno,err_unexpected,,False,1
736,103408,12770,timeout,err_timeout_408,,False,1
737,103431,12772,falha_autenticacao,err_credentials_invalid,,False,1
738,103463,12776,erro_interno,err_internal_500,,False,1
739,103542,12787,timeout,err_timeout_408,,False,1
740,103734,12809,falha_autenticacao,err_credentials_invalid,,False,1
741,103906,12831,timeout,err_gateway_timeout_504,,False,1
742,103927,12834,erro_interno,err_internal_500,,False,1
743,103942,12837,timeout,err_timeout_408,,False,1
744,103972,12841,erro_interno,err_internal_500,,False,1
745,104083,12856,falha_autenticacao,err_auth_401,,False,1
746,104441,12903,erro_interno,err_internal_500,,False,1
747,104558,12915,erro_interno,err_unexpected,48,True,1
748,104598,12920,falha_autenticacao,err_credentials_invalid,,False,1
749,104607,12921,erro_interno,err_internal_500,,False,1
750,104962,12964,timeout,err_gateway_timeout_504,,False,1
751,105257,13000,falha_autenticacao,err_credentials_invalid,17,True,1
752,105540,13034,servico_indisponivel,err_maintenance,,False,1
753,105901,13077,timeout,err_timeout_408,43,True,1
754,106166,13109,timeout,err_timeout_408,29,True,1
755,106280,13124,falha_autenticacao,err_credentials_invalid,16,True,1
756,106676,13169,timeout,err_gateway_timeout_504,,False,1
757,106698,13171,erro_interno,err_internal_500,,False,1
758,106720,13175,timeout,err_timeout_408,,False,1
759,106809,13186,falha_autenticacao,err_credentials_invalid,,False,1
760,106905,13200,timeout,err_gateway_timeout_504,32,True,1
761,106973,13209,timeout,err_gateway_timeout_504,,False,1
762,107021,13215,falha_autenticacao,err_credentials_invalid,,False,1
763,107848,13314,timeout,err_gateway_timeout_504,,False,1
764,107892,13319,timeout,err_timeout_408,,False,1
765,107963,13330,falha_autenticacao,err_credentials_invalid,,False,1
766,108395,13383,timeout,err_gateway_timeout_504,13,True,1
767,108469,13392,conexao_interrompida,err_connection_lost,,False,1
768,108571,13404,erro_interno,err_internal_500,,False,1
769,108584,13406,timeout,err_timeout_408,,False,1
770,108690,13418,timeout,err_gateway_timeout_504,,False,1
771,109224,13478,timeout,err_gateway_timeout_504,,False,1
772,109252,13482,timeout,err_gateway_timeout_504,18,True,1
773,109262,13482,erro_interno,err_unexpected,10,True,1
774,109345,13493,falha_autenticacao,err_credentials_invalid,,False,1
775,109568,13522,falha_autenticacao,err_auth_401,,False,1
776,109720,13544,timeout,err_timeout_408,,False,1
777,110080,13590,timeout,err_timeout_408,,False,1
778,110105,13593,timeout,err_gateway_timeout_504,,False,1
779,110201,13602,erro_interno,err_internal_500,57,True,1
780,110341,13617,timeout,err_timeout_408,,False,1
781,110394,13624,timeout,err_timeout_408,12,True,1
782,110406,13625,erro_interno,err_internal_500,,False,1
783,110409,13625,servico_indisponivel,err_service_503,64,True,1
784,110452,13632,erro_interno,err_unexpected,,False,1
785,110608,13651,timeout,err_gateway_timeout_504,34,True,1
786,110696,13660,erro_interno,err_unexpected,,False,1
787,110785,13673,falha_autenticacao,err_credentials_invalid,16,True,1
788,111274,13735,timeout,err_timeout_408,17,True,1
789,111526,13768,servico_indisponivel,err_service_503,,False,1
790,111662,13784,timeout,err_timeout_408,,False,1
791,112032,13830,falha_autenticacao,err_auth_401,19,True,1
792,112571,13890,timeout,err_timeout_408,42,True,1
793,112628,13896,falha_autenticacao,err_credentials_invalid,22,True,1
794,112645,13898,timeout,err_gateway_timeout_504,,False,1
795,112690,13905,timeout,err_gateway_timeout_504,,False,1
796,112891,13930,timeout,err_gateway_timeout_504,14,True,1
797,113292,13980,timeout,err_timeout_408,49,True,1
798,113611,14022,timeout,err_gateway_timeout_504,19,True,1
799,113936,14063,erro_interno,err_internal_500,,False,1
800,114001,14071,timeout,err_timeout_408,49,True,1
801,114085,14082,timeout,err_gateway_timeout_504,59,True,1
802,114171,14091,timeout,err_gateway_timeout_504,19,True,1
803,114256,14103,timeout,err_timeout_408,74,True,1
804,114428,14125,erro_interno,err_unexpected,,False,1
805,114600,14148,servico_indisponivel,err_maintenance,,False,1
806,114646,14154,timeout,err_timeout_408,,False,1
807,114820,14174,timeout,err_gateway_timeout_504,50,True,1
808,114906,14185,timeout,err_gateway_timeout_504,,False,1
809,115028,14199,erro_interno,err_unexpected,45,True,1
810,115134,14212,timeout,err_gateway_timeout_504,,False,1
811,115372,14240,timeout,err_gateway_timeout_504,,False,1
812,115490,14256,timeout,err_gateway_timeout_504,,False,1
813,115653,14275,timeout,err_timeout_408,12,True,1
814,115769,14288,timeout,err_timeout_408,,False,1
815,115823,14296,timeout,err_timeout_408,56,True,1
816,116152,14338,timeout,err_gateway_timeout_504,42,True,1
817,116411,14368,erro_interno,err_internal_500,,False,1
818,116434,14371,timeout,err_timeout_408,,False,1
819,116520,14381,erro_interno,err_internal_500,,False,1
820,116694,14400,timeout,err_gateway_timeout_504,35,True,1
821,116767,14408,timeout,err_timeout_408,,False,1
822,116855,14418,timeout,err_timeout_408,,False,1
823,116948,14430,timeout,err_timeout_408,15,True,1
824,117088,14447,timeout,err_timeout_408,32,True,1
825,117188,14459,erro_interno,err_internal_500,,False,1
826,117263,14468,erro_interno,err_unexpected,68,True,1
827,117340,14478,timeout,err_gateway_timeout_504,,False,1
828,117430,14489,erro_interno,err_internal_500,7,True,1
829,117680,14521,timeout,err_timeout_408,,False,1
830,117720,14527,timeout,err_timeout_408,,False,1
831,117732,14529,timeout,err_timeout_408,14,True,1
832,118055,14567,timeout,err_gateway_timeout_504,,False,1
833,118148,14578,erro_interno,err_unexpected,,False,1
834,118230,14589,timeout,err_gateway_timeout_504,,False,1
835,118520,14627,timeout,err_gateway_timeout_504,,False,1
836,118534,14628,erro_interno,err_unexpected,,False,1
837,118542,14629,erro_interno,err_unexpected,78,True,1
838,118587,14635,timeout,err_gateway_timeout_504,,False,1
839,118713,14651,timeout,err_gateway_timeout_504,37,True,1
840,118895,14674,falha_autenticacao,err_credentials_invalid,,False,1
841,119114,14703,timeout,err_timeout_408,18,True,1
842,119153,14707,erro_interno,err_unexpected,44,True,1
843,119177,14710,timeout,err_gateway_timeout_504,,False,1
844,119263,14720,erro_interno,err_internal_500,,False,1
845,119316,14727,timeout,err_timeout_408,,False,1
846,119571,14756,timeout,err_gateway_timeout_504,36,True,1
847,119692,14770,falha_autenticacao,err_credentials_invalid,,False,1
848,119771,14780,erro_interno,err_internal_500,,False,1
849,119776,14780,erro_interno,err_unexpected,,False,1
850,119805,14783,timeout,err_timeout_408,,False,1
851,119819,14784,timeout,err_timeout_408,,False,1
852,119848,14787,timeout,err_gateway_timeout_504,48,True,1
853,119875,14791,falha_autenticacao,err_auth_401,,False,1
854,120139,14825,timeout,err_timeout_408,,False,1
855,120228,14834,erro_interno,err_internal_500,61,True,1
856,120268,14839,timeout,err_gateway_timeout_504,,False,1
857,120334,14849,falha_autenticacao,err_credentials_invalid,,False,1
858,120418,14861,servico_indisponivel,err_maintenance,,False,1
859,120470,14866,timeout,err_timeout_408,,False,1
860,120565,14878,timeout,err_gateway_timeout_504,,False,1
861,120622,14887,erro_interno,err_internal_500,,False,1
862,120668,14892,timeout,err_gateway_timeout_504,,False,1
863,120669,14893,falha_autenticacao,err_auth_401,14,True,1
864,120921,14926,servico_indisponivel,err_service_503,,False,1
865,121017,14938,falha_autenticacao,err_credentials_invalid,,False,1
866,121338,14979,timeout,err_timeout_408,61,True,1
867,121370,14984,erro_interno,err_internal_500,,False,1
868,121515,15003,falha_autenticacao,err_auth_401,32,True,1
869,121638,15017,timeout,err_timeout_408,42,True,1
870,121749,15029,falha_autenticacao,err_auth_401,,False,1
871,121975,15055,timeout,err_timeout_408,,False,1
872,122154,15076,timeout,err_gateway_timeout_504,28,True,1
873,122612,15133,timeout,err_timeout_408,,False,1
874,122646,15137,timeout,err_timeout_408,,False,1
875,123036,15187,timeout,err_gateway_timeout_504,,False,1
876,123130,15199,timeout,err_timeout_408,,False,1
877,123204,15208,servico_indisponivel,err_service_503,59,True,1
878,123207,15208,timeout,err_timeout_408,,False,1
879,123220,15211,timeout,err_gateway_timeout_504,72,True,1
880,123241,15213,falha_autenticacao,err_auth_401,15,True,1
881,123280,15217,timeout,err_timeout_408,43,True,1
882,123354,15226,servico_indisponivel,err_service_503,,False,1
883,123408,15232,falha_autenticacao,err_credentials_invalid,,False,1
884,123548,15249,timeout,err_timeout_408,,False,1
885,123556,15250,servico_indisponivel,err_service_503,,False,1
886,123671,15264,timeout,err_timeout_408,,False,1
887,123859,15290,timeout,err_timeout_408,,False,1
888,124279,15345,timeout,err_gateway_timeout_504,8,True,1
889,124314,15349,timeout,err_gateway_timeout_504,8,True,1
890,124451,15365,timeout,err_timeout_408,,False,1
891,124463,15367,timeout,err_timeout_408,30,True,1
892,124547,15378,timeout,err_timeout_408,,False,1
893,124663,15393,timeout,err_timeout_408,,False,1
894,124796,15410,erro_interno,err_internal_500,,False,1
895,125100,15446,timeout,err_timeout_408,7,True,1
896,125879,15545,erro_interno,err_unexpected,,False,1
897,125909,15548,timeout,err_timeout_408,,False,1
898,126125,15574,timeout,err_gateway_timeout_504,,False,1
899,126432,15613,timeout,err_timeout_408,,False,1
900,126456,15615,timeout,err_timeout_408,,False,1
901,126536,15623,falha_autenticacao,err_credentials_invalid,,False,1
902,126728,15651,timeout,err_timeout_408,,False,1
903,126737,15652,falha_autenticacao,err_credentials_invalid,13,True,1
904,126754,15654,erro_interno,err_unexpected,,False,1
905,126781,15658,timeout,err_gateway_timeout_504,14,True,1
906,126885,15671,timeout,err_timeout_408,,False,1
907,126944,15678,erro_interno,err_internal_500,,False,1
908,127010,15686,erro_interno,err_unexpected,,False,1
909,127230,15716,timeout,err_gateway_timeout_504,,False,1
910,127558,15754,erro_interno,err_internal_500,,False,1
911,127604,15760,timeout,err_gateway_timeout_504,,False,1
912,127640,15766,falha_autenticacao,err_auth_401,10,True,1
913,127950,15803,erro_interno,err_unexpected,,False,1
914,128326,15849,timeout,err_timeout_408,,False,1
915,128559,15878,erro_interno,err_unexpected,28,True,1
916,128675,15891,falha_autenticacao,err_credentials_invalid,17,True,1
917,128834,15912,erro_interno,err_unexpected,,False,1
918,128953,15926,erro_interno,err_internal_500,46,True,1
919,128957,15927,timeout,err_timeout_408,,False,1
920,129219,15959,erro_interno,err_internal_500,70,True,1
921,129276,15967,timeout,err_gateway_timeout_504,,False,1
922,129446,15989,timeout,err_gateway_timeout_504,,False,1
923,129505,15996,timeout,err_gateway_timeout_504,18,True,1
924,129689,16021,timeout,err_gateway_timeout_504,,False,1
925,129794,16034,timeout,err_gateway_timeout_504,28,True,1
926,129890,16045,timeout,err_timeout_408,,False,1
927,130105,16072,servico_indisponivel,err_maintenance,,False,1
928,130110,16072,erro_interno,err_unexpected,,False,1
929,130163,16079,falha_autenticacao,err_auth_401,20,True,1
930,130183,16082,falha_autenticacao,err_credentials_invalid,,False,1
931,130820,16157,timeout,err_timeout_408,15,True,1
932,131026,16183,erro_interno,err_unexpected,,False,1
933,131070,16188,erro_interno,err_internal_500,51,True,1
934,131659,16260,servico_indisponivel,err_service_503,,False,1
935,131891,16287,falha_autenticacao,err_credentials_invalid,14,True,1
936,132028,16301,timeout,err_gateway_timeout_504,,False,1
937,132100,16309,timeout,err_timeout_408,,False,1
938,132361,16343,falha_autenticacao,err_credentials_invalid,,False,1
939,132362,16344,timeout,err_timeout_408,25,True,1
940,132374,16345,timeout,err_timeout_408,,False,1
941,132420,16351,erro_interno,err_internal_500,54,True,1
942,132550,16364,erro_interno,err_internal_500,,False,1
943,132558,16365,erro_interno,err_internal_500,,False,1
944,133190,16446,servico_indisponivel,err_service_503,38,True,1
945,133276,16458,erro_interno,err_unexpected,,False,1
946,133392,16471,timeout,err_gateway_timeout_504,53,True,1
947,133422,16476,falha_autenticacao,err_auth_401,,False,1
948,133479,16483,timeout,err_timeout_408,47,True,1
949,133509,16486,timeout,err_gateway_timeout_504,,False,1
950,133792,16519,timeout,err_gateway_timeout_504,,False,1
951,134073,16554,timeout,err_timeout_408,,False,1
952,134791,16642,erro_interno,err_internal_500,,False,1
953,135059,16672,timeout,err_timeout_408,58,True,1
954,135117,16681,erro_interno,err_internal_500,,False,1
955,135157,16686,timeout,err_timeout_408,,False,1
956,135262,16699,timeout,err_timeout_408,,False,1
957,135379,16714,erro_interno,err_unexpected,16,True,1
958,135433,16722,timeout,err_gateway_timeout_504,20,True,1
959,135564,16738,timeout,err_gateway_timeout_504,,False,1
960,135625,16747,falha_autenticacao,err_credentials_invalid,,False,1
961,135894,16780,erro_interno,err_internal_500,35,True,1
962,135980,16791,timeout,err_timeout_408,31,True,1
963,136127,16809,falha_autenticacao,err_credentials_invalid,11,True,1
964,136278,16829,timeout,err_timeout_408,,False,1
965,136292,16831,falha_autenticacao,err_credentials_invalid,,False,1
966,136311,16834,timeout,err_timeout_408,,False,1
967,136542,16863,servico_indisponivel,err_service_503,,False,1
968,136543,16863,timeout,err_gateway_timeout_504,,False,2
969,136641,16875,timeout,err_timeout_408,,False,1
970,136723,16887,timeout,err_timeout_408,,False,1
971,136777,16895,timeout,err_timeout_408,13,True,1
972,137117,16939,erro_interno,err_unexpected,,False,1
973,137236,16951,timeout,err_gateway_timeout_504,,False,1
974,137311,16964,timeout,err_timeout_408,,False,1
975,137379,16973,timeout,err_timeout_408,,False,1
976,137550,16991,timeout,err_timeout_408,,False,1
977,137570,16995,falha_autenticacao,err_auth_401,12,True,1
978,137804,17022,timeout,err_timeout_408,,False,1
979,137849,17028,timeout,err_timeout_408,11,True,1
980,138288,17082,timeout,err_gateway_timeout_504,,False,1
981,138296,17084,timeout,err_gateway_timeout_504,13,True,1
982,138441,17100,erro_interno,err_internal_500,,False,1
983,138506,17110,timeout,err_gateway_timeout_504,21,True,1
984,138686,17133,timeout,err_gateway_timeout_504,27,True,1
985,138878,17158,erro_interno,err_unexpected,,False,1
986,138892,17160,timeout,err_timeout_408,,False,1
987,139038,17177,timeout,err_gateway_timeout_504,,False,1
988,139349,17212,erro_interno,err_internal_500,,False,1
989,139356,17212,servico_indisponivel,err_maintenance,,False,1
990,139632,17243,timeout,err_timeout_408,59,True,1
991,139816,17266,timeout,err_timeout_408,,False,1
992,140129,17304,timeout,err_gateway_timeout_504,,False,1
993,140179,17312,timeout,err_timeout_408,,False,1
994,140295,17327,timeout,err_timeout_408,,False,1
995,140400,17342,erro_interno,err_unexpected,,False,1
996,140534,17360,erro_interno,err_unexpected,51,True,1
997,140560,17363,timeout,err_timeout_408,23,True,1
998,141322,17456,timeout,err_gateway_timeout_504,,False,1
999,141494,17476,servico_indisponivel,err_service_503,,False,1
1000,141628,17493,timeout,err_timeout_408,,False,1
1001,141648,17495,timeout,err_gateway_timeout_504,10,True,1
1002,142045,17539,timeout,err_gateway_timeout_504,,False,1
1003,142876,17642,erro_interno,err_internal_500,29,True,1
1004,143007,17660,timeout,err_gateway_timeout_504,,False,1
1005,143045,17664,timeout,err_timeout_408,,False,1
1006,143158,17681,timeout,err_gateway_timeout_504,,False,1
1007,143178,17684,timeout,err_timeout_408,43,True,1
1008,143225,17690,timeout,err_gateway_timeout_504,17,True,1
1009,143395,17707,timeout,err_timeout_408,,False,1
1010,143591,17729,falha_autenticacao,err_credentials_invalid,,False,1
1011,143642,17736,timeout,err_timeout_408,,False,1
1012,143676,17741,erro_interno,err_unexpected,,False,1
1013,143698,17744,timeout,err_gateway_timeout_504,,False,1
1014,144298,17816,erro_interno,err_internal_500,,False,1
1015,144437,17833,timeout,err_gateway_timeout_504,,False,1
1016,144488,17840,timeout,err_timeout_408,,False,1
1017,144763,17875,erro_interno,err_unexpected,,False,1
1018,144792,17879,timeout,err_gateway_timeout_504,,False,1
1019,144809,17882,servico_indisponivel,err_service_503,,False,1
1020,144812,17883,timeout,err_timeout_408,,False,1
1021,144859,17890,timeout,err_gateway_timeout_504,15,True,1
1022,145188,17928,timeout,err_gateway_timeout_504,65,True,1
1023,145282,17941,erro_interno,err_internal_500,,False,1
1024,145423,17956,servico_indisponivel,err_maintenance,,False,1
1025,145578,17978,erro_interno,err_unexpected,69,True,1
1026,145808,18005,timeout,err_timeout_408,,False,1
1027,145840,18011,timeout,err_gateway_timeout_504,,False,1
1028,145986,18027,timeout,err_gateway_timeout_504,,False,1
1029,146007,18030,erro_interno,err_unexpected,,False,1
1030,146157,18050,erro_interno,err_unexpected,,False,1
1031,146172,18053,timeout,err_timeout_408,,False,1
1032,146447,18088,falha_autenticacao,err_auth_401,,False,1
1033,146696,18125,timeout,err_timeout_408,,False,1
1034,146706,18127,timeout,err_timeout_408,,False,1
1035,147187,18190,timeout,err_timeout_408,,False,1
1036,147231,18195,timeout,err_timeout_408,,False,1
1037,147621,18244,timeout,err_gateway_timeout_504,,False,1
1038,147699,18254,falha_autenticacao,err_credentials_invalid,19,True,1
1039,147762,18262,servico_indisponivel,err_service_503,,False,1
1040,147955,18291,timeout,err_timeout_408,14,True,1
1041,148095,18306,timeout,err_gateway_timeout_504,,False,1
1042,148465,18350,falha_autenticacao,err_credentials_invalid,,False,1
1043,148786,18392,servico_indisponivel,err_maintenance,,False,1
1044,149067,18429,timeout,err_timeout_408,,False,1
1045,149170,18440,timeout,err_gateway_timeout_504,,False,1
1046,149281,18455,falha_autenticacao,err_credentials_invalid,,False,1
1047,149521,18483,falha_autenticacao,err_credentials_invalid,10,True,1
1048,149552,18487,falha_autenticacao,err_credentials_invalid,,False,1
1049,149593,18492,erro_interno,err_unexpected,29,True,1
1050,149614,18494,timeout,err_timeout_408,,False,1
1051,149720,18505,erro_interno,err_unexpected,,False,1
1052,149744,18508,erro_interno,err_internal_500,,False,1
1053,149927,18533,timeout,err_timeout_408,,False,1
1054,149944,18535,timeout,err_timeout_408,,False,1
1055,150174,18564,erro_interno,err_internal_500,,False,1
1056,150194,18568,falha_autenticacao,err_credentials_invalid,16,True,1
1057,150534,18608,erro_interno,err_unexpected,7,True,1
1058,150585,18613,timeout,err_timeout_408,78,True,1
1059,150902,18651,timeout,err_timeout_408,,False,1
1060,150933,18654,servico_indisponivel,err_maintenance,,False,1
1061,150947,18656,falha_autenticacao,err_auth_401,,False,1
1062,151012,18665,erro_interno,err_unexpected,,False,1
1063,151109,18678,timeout,err_timeout_408,,False,1
1064,151651,18739,timeout,err_gateway_timeout_504,,False,1
1065,151765,18753,erro_interno,err_internal_500,45,True,1
1066,151819,18760,timeout,err_gateway_timeout_504,13,True,1
1067,151839,18761,erro_interno,err_unexpected,,False,1
1068,151930,18772,erro_interno,err_unexpected,,False,1
1069,151950,18776,timeout,err_gateway_timeout_504,13,True,1
1070,152106,18793,erro_interno,err_unexpected,,False,1
1071,152154,18799,falha_autenticacao,err_credentials_invalid,,False,1
1072,152202,18806,timeout,err_timeout_408,,False,1
1073,152216,18808,timeout,err_timeout_408,87,True,1
1074,152353,18828,erro_interno,err_unexpected,,False,1
1075,152436,18839,timeout,err_timeout_408,,False,1
1076,152727,18878,falha_autenticacao,err_auth_401,,False,1
1077,153049,18922,timeout,err_gateway_timeout_504,,False,1
1078,153248,18949,timeout,err_gateway_timeout_504,,False,1
1079,153335,18960,timeout,err_timeout_408,,False,1
1080,153431,18971,timeout,err_gateway_timeout_504,,False,1
1081,153703,19005,falha_autenticacao,err_auth_401,,False,1
1082,153752,19012,timeout,err_gateway_timeout_504,9,True,1
1083,153775,19014,timeout,err_gateway_timeout_504,14,True,1
1084,154022,19044,timeout,err_gateway_timeout_504,,False,1
1085,154150,19062,timeout,err_gateway_timeout_504,,False,1
1086,154304,19082,erro_interno,err_unexpected,,False,1
1087,154747,19134,erro_interno,err_internal_500,,False,1
1088,154759,19136,timeout,err_gateway_timeout_504,,False,1
1089,154813,19142,servico_indisponivel,err_service_503,,False,1
1090,154992,19161,timeout,err_timeout_408,,False,1
1091,155083,19174,timeout,err_gateway_timeout_504,34,True,1
1092,155452,19222,timeout,err_timeout_408,,False,1
1093,155506,19228,servico_indisponivel,err_service_503,,False,1
1094,155563,19234,timeout,err_gateway_timeout_504,64,True,1
1095,155698,19251,erro_interno,err_unexpected,,False,1
1096,155770,19258,erro_interno,err_internal_500,,False,1
1097,155810,19263,servico_indisponivel,err_service_503,,False,1
1098,155836,19267,falha_autenticacao,err_credentials_invalid,21,True,1
1099,156220,19312,erro_interno,err_unexpected,33,True,1
1100,156431,19340,timeout,err_gateway_timeout_504,,False,1
1101,156515,19350,erro_interno,err_internal_500,,False,1
1102,156718,19377,erro_interno,err_internal_500,20,True,1
1103,156830,19392,erro_interno,err_internal_500,,False,1
1104,156940,19405,timeout,err_timeout_408,,False,1
1105,157044,19419,timeout,err_timeout_408,9,True,1
1106,157113,19427,timeout,err_timeout_408,,False,1
1107,157351,19457,servico_indisponivel,err_maintenance,,False,1
1108,157410,19464,erro_interno,err_internal_500,,False,1
1109,157564,19481,falha_autenticacao,err_credentials_invalid,,False,1
1110,157686,19495,erro_interno,err_unexpected,,False,1
1111,157718,19499,timeout,err_gateway_timeout_504,14,True,1
1112,157781,19505,erro_interno,err_unexpected,,False,1
1113,158048,19535,timeout,err_gateway_timeout_504,,False,1
1114,158103,19542,timeout,err_gateway_timeout_504,,False,1
1115,158662,19611,falha_autenticacao,err_credentials_invalid,15,True,1
1116,158798,19626,timeout,err_gateway_timeout_504,,False,1
1117,158897,19639,timeout,err_gateway_timeout_504,,False,1
1118,158952,19644,timeout,err_timeout_408,,False,1
1119,159056,19656,timeout,err_timeout_408,,False,1
1120,159066,19658,timeout,err_gateway_timeout_504,,False,1
1121,159137,19669,timeout,err_gateway_timeout_504,,False,1
1122,159391,19699,timeout,err_gateway_timeout_504,,False,1
1123,159933,19766,timeout,err_gateway_timeout_504,,False,1
1124,160003,19776,erro_interno,err_unexpected,,False,1
1125,160053,19783,timeout,err_gateway_timeout_504,,False,1
1126,160074,19785,servico_indisponivel,err_service_503,,False,1
1127,160408,19831,falha_autenticacao,err_auth_401,,False,1
1128,160415,19832,erro_interno,err_unexpected,,False,1
1129,160422,19833,servico_indisponivel,err_service_503,,False,1
1130,160527,19845,timeout,err_gateway_timeout_504,,False,1
1131,160566,19850,erro_interno,err_internal_500,41,True,1
1132,160696,19867,servico_indisponivel,err_maintenance,,False,1
1133,160719,19869,timeout,err_gateway_timeout_504,,False,1
1134,160847,19884,erro_interno,err_internal_500,,False,1
1135,160971,19901,erro_interno,err_internal_500,,False,1
1136,161011,19907,timeout,err_timeout_408,21,True,1
1137,161024,19909,timeout,err_gateway_timeout_504,,False,1
1138,161167,19928,timeout,err_timeout_408,14,True,1
1139,161178,19930,timeout,err_gateway_timeout_504,,False,1
1140,161889,20017,erro_interno,err_internal_500,,False,1
1141,162064,20038,falha_autenticacao,err_auth_401,,False,1
1142,162101,20045,falha_autenticacao,err_auth_401,17,True,1
1143,162409,20086,falha_autenticacao,err_credentials_invalid,14,True,1
1144,162500,20098,falha_autenticacao,err_auth_401,13,True,1
1145,162978,20159,servico_indisponivel,err_service_503,10,True,1
1146,163240,20188,erro_interno,err_unexpected,,False,1
1147,163265,20191,erro_interno,err_internal_500,,False,1
1148,163322,20200,timeout,err_gateway_timeout_504,35,True,1
1149,164260,20317,falha_autenticacao,err_credentials_invalid,17,True,1
1150,164455,20339,timeout,err_timeout_408,,False,1
1151,164788,20378,timeout,err_timeout_408,66,True,1
1152,164877,20388,timeout,err_gateway_timeout_504,21,True,1
1153,164937,20395,timeout,err_gateway_timeout_504,,False,1
1154,165041,20410,erro_interno,err_unexpected,,False,1
1155,165828,20506,timeout,err_timeout_408,68,True,1
1156,165845,20508,timeout,err_timeout_408,,False,1
1157,165848,20509,timeout,err_timeout_408,,False,1
1158,165942,20523,timeout,err_gateway_timeout_504,,False,1
1159,166056,20536,erro_interno,err_internal_500,,False,1
1160,166293,20566,erro_interno,err_internal_500,25,True,1
1161,166368,20576,falha_autenticacao,err_credentials_invalid,,False,1
1162,166864,20637,servico_indisponivel,err_maintenance,,False,1
1163,166940,20647,falha_autenticacao,err_credentials_invalid,26,True,1
1164,167073,20663,erro_interno,err_internal_500,,False,1
1165,167250,20687,timeout,err_timeout_408,,False,1
1166,167450,20713,timeout,err_gateway_timeout_504,45,True,1
1167,167451,20713,timeout,err_timeout_408,,False,2
1168,167567,20726,falha_autenticacao,err_auth_401,,False,1
1169,167747,20750,falha_autenticacao,err_auth_401,,False,1
1170,167840,20762,falha_autenticacao,err_auth_401,,False,1
1171,167852,20764,erro_interno,err_unexpected,,False,1
1172,167905,20771,timeout,err_timeout_408,33,True,1
1173,168035,20788,erro_interno,err_unexpected,23,True,1
1174,168200,20806,falha_autenticacao,err_auth_401,,False,1
1175,168518,20843,servico_indisponivel,err_service_503,33,True,1
1176,168625,20857,servico_indisponivel,err_service_503,,False,1
1177,168717,20869,erro_interno,err_unexpected,,False,1
1178,168743,20873,erro_interno,err_unexpected,16,True,1
1179,168772,20877,timeout,err_timeout_408,,False,1
1180,168987,20904,erro_interno,err_unexpected,,False,1
1181,169115,20920,servico_indisponivel,err_service_503,,False,1
1182,169472,20963,falha_autenticacao,err_credentials_invalid,25,True,1
1183,169473,20963,timeout,err_gateway_timeout_504,,False,2
1184,169474,20963,timeout,err_timeout_408,,False,3
1185,169475,20964,timeout,err_timeout_408,,False,1
1186,169484,20965,timeout,err_timeout_408,,False,1
1187,169517,20970,timeout,err_timeout_408,,False,1
1188,169822,21014,timeout,err_timeout_408,12,True,1
1189,170078,21041,timeout,err_timeout_408,,False,1
1190,170191,21053,timeout,err_gateway_timeout_504,,False,1
1191,170358,21073,erro_interno,err_unexpected,15,True,1
1192,170545,21098,timeout,err_gateway_timeout_504,,False,1
1193,170642,21111,erro_interno,err_internal_500,,False,1
1194,170724,21120,timeout,err_gateway_timeout_504,,False,1
1195,170792,21130,timeout,err_timeout_408,,False,1
1196,171004,21156,timeout,err_timeout_408,,False,1
1197,171060,21162,erro_interno,err_internal_500,,False,1
1198,171266,21186,timeout,err_gateway_timeout_504,,False,1
1199,171283,21189,erro_interno,err_unexpected,,False,1
1200,171348,21198,timeout,err_gateway_timeout_504,,False,1
1201,171471,21215,falha_autenticacao,err_credentials_invalid,14,True,1
1202,171677,21240,timeout,err_timeout_408,12,True,1
1203,171689,21241,timeout,err_timeout_408,77,True,1
1204,171839,21260,falha_autenticacao,err_credentials_invalid,,False,1
1205,171840,21260,falha_autenticacao,err_auth_401,,False,2
1206,171930,21270,timeout,err_gateway_timeout_504,,False,1
1207,171963,21273,timeout,err_timeout_408,27,True,1
1208,172093,21286,timeout,err_gateway_timeout_504,48,True,1
1209,172170,21296,timeout,err_gateway_timeout_504,,False,1
1210,172191,21299,conexao_interrompida,err_connection_lost,,False,1
1211,172588,21347,falha_autenticacao,err_credentials_invalid,,False,1
1212,172716,21364,servico_indisponivel,err_service_503,,False,1
1213,172729,21367,conexao_interrompida,err_network_unreachable,,False,1
1214,172872,21382,timeout,err_timeout_408,,False,1
1215,173018,21401,timeout,err_gateway_timeout_504,24,True,1
1216,173080,21408,timeout,err_timeout_408,,False,1
1217,173111,21413,timeout,err_gateway_timeout_504,10,True,1
1218,173224,21427,erro_interno,err_unexpected,,False,1
1219,173516,21465,erro_interno,err_unexpected,,False,1
1220,173764,21497,timeout,err_timeout_408,15,True,1
1221,173940,21518,timeout,err_timeout_408,,False,1
1222,174084,21538,erro_interno,err_internal_500,,False,1
1223,174131,21545,erro_interno,err_unexpected,,False,1
1224,174216,21555,timeout,err_gateway_timeout_504,,False,1
1225,174368,21573,timeout,err_gateway_timeout_504,64,True,1
1226,174406,21578,falha_autenticacao,err_credentials_invalid,,False,1
1227,174411,21579,erro_interno,err_internal_500,,False,1
1228,174447,21585,falha_autenticacao,err_auth_401,,False,1
1229,174454,21586,timeout,err_gateway_timeout_504,,False,1
1230,174623,21605,falha_autenticacao,err_auth_401,,False,1
1231,174695,21612,timeout,err_timeout_408,,False,1
1232,175078,21660,timeout,err_timeout_408,,False,1
1233,175314,21690,servico_indisponivel,err_service_503,,False,1
1234,175366,21698,timeout,err_gateway_timeout_504,,False,1
1235,175393,21703,timeout,err_timeout_408,,False,1
1236,175770,21750,erro_interno,err_internal_500,51,True,1
1237,176003,21776,timeout,err_timeout_408,,False,1
1238,176044,21781,timeout,err_timeout_408,38,True,1
1239,176121,21789,timeout,err_timeout_408,,False,1
1240,176469,21831,timeout,err_timeout_408,,False,1
1241,176544,21840,timeout,err_timeout_408,115,True,1
1242,176556,21841,erro_interno,err_unexpected,,False,1
1243,176603,21850,timeout,err_timeout_408,,False,1
1244,176898,21885,falha_autenticacao,err_auth_401,,False,1
1245,176935,21890,timeout,err_timeout_408,,False,1
1246,177069,21908,timeout,err_timeout_408,,False,1
1247,177309,21936,timeout,err_gateway_timeout_504,47,True,1
1248,177576,21966,servico_indisponivel,err_service_503,,False,1
1249,177870,22004,timeout,err_gateway_timeout_504,,False,1
1250,178140,22038,timeout,err_gateway_timeout_504,24,True,1
1251,178163,22040,servico_indisponivel,err_service_503,,False,1
1252,178281,22053,timeout,err_gateway_timeout_504,,False,1
1253,178405,22071,falha_autenticacao,err_credentials_invalid,,False,1
1254,178465,22079,timeout,err_timeout_408,,False,1
1255,178466,22080,timeout,err_gateway_timeout_504,,False,1
1256,178535,22088,erro_interno,err_unexpected,,False,1
1257,178561,22090,timeout,err_timeout_408,,False,1
1258,178707,22106,timeout,err_timeout_408,,False,1
1259,178718,22107,servico_indisponivel,err_maintenance,,False,1
1260,178979,22142,falha_autenticacao,err_credentials_invalid,,False,1
1261,179014,22147,timeout,err_timeout_408,29,True,1
1262,179054,22150,erro_interno,err_unexpected,52,True,1
1263,179064,22151,erro_interno,err_internal_500,,False,1
1264,179085,22154,timeout,err_gateway_timeout_504,17,True,1
1265,179216,22170,erro_interno,err_unexpected,,False,1
1266,179254,22175,servico_indisponivel,err_service_503,,False,1
1267,179308,22185,falha_autenticacao,err_auth_401,,False,1
1268,179406,22197,timeout,err_gateway_timeout_504,,False,1
1269,179498,22207,erro_interno,err_internal_500,,False,1
1270,179853,22251,falha_autenticacao,err_credentials_invalid,,False,1
1271,180137,22289,falha_autenticacao,err_auth_401,,False,1
1272,180200,22299,erro_interno,err_unexpected,,False,1
1273,180404,22328,timeout,err_timeout_408,,False,1
1274,180415,22331,falha_autenticacao,err_auth_401,19,True,1
1275,180789,22370,erro_interno,err_internal_500,46,True,1
1276,180795,22371,timeout,err_gateway_timeout_504,30,True,1
1277,180842,22377,erro_interno,err_internal_500,46,True,1
1278,180845,22377,erro_interno,err_unexpected,,False,1
1279,180848,22378,timeout,err_gateway_timeout_504,,False,1
1280,181046,22401,erro_interno,err_internal_500,6,True,1
1281,181057,22402,erro_interno,err_unexpected,,False,1
1282,181161,22413,erro_interno,err_unexpected,8,True,1
1283,181436,22446,timeout,err_gateway_timeout_504,,False,1
1284,181482,22452,erro_interno,err_unexpected,56,True,1
1285,181492,22453,erro_interno,err_internal_500,,False,1
1286,181573,22464,timeout,err_timeout_408,,False,1
1287,181788,22491,falha_autenticacao,err_auth_401,26,True,1
1288,181888,22502,falha_autenticacao,err_credentials_invalid,,False,1
1289,182316,22556,falha_autenticacao,err_auth_401,,False,1
1290,182333,22559,erro_interno,err_unexpected,,False,1
1291,182994,22637,timeout,err_timeout_408,33,True,1
1292,183193,22663,timeout,err_timeout_408,12,True,1
1293,183218,22665,timeout,err_gateway_timeout_504,23,True,1
1294,183502,22700,timeout,err_gateway_timeout_504,,False,1
1295,183564,22708,timeout,err_timeout_408,14,True,1
1296,183619,22714,timeout,err_gateway_timeout_504,,False,1
1297,183760,22731,timeout,err_gateway_timeout_504,,False,1
1298,183764,22732,erro_interno,err_unexpected,,False,1
1299,183879,22748,timeout,err_gateway_timeout_504,20,True,1
1300,183904,22750,timeout,err_gateway_timeout_504,,False,1
1301,183947,22755,timeout,err_timeout_408,41,True,1
1302,183952,22755,timeout,err_timeout_408,,False,1
1303,184041,22766,falha_autenticacao,err_credentials_invalid,,False,1
1304,184272,22795,falha_autenticacao,err_credentials_invalid,,False,1
1305,184326,22805,falha_autenticacao,err_auth_401,9,True,1
1306,184357,22807,timeout,err_timeout_408,,False,1
1307,184408,22816,timeout,err_timeout_408,,False,1
1308,184514,22830,timeout,err_gateway_timeout_504,,False,1
1309,184634,22846,timeout,err_gateway_timeout_504,42,True,1
1310,184773,22862,timeout,err_timeout_408,11,True,1
1311,184822,22868,timeout,err_timeout_408,,False,1
1312,185014,22888,timeout,err_gateway_timeout_504,,False,1
1313,185031,22891,erro_interno,err_internal_500,110,True,1
1314,185750,22975,erro_interno,err_unexpected,,False,1
1315,185781,22978,erro_interno,err_internal_500,80,True,1
1316,185790,22978,timeout,err_timeout_408,,False,1
1317,185988,23002,timeout,err_gateway_timeout_504,,False,1
1318,186045,23009,timeout,err_gateway_timeout_504,,False,1
1319,186069,23013,erro_interno,err_internal_500,,False,1
1320,186077,23014,erro_interno,err_unexpected,47,True,1
1321,186673,23081,timeout,err_timeout_408,,False,1
1322,186968,23116,timeout,err_timeout_408,,False,1
1323,186974,23118,timeout,err_timeout_408,,False,1
1324,186994,23119,erro_interno,err_unexpected,,False,1
1325,187078,23128,timeout,err_timeout_408,,False,1
1326,187104,23132,timeout,err_timeout_408,20,True,1
1327,187302,23159,timeout,err_gateway_timeout_504,,False,1
1328,187320,23162,erro_interno,err_internal_500,,False,1
1329,187717,23210,timeout,err_timeout_408,19,True,1
1330,188008,23244,timeout,err_gateway_timeout_504,90,True,1
1331,188054,23249,timeout,err_timeout_408,21,True,1
1332,188351,23287,timeout,err_gateway_timeout_504,,False,1
1333,188922,23358,timeout,err_gateway_timeout_504,27,True,1
1334,189517,23434,falha_autenticacao,err_auth_401,,False,1
1335,189870,23474,erro_interno,err_internal_500,,False,1
1336,190223,23521,falha_autenticacao,err_auth_401,,False,1
1337,190381,23542,servico_indisponivel,err_maintenance,,False,1
1338,190415,23546,timeout,err_timeout_408,,False,1
1339,190506,23559,timeout,err_timeout_408,,False,1
1340,190831,23596,timeout,err_timeout_408,,False,1
1341,190851,23600,timeout,err_timeout_408,,False,1
1342,191030,23622,timeout,err_gateway_timeout_504,,False,1
1343,191161,23638,erro_interno,err_unexpected,7,True,1
1344,191211,23644,timeout,err_gateway_timeout_504,62,True,1
1345,191464,23675,erro_interno,err_unexpected,,False,1
1346,191518,23680,timeout,err_timeout_408,,False,1
1347,191805,23713,timeout,err_gateway_timeout_504,,False,1
1348,191871,23721,erro_interno,err_internal_500,,False,1
1349,191920,23728,falha_autenticacao,err_auth_401,,False,1
1350,191946,23732,timeout,err_gateway_timeout_504,,False,1
1351,192078,23747,timeout,err_timeout_408,,False,1
1352,192100,23749,timeout,err_timeout_408,,False,1
1353,192141,23754,timeout,err_gateway_timeout_504,,False,1
1354,192142,23755,timeout,err_gateway_timeout_504,,False,1
1355,192354,23779,erro_interno,err_unexpected,56,True,1
1356,192429,23786,erro_interno,err_internal_500,17,True,1
1357,192454,23788,erro_interno,err_unexpected,8,True,1
1358,192509,23795,timeout,err_timeout_408,,False,1
1359,192696,23816,timeout,err_timeout_408,34,True,1
1360,192930,23845,falha_autenticacao,err_auth_401,,False,1
1361,193029,23858,timeout,err_timeout_408,17,True,1
1362,193119,23867,servico_indisponivel,err_maintenance,,False,1
1363,193259,23886,timeout,err_timeout_408,63,True,1
1364,193336,23896,timeout,err_gateway_timeout_504,,False,1
1365,193385,23905,falha_autenticacao,err_auth_401,,False,1
1366,193484,23918,timeout,err_gateway_timeout_504,,False,1
1367,193583,23929,timeout,err_timeout_408,,False,1
1368,193961,23974,timeout,err_timeout_408,,False,1
1369,193995,23980,timeout,err_timeout_408,,False,1
1370,194033,23984,timeout,err_timeout_408,,False,1
1371,194072,23989,servico_indisponivel,err_service_503,,False,1
1372,194615,24058,falha_autenticacao,err_credentials_invalid,24,True,1
1373,194674,24064,timeout,err_timeout_408,,False,1
1374,194685,24064,timeout,err_timeout_408,,False,1
1375,194789,24078,timeout,err_gateway_timeout_504,15,True,1
1376,195049,24109,timeout,err_gateway_timeout_504,,False,1
1377,195313,24143,timeout,err_timeout_408,30,True,1
1378,195584,24177,falha_autenticacao,err_credentials_invalid,,False,1
1379,195629,24182,timeout,err_gateway_timeout_504,,False,1
1380,195772,24201,timeout,err_gateway_timeout_504,,False,1
1381,195779,24202,timeout,err_timeout_408,,False,1
1382,195817,24206,timeout,err_timeout_408,,False,1
1383,196051,24238,timeout,err_timeout_408,,False,1
1384,196063,24239,erro_interno,err_internal_500,,False,1
1385,196137,24247,timeout,err_gateway_timeout_504,,False,1
1386,196220,24256,timeout,err_timeout_408,,False,1
1387,196325,24269,timeout,err_gateway_timeout_504,16,True,1
1388,196386,24275,timeout,err_timeout_408,,False,1
1389,196533,24294,timeout,err_timeout_408,,False,1
1390,196568,24299,timeout,err_timeout_408,31,True,1
1391,196680,24314,erro_interno,err_unexpected,34,True,1
1392,196737,24320,timeout,err_gateway_timeout_504,,False,1
1393,197029,24358,timeout,err_timeout_408,,False,1
1394,197223,24384,timeout,err_timeout_408,28,True,1
1395,197311,24395,timeout,err_gateway_timeout_504,,False,1
1396,197343,24399,timeout,err_gateway_timeout_504,23,True,1
1397,197669,24436,timeout,err_gateway_timeout_504,,False,1
1398,197708,24441,falha_autenticacao,err_auth_401,20,True,1
1399,197732,24444,timeout,err_timeout_408,,False,1
1400,197740,24445,timeout,err_gateway_timeout_504,,False,1
1401,197878,24463,timeout,err_gateway_timeout_504,,False,1
1402,198071,24487,timeout,err_timeout_408,,False,1
1403,198411,24527,erro_interno,err_unexpected,,False,1
1404,198509,24540,timeout,err_gateway_timeout_504,,False,1
1405,198548,24545,timeout,err_timeout_408,,False,1
1406,198693,24566,servico_indisponivel,err_maintenance,,False,1
1407,198819,24581,servico_indisponivel,err_service_503,,False,1
1408,198966,24602,falha_autenticacao,err_auth_401,18,True,1
1409,199135,24622,timeout,err_gateway_timeout_504,36,True,1
1410,199174,24626,timeout,err_gateway_timeout_504,53,True,1
1411,199205,24630,timeout,err_timeout_408,,False,1
1412,199475,24664,falha_autenticacao,err_credentials_invalid,,False,1
1413,199754,24694,timeout,err_gateway_timeout_504,,False,1
1414,200030,24728,timeout,err_timeout_408,,False,1
1415,200041,24730,servico_indisponivel,err_service_503,,False,1
1416,200106,24738,erro_interno,err_unexpected,,False,1
1417,200123,24740,timeout,err_timeout_408,,False,1
1418,200127,24740,timeout,err_timeout_408,,False,1
1419,200128,24740,timeout,err_timeout_408,,False,2
1420,200133,24740,erro_interno,err_unexpected,,False,1
1421,200284,24759,timeout,err_timeout_408,,False,1
1422,200566,24792,servico_indisponivel,err_maintenance,,False,1
1423,200700,24808,servico_indisponivel,err_maintenance,,False,1
1424,200796,24822,timeout,err_timeout_408,,False,1
1425,200931,24838,erro_interno,err_internal_500,,False,1
1426,201225,24876,falha_autenticacao,err_auth_401,16,True,1
1427,201350,24892,timeout,err_timeout_408,,False,1
1428,201574,24917,timeout,err_timeout_408,,False,1
1429,201657,24926,timeout,err_timeout_408,55,True,1
1430,201658,24926,timeout,err_timeout_408,,False,2
1431,201775,24943,falha_autenticacao,err_auth_401,21,True,1
1432,202085,24984,timeout,err_timeout_408,,False,1
1433,202221,25000,timeout,err_gateway_timeout_504,9,True,1
1434,202859,25071,falha_autenticacao,err_credentials_invalid,,False,1
1435,203064,25098,timeout,err_timeout_408,,False,1
1436,203148,25109,erro_interno,err_unexpected,,False,1
1437,204017,25219,erro_interno,err_internal_500,,False,1
1438,204026,25220,erro_interno,err_unexpected,,False,1
1439,204184,25240,falha_autenticacao,err_credentials_invalid,,False,1
1440,204313,25254,erro_interno,err_internal_500,8,True,1
1441,204389,25264,timeout,err_timeout_408,,False,1
1442,204427,25269,erro_interno,err_internal_500,,False,1
1443,205159,25360,timeout,err_gateway_timeout_504,6,True,1
1444,205640,25422,timeout,err_timeout_408,,False,1
1445,205646,25422,timeout,err_gateway_timeout_504,36,True,1
1446,205692,25427,timeout,err_timeout_408,27,True,1
1447,205758,25436,timeout,err_gateway_timeout_504,,False,1
1448,205803,25443,falha_autenticacao,err_credentials_invalid,,False,1
1449,206151,25487,timeout,err_timeout_408,,False,1
1450,206220,25494,erro_interno,err_internal_500,65,True,1
1451,206568,25531,falha_autenticacao,err_auth_401,,False,1
1452,206998,25583,erro_interno,err_internal_500,,False,1
1453,207112,25597,timeout,err_gateway_timeout_504,,False,1
1454,207208,25608,timeout,err_gateway_timeout_504,38,True,1
1455,207292,25617,erro_interno,err_unexpected,90,True,1
1456,207293,25617,timeout,err_gateway_timeout_504,89,True,2
1457,207483,25642,erro_interno,err_unexpected,,False,1
1458,207486,25642,erro_interno,err_internal_500,,False,1
1459,207576,25654,timeout,err_gateway_timeout_504,,False,1
1460,207701,25671,falha_autenticacao,err_auth_401,,False,1
1461,207750,25677,erro_interno,err_unexpected,,False,1
1462,207825,25686,erro_interno,err_unexpected,10,True,1
1463,207905,25698,timeout,err_gateway_timeout_504,,False,1
1464,208143,25730,erro_interno,err_internal_500,,False,1
1465,208306,25753,timeout,err_gateway_timeout_504,83,True,1
1466,208332,25756,conexao_interrompida,err_network_unreachable,,False,1
1467,208378,25760,erro_interno,err_internal_500,,False,1
1468,208491,25773,timeout,err_gateway_timeout_504,,False,1
1469,208602,25785,erro_interno,err_internal_500,,False,1
1470,208673,25794,erro_interno,err_internal_500,,False,1
1471,208720,25799,falha_autenticacao,err_auth_401,,False,1
1472,208847,25814,timeout,err_gateway_timeout_504,,False,1
1473,208886,25819,timeout,err_gateway_timeout_504,,False,1
1474,209084,25845,servico_indisponivel,err_service_503,,False,1
1475,209193,25860,timeout,err_timeout_408,,False,1
1476,209231,25865,timeout,err_timeout_408,,False,1
1477,209252,25868,timeout,err_timeout_408,,False,1
1478,209302,25874,erro_interno,err_internal_500,,False,1
1479,209332,25880,servico_indisponivel,err_maintenance,,False,1
1480,209333,25880,falha_autenticacao,err_credentials_invalid,,False,2
1481,209580,25911,timeout,err_timeout_408,,False,1
1482,209747,25932,timeout,err_gateway_timeout_504,27,True,1
1483,209851,25947,timeout,err_gateway_timeout_504,,False,1
1484,209928,25957,erro_interno,err_unexpected,,False,1
1485,209987,25964,timeout,err_gateway_timeout_504,,False,1
1486,210487,26023,erro_interno,err_unexpected,,False,1
1487,210533,26029,erro_interno,err_unexpected,,False,1
1488,210662,26045,timeout,err_gateway_timeout_504,18,True,1
1489,211241,26117,erro_interno,err_internal_500,,False,1
1490,211545,26154,erro_interno,err_internal_500,6,True,1
1491,211997,26212,servico_indisponivel,err_maintenance,,False,1
1492,212103,26222,servico_indisponivel,err_service_503,,False,1
1493,212208,26237,erro_interno,err_internal_500,,False,1
1494,212295,26248,timeout,err_gateway_timeout_504,,False,1
1495,212312,26251,timeout,err_gateway_timeout_504,,False,1
1496,212345,26256,erro_interno,err_unexpected,32,True,1
1497,212429,26267,timeout,err_gateway_timeout_504,,False,1
1498,212679,26297,erro_interno,err_unexpected,,False,1
1499,212952,26330,erro_interno,err_internal_500,,False,1
1500,213529,26400,erro_interno,err_unexpected,,False,1
1501,213535,26401,timeout,err_gateway_timeout_504,,False,1
1502,213658,26416,timeout,err_timeout_408,,False,1
1503,213680,26420,servico_indisponivel,err_service_503,,False,1
1504,213683,26421,timeout,err_gateway_timeout_504,,False,1
1505,213753,26429,timeout,err_gateway_timeout_504,78,True,1
1506,213840,26440,erro_interno,err_internal_500,,False,1
1507,214061,26468,falha_autenticacao,err_credentials_invalid,21,True,1
1508,214174,26484,timeout,err_gateway_timeout_504,47,True,1
1509,214628,26541,timeout,err_timeout_408,,False,1
1510,214759,26556,servico_indisponivel,err_maintenance,,False,1
1511,215273,26619,timeout,err_timeout_408,17,True,1
1512,215801,26686,timeout,err_gateway_timeout_504,42,True,1
1513,215884,26698,erro_interno,err_unexpected,,False,1
1514,216251,26747,timeout,err_gateway_timeout_504,,False,1
1515,216522,26784,timeout,err_timeout_408,,False,1
1516,216797,26825,timeout,err_gateway_timeout_504,,False,1
1517,216898,26837,servico_indisponivel,err_maintenance,,False,1
1518,216914,26839,servico_indisponivel,err_maintenance,,False,1
1519,217086,26861,timeout,err_timeout_408,,False,1
1520,217096,26863,timeout,err_timeout_408,,False,1
1521,217155,26870,erro_interno,err_unexpected,46,True,1
1522,217158,26870,timeout,err_timeout_408,,False,1
1523,217168,26872,timeout,err_gateway_timeout_504,,False,1
1524,217314,26890,timeout,err_gateway_timeout_504,,False,1
1525,217774,26954,erro_interno,err_unexpected,,False,1
1526,218009,26986,servico_indisponivel,err_maintenance,,False,1
1527,218262,27017,falha_autenticacao,err_auth_401,,False,1
1528,218417,27036,timeout,err_timeout_408,,False,1
1529,218612,27061,erro_interno,err_unexpected,39,True,1
1530,218764,27080,timeout,err_gateway_timeout_504,15,True,1
1531,218769,27080,timeout,err_timeout_408,,False,1
1532,219102,27117,timeout,err_timeout_408,,False,1
1533,219447,27162,falha_autenticacao,err_credentials_invalid,,False,1
1534,219587,27184,falha_autenticacao,err_auth_401,,False,1
1535,219720,27197,erro_interno,err_internal_500,,False,1
1536,219916,27222,timeout,err_gateway_timeout_504,,False,1
1537,219982,27233,timeout,err_timeout_408,,False,1
1538,220008,27237,erro_interno,err_internal_500,,False,1
1539,220029,27240,falha_autenticacao,err_auth_401,,False,1
1540,220129,27252,timeout,err_gateway_timeout_504,,False,1
1541,220434,27288,erro_interno,err_unexpected,,False,1
1542,220450,27290,erro_interno,err_unexpected,6,True,1
1543,220540,27304,timeout,err_gateway_timeout_504,70,True,1
1544,220554,27305,timeout,err_gateway_timeout_504,,False,1
1545,220557,27306,servico_indisponivel,err_maintenance,,False,1
1546,220721,27325,timeout,err_gateway_timeout_504,,False,1
1547,220900,27347,timeout,err_timeout_408,,False,1
1548,220904,27347,erro_interno,err_unexpected,,False,1
1549,220913,27348,timeout,err_gateway_timeout_504,,False,1
1550,220949,27352,timeout,err_timeout_408,,False,1
1551,220988,27357,timeout,err_gateway_timeout_504,,False,1
1552,221142,27375,timeout,err_gateway_timeout_504,44,True,1
1553,222042,27486,timeout,err_timeout_408,,False,1
1554,222193,27501,erro_interno,err_internal_500,,False,1
1555,222245,27509,falha_autenticacao,err_auth_401,,False,1
1556,222286,27516,timeout,err_gateway_timeout_504,13,True,1
1557,222360,27525,timeout,err_timeout_408,,False,1
1558,222455,27536,timeout,err_gateway_timeout_504,11,True,1
1559,222600,27552,timeout,err_timeout_408,,False,1
1560,222678,27562,timeout,err_timeout_408,21,True,1
1561,222743,27570,falha_autenticacao,err_auth_401,,False,1
1562,222766,27573,timeout,err_gateway_timeout_504,32,True,1
1563,222902,27588,timeout,err_gateway_timeout_504,,False,1
1564,223149,27618,erro_interno,err_internal_500,16,True,1
1565,223370,27645,falha_autenticacao,err_auth_401,12,True,1
1566,223400,27650,timeout,err_gateway_timeout_504,10,True,1
1567,223511,27662,timeout,err_gateway_timeout_504,,False,1
1568,223519,27664,falha_autenticacao,err_credentials_invalid,20,True,1
1569,223865,27705,servico_indisponivel,err_maintenance,,False,1
1570,224088,27732,timeout,err_gateway_timeout_504,,False,1
1571,224223,27751,timeout,err_timeout_408,,False,1
1572,224235,27753,timeout,err_gateway_timeout_504,,False,1
1573,224264,27756,falha_autenticacao,err_credentials_invalid,19,True,1
1574,224419,27774,falha_autenticacao,err_credentials_invalid,,False,1
1575,224590,27797,falha_autenticacao,err_credentials_invalid,17,True,1
1576,224756,27814,erro_interno,err_internal_500,,False,1
1577,224792,27817,timeout,err_timeout_408,71,True,1
1578,224799,27817,timeout,err_gateway_timeout_504,,False,1
1579,224861,27826,erro_interno,err_unexpected,,False,1
1580,224891,27831,timeout,err_timeout_408,,False,1
1581,224994,27846,timeout,err_gateway_timeout_504,,False,1
1582,225427,27901,erro_interno,err_internal_500,,False,1
1583,225445,27905,timeout,err_gateway_timeout_504,,False,1
1584,225601,27926,erro_interno,err_unexpected,,False,1
1585,225967,27973,timeout,err_gateway_timeout_504,,False,1
1586,226276,28010,erro_interno,err_unexpected,18,True,1
1587,226317,28017,timeout,err_timeout_408,,False,1
1588,226526,28041,erro_interno,err_internal_500,,False,1
1589,226613,28050,servico_indisponivel,err_service_503,,False,1
1590,226861,28081,timeout,err_timeout_408,,False,1
1591,226906,28088,falha_autenticacao,err_credentials_invalid,22,True,1
1592,226953,28094,timeout,err_timeout_408,,False,1
1593,227067,28108,timeout,err_timeout_408,45,True,1
1594,227068,28108,timeout,err_timeout_408,,False,2
1595,227385,28147,timeout,err_timeout_408,53,True,1
1596,227535,28166,erro_interno,err_unexpected,,False,1
1597,227657,28180,timeout,err_gateway_timeout_504,,False,1
1598,227746,28191,erro_interno,err_internal_500,,False,1
1599,227841,28203,servico_indisponivel,err_maintenance,,False,1
1600,227894,28209,erro_interno,err_internal_500,,False,1
1601,227940,28215,erro_interno,err_internal_500,,False,1
1602,228013,28223,timeout,err_gateway_timeout_504,,False,1
1603,228041,28226,timeout,err_gateway_timeout_504,20,True,1
1604,228078,28230,erro_interno,err_unexpected,44,True,1
1605,228496,28279,timeout,err_gateway_timeout_504,,False,1
1606,228580,28289,erro_interno,err_internal_500,50,True,1
1607,228833,28319,erro_interno,err_internal_500,,False,1
1608,229327,28379,timeout,err_timeout_408,42,True,1
1609,229343,28380,erro_interno,err_internal_500,43,True,1
1610,229504,28398,timeout,err_gateway_timeout_504,,False,1
1611,229564,28406,timeout,err_gateway_timeout_504,90,True,1
1612,229588,28409,falha_autenticacao,err_credentials_invalid,,False,1
1613,229731,28426,erro_interno,err_internal_500,,False,1
1614,229945,28450,erro_interno,err_unexpected,,False,1
1615,230096,28467,timeout,err_gateway_timeout_504,,False,1
1616,230157,28475,timeout,err_gateway_timeout_504,,False,1
1617,230166,28476,timeout,err_gateway_timeout_504,,False,1
1618,230261,28489,timeout,err_gateway_timeout_504,12,True,1
1619,230313,28496,timeout,err_gateway_timeout_504,,False,1
1620,230393,28506,timeout,err_timeout_408,,False,1
1621,230572,28527,erro_interno,err_unexpected,,False,1
1622,230626,28535,erro_interno,err_unexpected,29,True,1
1623,231053,28587,timeout,err_gateway_timeout_504,11,True,1
1624,231090,28593,timeout,err_timeout_408,9,True,1
1625,231149,28599,timeout,err_timeout_408,,False,1
1626,231383,28631,timeout,err_gateway_timeout_504,47,True,1
1627,231592,28661,falha_autenticacao,err_auth_401,24,True,1
1628,231669,28671,erro_interno,err_internal_500,,False,1
1629,231751,28679,timeout,err_timeout_408,44,True,1
1630,231828,28689,falha_autenticacao,err_auth_401,,False,1
1631,231934,28702,falha_autenticacao,err_credentials_invalid,,False,1
1632,232101,28725,timeout,err_timeout_408,,False,1
1633,232279,28749,timeout,err_gateway_timeout_504,,False,1
1634,232446,28768,falha_autenticacao,err_credentials_invalid,,False,1
1635,232475,28773,timeout,err_timeout_408,13,True,1
1636,232786,28809,falha_autenticacao,err_auth_401,,False,1
1637,233113,28848,erro_interno,err_internal_500,,False,1
1638,233314,28873,timeout,err_gateway_timeout_504,10,True,1
1639,233603,28911,timeout,err_timeout_408,13,True,1
1640,233757,28928,timeout,err_timeout_408,17,True,1
1641,233853,28939,timeout,err_gateway_timeout_504,,False,1
1642,233886,28942,timeout,err_gateway_timeout_504,,False,1
1643,234074,28966,timeout,err_timeout_408,13,True,1
1644,234209,28982,servico_indisponivel,err_service_503,,False,1
1645,234257,28989,erro_interno,err_unexpected,10,True,1
1646,234274,28992,erro_interno,err_internal_500,,False,1
1647,234334,29000,timeout,err_gateway_timeout_504,14,True,1
1648,234350,29001,timeout,err_timeout_408,,False,1
1649,234421,29010,falha_autenticacao,err_credentials_invalid,,False,1
1650,234574,29027,timeout,err_timeout_408,32,True,1
1651,234583,29028,erro_interno,err_internal_500,,False,1
1652,234753,29048,timeout,err_gateway_timeout_504,45,True,1
1653,234790,29052,timeout,err_gateway_timeout_504,,False,1
1654,234904,29066,timeout,err_timeout_408,,False,1
1655,234906,29066,timeout,err_gateway_timeout_504,,False,1
1656,234975,29074,servico_indisponivel,err_service_503,,False,1
1657,234994,29077,timeout,err_gateway_timeout_504,13,True,1
1658,235539,29142,erro_interno,err_internal_500,10,True,1
1659,235586,29149,timeout,err_gateway_timeout_504,35,True,1
1660,235659,29159,timeout,err_timeout_408,31,True,1
1661,235694,29165,timeout,err_gateway_timeout_504,,False,1
1662,235876,29189,timeout,err_gateway_timeout_504,38,True,1
1663,235907,29193,timeout,err_timeout_408,12,True,1
1664,235996,29205,timeout,err_timeout_408,13,True,1
1665,236024,29208,timeout,err_gateway_timeout_504,,False,1
1666,236088,29216,timeout,err_gateway_timeout_504,,False,1
1667,236146,29224,timeout,err_gateway_timeout_504,,False,1
1668,236216,29232,timeout,err_gateway_timeout_504,,False,1
1669,236440,29258,timeout,err_gateway_timeout_504,29,True,1
1670,237522,29399,timeout,err_gateway_timeout_504,,False,1
1671,237631,29413,servico_indisponivel,err_service_503,,False,1
1672,237634,29414,timeout,err_timeout_408,,False,1
1673,237683,29420,timeout,err_timeout_408,,False,1
1674,237686,29421,timeout,err_timeout_408,,False,1
1675,237782,29433,erro_interno,err_unexpected,,False,1
1676,237807,29437,timeout,err_gateway_timeout_504,13,True,1
1677,237982,29459,erro_interno,err_internal_500,,False,1
1678,237996,29461,timeout,err_timeout_408,,False,1
1679,238308,29500,erro_interno,err_unexpected,75,True,1
1680,238325,29502,timeout,err_timeout_408,24,True,1
1681,238346,29505,erro_interno,err_unexpected,14,True,1
1682,238461,29518,erro_interno,err_unexpected,,False,1
1683,238658,29543,timeout,err_timeout_408,,False,1
1684,238750,29557,falha_autenticacao,err_auth_401,10,True,1
1685,238765,29559,timeout,err_gateway_timeout_504,,False,1
1686,239099,29601,timeout,err_gateway_timeout_504,21,True,1
1687,239266,29617,timeout,err_gateway_timeout_504,46,True,1
1688,239414,29636,falha_autenticacao,err_auth_401,,False,1
1689,239815,29686,erro_interno,err_internal_500,,False,1
1690,239914,29698,timeout,err_timeout_408,38,True,1
1691,239915,29698,falha_autenticacao,err_auth_401,,False,2
1692,239918,29698,timeout,err_timeout_408,,False,1
1693,239929,29699,timeout,err_timeout_408,,False,1
1694,240218,29734,falha_autenticacao,err_auth_401,37,True,1
1695,240221,29734,timeout,err_gateway_timeout_504,,False,1
1696,240277,29742,erro_interno,err_internal_500,,False,1
1697,240307,29746,timeout,err_gateway_timeout_504,,False,1
1698,240609,29784,erro_interno,err_unexpected,,False,1
1699,240739,29800,timeout,err_gateway_timeout_504,,False,1
1700,240758,29803,timeout,err_gateway_timeout_504,26,True,1
1701,240778,29806,falha_autenticacao,err_credentials_invalid,,False,1
1702,240816,29812,falha_autenticacao,err_credentials_invalid,,False,1
1703,240855,29819,timeout,err_gateway_timeout_504,18,True,1
1704,240961,29833,erro_interno,err_unexpected,,False,1
1705,240986,29836,servico_indisponivel,err_service_503,,False,1
1706,241029,29841,erro_interno,err_unexpected,,False,1
1707,241264,29869,erro_interno,err_unexpected,,False,1
1708,241374,29883,conexao_interrompida,err_network_unreachable,61,True,1
1709,241781,29935,timeout,err_timeout_408,20,True,1
1710,241873,29947,erro_interno,err_internal_500,,False,1
1711,241883,29948,erro_interno,err_unexpected,,False,1
1712,241958,29955,timeout,err_gateway_timeout_504,14,True,1
1713,242089,29971,timeout,err_gateway_timeout_504,87,True,1
1714,242529,30024,falha_autenticacao,err_credentials_invalid,,False,1
1715,242556,30028,erro_interno,err_internal_500,,False,1
1716,242753,30054,timeout,err_timeout_408,104,True,1
1717,242875,30068,erro_interno,err_unexpected,7,True,1
1718,242990,30083,erro_interno,err_internal_500,29,True,1
1719,243080,30094,timeout,err_timeout_408,,False,1
1720,243234,30114,timeout,err_timeout_408,,False,1
1721,243253,30116,falha_autenticacao,err_auth_401,17,True,1
1722,243404,30132,timeout,err_gateway_timeout_504,,False,1
1723,243533,30147,timeout,err_gateway_timeout_504,,False,1
1724,244007,30211,timeout,err_timeout_408,54,True,1
1725,244320,30247,timeout,err_gateway_timeout_504,46,True,1
1726,244475,30267,servico_indisponivel,err_service_503,,False,1
1727,244562,30278,timeout,err_gateway_timeout_504,,False,1
1728,244578,30280,servico_indisponivel,err_maintenance,,False,1
1729,244904,30323,falha_autenticacao,err_auth_401,,False,1
1730,244975,30332,erro_interno,err_unexpected,,False,1
1731,244989,30334,timeout,err_timeout_408,,False,1
1732,245057,30342,timeout,err_gateway_timeout_504,,False,1
1733,245702,30417,timeout,err_gateway_timeout_504,,False,1
1734,245838,30433,timeout,err_gateway_timeout_504,,False,1
1735,245909,30442,servico_indisponivel,err_service_503,,False,1
1736,245954,30449,timeout,err_gateway_timeout_504,,False,1
1737,245972,30452,erro_interno,err_unexpected,,False,1
1738,246133,30470,falha_autenticacao,err_auth_401,,False,1
1739,246305,30494,falha_autenticacao,err_auth_401,17,True,1
1740,246408,30506,timeout,err_timeout_408,9,True,1
1741,246593,30530,erro_interno,err_unexpected,,False,1
1742,246607,30532,timeout,err_gateway_timeout_504,,False,1
1743,246700,30545,timeout,err_timeout_408,,False,1
1744,246769,30554,timeout,err_gateway_timeout_504,,False,1
1745,247052,30589,timeout,err_timeout_408,,False,1
1746,247156,30604,timeout,err_timeout_408,,False,1
1747,247305,30625,timeout,err_timeout_408,33,True,1
1748,247520,30651,erro_interno,err_unexpected,,False,1
1749,247540,30655,timeout,err_gateway_timeout_504,,False,1
1750,247710,30677,falha_autenticacao,err_credentials_invalid,,False,1
1751,247829,30693,timeout,err_gateway_timeout_504,41,True,1
1752,247933,30706,timeout,err_gateway_timeout_504,,False,1
1753,248178,30739,timeout,err_timeout_408,,False,1
1754,248434,30771,timeout,err_timeout_408,19,True,1
1755,248478,30774,timeout,err_timeout_408,,False,1
1756,248529,30781,timeout,err_gateway_timeout_504,,False,1
1757,248645,30797,timeout,err_timeout_408,10,True,1
1758,248792,30813,timeout,err_gateway_timeout_504,,False,1
1759,248810,30815,servico_indisponivel,err_service_503,,False,1
1760,248839,30818,erro_interno,err_unexpected,,False,1
1761,248861,30821,timeout,err_gateway_timeout_504,,False,1
1762,248864,30821,erro_interno,err_unexpected,,False,1
1763,248916,30828,timeout,err_gateway_timeout_504,12,True,1
1764,249134,30855,erro_interno,err_unexpected,,False,1
1765,249425,30892,erro_interno,err_unexpected,41,True,1
1766,249675,30923,timeout,err_gateway_timeout_504,,False,1
1767,249746,30933,erro_interno,err_internal_500,,False,1
1768,249801,30941,erro_interno,err_internal_500,,False,1
1769,249943,30957,conexao_interrompida,err_network_unreachable,,False,1
1770,250028,30970,servico_indisponivel,err_maintenance,,False,1
1771,250054,30973,timeout,err_gateway_timeout_504,,False,1
1772,250250,31003,timeout,err_timeout_408,20,True,1
1773,250253,31003,erro_interno,err_internal_500,65,True,1
1774,250262,31003,erro_interno,err_unexpected,,False,1
1775,250325,31011,erro_interno,err_unexpected,,False,1
1776,250349,31013,erro_interno,err_internal_500,,False,1
1777,250478,31029,erro_interno,err_unexpected,,False,1
1778,250586,31042,timeout,err_timeout_408,,False,1
1779,250688,31055,timeout,err_timeout_408,,False,1
1780,251102,31107,timeout,err_gateway_timeout_504,,False,1
1781,251107,31108,timeout,err_gateway_timeout_504,,False,1
1782,251282,31129,erro_interno,err_internal_500,,False,1
1783,251292,31131,timeout,err_timeout_408,,False,1
1784,251388,31141,servico_indisponivel,err_service_503,,False,1
1785,251575,31163,falha_autenticacao,err_auth_401,12,True,1
1786,251664,31173,falha_autenticacao,err_credentials_invalid,,False,1
1787,251696,31177,timeout,err_timeout_408,,False,1
1788,251724,31181,servico_indisponivel,err_service_503,,False,1
1789,251773,31188,falha_autenticacao,err_auth_401,20,True,1
1790,251849,31197,timeout,err_gateway_timeout_504,,False,1
1791,251865,31199,timeout,err_timeout_408,20,True,1
1792,252086,31226,erro_interno,err_internal_500,,False,1
1793,252225,31243,erro_interno,err_internal_500,,False,1
1794,252351,31262,erro_interno,err_internal_500,,False,1
1795,252377,31266,timeout,err_gateway_timeout_504,19,True,1
1796,252406,31270,servico_indisponivel,err_maintenance,,False,1
1797,252465,31277,timeout,err_timeout_408,,False,1
1798,252470,31278,erro_interno,err_unexpected,,False,1
1799,252537,31285,timeout,err_gateway_timeout_504,,False,1
1800,252990,31340,erro_interno,err_internal_500,28,True,1
1801,253024,31345,erro_interno,err_unexpected,52,True,1
1802,253457,31397,erro_interno,err_internal_500,30,True,1
1803,253499,31402,erro_interno,err_unexpected,,False,1
1804,253570,31413,timeout,err_gateway_timeout_504,,False,1
1805,253910,31455,timeout,err_gateway_timeout_504,,False,1
1806,253913,31456,timeout,err_timeout_408,18,True,1
1807,253950,31460,servico_indisponivel,err_maintenance,,False,1
1808,254017,31469,servico_indisponivel,err_maintenance,,False,1
1809,254018,31469,erro_interno,err_internal_500,9,True,1
1810,254024,31469,timeout,err_timeout_408,,False,1
1811,254033,31470,timeout,err_timeout_408,21,True,1
1812,254074,31476,servico_indisponivel,err_maintenance,,False,1
1813,254144,31486,timeout,err_timeout_408,28,True,1
1814,254196,31493,timeout,err_gateway_timeout_504,,False,1
1815,254437,31520,falha_autenticacao,err_credentials_invalid,,False,1
1816,254502,31529,falha_autenticacao,err_auth_401,13,True,1
1817,254570,31536,erro_interno,err_unexpected,43,True,1
1818,254606,31541,timeout,err_gateway_timeout_504,55,True,1
1819,254650,31546,timeout,err_timeout_408,,False,1
1820,254705,31553,timeout,err_timeout_408,,False,1
1821,254913,31579,servico_indisponivel,err_maintenance,,False,1
1822,255190,31617,erro_interno,err_internal_500,,False,1
1823,255193,31618,falha_autenticacao,err_credentials_invalid,,False,1
1824,255200,31619,timeout,err_timeout_408,,False,1
1825,255221,31622,timeout,err_timeout_408,,False,1
1826,255547,31658,timeout,err_gateway_timeout_504,,False,1
1827,255676,31676,erro_interno,err_internal_500,,False,1
1828,255884,31701,falha_autenticacao,err_auth_401,,False,1
1829,255959,31712,timeout,err_timeout_408,,False,1
1830,256038,31722,falha_autenticacao,err_auth_401,,False,1
1831,256086,31728,falha_autenticacao,err_auth_401,,False,1
1832,256383,31764,falha_autenticacao,err_credentials_invalid,,False,1
1833,256534,31785,falha_autenticacao,err_credentials_invalid,18,True,1
1834,256871,31829,timeout,err_timeout_408,52,True,1
1835,256898,31832,erro_interno,err_internal_500,,False,1
1836,256965,31841,erro_interno,err_internal_500,,False,1
1837,257182,31867,erro_interno,err_unexpected,,False,1
1838,257256,31877,erro_interno,err_internal_500,22,True,1
1839,257445,31901,timeout,err_gateway_timeout_504,74,True,1
1840,257567,31916,erro_interno,err_internal_500,,False,1
1841,257568,31916,timeout,err_timeout_408,,False,2
1842,257603,31920,erro_interno,err_internal_500,,False,1
1843,257779,31942,timeout,err_timeout_408,19,True,1
1844,257853,31951,falha_autenticacao,err_credentials_invalid,,False,1
1845,257872,31954,timeout,err_timeout_408,86,True,1
1846,258092,31981,timeout,err_timeout_408,,False,1
1847,258162,31991,timeout,err_timeout_408,,False,1
1848,258245,32004,falha_autenticacao,err_auth_401,28,True,1
1849,258246,32004,falha_autenticacao,err_auth_401,24,True,2
1850,258247,32004,timeout,err_timeout_408,,False,3
1851,258309,32012,servico_indisponivel,err_maintenance,,False,1
1852,258399,32021,erro_interno,err_unexpected,,False,1
1853,258503,32033,timeout,err_gateway_timeout_504,,False,1
1854,258609,32045,servico_indisponivel,err_maintenance,,False,1
1855,258802,32068,timeout,err_timeout_408,,False,1
1856,258809,32069,timeout,err_timeout_408,76,True,1
1857,258879,32078,timeout,err_timeout_408,,False,1
1858,258983,32091,erro_interno,err_unexpected,18,True,1
1859,259009,32094,timeout,err_timeout_408,,False,1
1860,259333,32132,falha_autenticacao,err_auth_401,,False,1
1861,259461,32146,timeout,err_timeout_408,48,True,1
1862,259747,32183,falha_autenticacao,err_auth_401,19,True,1
1863,260057,32222,timeout,err_gateway_timeout_504,,False,1
1864,260225,32242,timeout,err_gateway_timeout_504,26,True,1
1865,260410,32265,erro_interno,err_unexpected,,False,1
1866,260553,32282,erro_interno,err_internal_500,,False,1
1867,260583,32287,erro_interno,err_internal_500,13,True,1
1868,260713,32305,erro_interno,err_unexpected,,False,1
1869,260783,32315,timeout,err_gateway_timeout_504,,False,1
1870,260996,32340,timeout,err_timeout_408,,False,1
1871,261049,32346,timeout,err_gateway_timeout_504,18,True,1
1872,261050,32346,servico_indisponivel,err_service_503,,False,2
1873,261128,32356,timeout,err_gateway_timeout_504,41,True,1
1874,261255,32370,timeout,err_timeout_408,21,True,1
1875,261349,32381,erro_interno,err_internal_500,36,True,1
1876,261393,32386,timeout,err_gateway_timeout_504,32,True,1
1877,261396,32386,erro_interno,err_internal_500,,False,1
1878,261398,32386,timeout,err_timeout_408,,False,1
1879,261678,32422,timeout,err_timeout_408,,False,1
1880,261784,32436,timeout,err_gateway_timeout_504,30,True,1
1881,261801,32438,timeout,err_gateway_timeout_504,36,True,1
1882,261820,32440,servico_indisponivel,err_maintenance,,False,1
1883,261851,32444,erro_interno,err_unexpected,18,True,1
1884,261910,32450,timeout,err_gateway_timeout_504,,False,1
1885,262131,32473,servico_indisponivel,err_maintenance,,False,1
1886,262258,32488,servico_indisponivel,err_maintenance,,False,1
1887,262748,32544,erro_interno,err_internal_500,41,True,1
1888,262785,32548,timeout,err_timeout_408,,False,1
1889,262987,32572,erro_interno,err_internal_500,,False,1
1890,262995,32573,erro_interno,err_internal_500,43,True,1
1891,263104,32587,erro_interno,err_unexpected,44,True,1
1892,263159,32595,timeout,err_gateway_timeout_504,,False,1
1893,263410,32628,timeout,err_gateway_timeout_504,,False,1
1894,263542,32644,timeout,err_gateway_timeout_504,48,True,1
1895,263549,32645,erro_interno,err_unexpected,9,True,1
1896,263560,32646,timeout,err_gateway_timeout_504,,False,1
1897,263573,32648,timeout,err_timeout_408,,False,1
1898,263948,32693,erro_interno,err_unexpected,42,True,1
1899,263987,32699,falha_autenticacao,err_auth_401,,False,1
1900,264042,32708,falha_autenticacao,err_credentials_invalid,,False,1
1901,264219,32729,erro_interno,err_unexpected,32,True,1
1902,265074,32831,timeout,err_timeout_408,,False,1
1903,265159,32840,timeout,err_timeout_408,115,True,1
1904,265165,32841,timeout,err_timeout_408,,False,1
1905,265173,32843,timeout,err_timeout_408,33,True,1
1906,265267,32856,timeout,err_timeout_408,,False,1
1907,265902,32934,timeout,err_timeout_408,,False,1
1908,266042,32951,timeout,err_gateway_timeout_504,18,True,1
1909,266104,32958,erro_interno,err_unexpected,58,True,1
1910,266246,32973,erro_interno,err_unexpected,,False,1
1911,266273,32977,erro_interno,err_internal_500,,False,1
1912,266279,32978,servico_indisponivel,err_service_503,76,True,1
1913,266497,33003,timeout,err_gateway_timeout_504,23,True,1
1914,266503,33004,timeout,err_timeout_408,,False,1
1915,266576,33015,erro_interno,err_unexpected,,False,1
1916,266626,33021,timeout,err_gateway_timeout_504,,False,1
1917,266880,33052,timeout,err_gateway_timeout_504,,False,1
1918,266883,33053,timeout,err_gateway_timeout_504,37,True,1
1919,267023,33068,timeout,err_gateway_timeout_504,,False,1
1920,267235,33093,erro_interno,err_internal_500,,False,1
1921,267336,33107,timeout,err_timeout_408,,False,1
1922,267505,33130,erro_interno,err_unexpected,,False,1
1923,267547,33135,erro_interno,err_unexpected,,False,1
1924,268061,33194,timeout,err_gateway_timeout_504,,False,1
1925,268127,33204,timeout,err_timeout_408,,False,1
1926,268241,33216,falha_autenticacao,err_credentials_invalid,,False,1
1927,268647,33266,timeout,err_timeout_408,,False,1
1928,268706,33272,timeout,err_gateway_timeout_504,,False,1
1929,268720,33272,erro_interno,err_unexpected,,False,1
1930,268823,33284,timeout,err_gateway_timeout_504,461,True,1
1931,268856,33286,erro_interno,err_internal_500,,False,1
1932,269004,33304,erro_interno,err_unexpected,26,True,1
1933,269115,33316,timeout,err_gateway_timeout_504,,False,1
1934,269250,33333,timeout,err_gateway_timeout_504,,False,1
1935,269403,33354,timeout,err_timeout_408,,False,1
1936,269428,33357,timeout,err_timeout_408,,False,1
1937,269610,33379,timeout,err_timeout_408,,False,1
1938,269801,33402,erro_interno,err_unexpected,48,True,1
1939,269974,33420,timeout,err_gateway_timeout_504,,False,1
1940,270076,33434,servico_indisponivel,err_service_503,,False,1
1941,270195,33451,timeout,err_gateway_timeout_504,,False,1
1942,270415,33477,timeout,err_gateway_timeout_504,,False,1
1943,270540,33493,timeout,err_timeout_408,63,True,1
1944,270557,33495,timeout,err_gateway_timeout_504,45,True,1
1945,270618,33501,timeout,err_timeout_408,,False,1
1946,270815,33526,timeout,err_timeout_408,,False,1
1947,271340,33590,erro_interno,err_internal_500,,False,1
1948,271979,33671,falha_autenticacao,err_auth_401,16,True,1
1949,272173,33694,falha_autenticacao,err_credentials_invalid,15,True,1
1950,272410,33722,timeout,err_gateway_timeout_504,,False,1
1951,272638,33750,timeout,err_timeout_408,45,True,1
1952,272835,33774,timeout,err_timeout_408,,False,1
1953,272856,33777,timeout,err_timeout_408,,False,1
1954,273045,33802,erro_interno,err_unexpected,,False,1
1955,273296,33834,erro_interno,err_internal_500,,False,1
1956,273482,33857,timeout,err_gateway_timeout_504,,False,1
1957,273507,33860,timeout,err_timeout_408,,False,1
1958,273839,33900,erro_interno,err_unexpected,,False,1
1959,273942,33910,erro_interno,err_unexpected,,False,1
1960,274151,33937,falha_autenticacao,err_credentials_invalid,16,True,1
1961,274200,33941,timeout,err_gateway_timeout_504,,False,1
1962,274509,33982,falha_autenticacao,err_auth_401,10,True,1
1963,274710,34006,timeout,err_timeout_408,37,True,1
1964,274725,34007,erro_interno,err_unexpected,9,True,1
1965,275592,34112,erro_interno,err_internal_500,,False,1
1966,275705,34127,timeout,err_gateway_timeout_504,,False,1
1967,275869,34149,timeout,err_timeout_408,,False,1
1968,276360,34212,falha_autenticacao,err_credentials_invalid,,False,1
1969,276361,34212,timeout,err_gateway_timeout_504,,False,2
1970,276540,34234,erro_interno,err_unexpected,,False,1
1971,276620,34245,timeout,err_gateway_timeout_504,,False,1
1972,276663,34251,erro_interno,err_unexpected,6,True,1
1973,276740,34260,timeout,err_timeout_408,,False,1
1974,277115,34311,timeout,err_timeout_408,,False,1
1975,277307,34333,timeout,err_timeout_408,24,True,1
1976,277404,34345,falha_autenticacao,err_credentials_invalid,18,True,1
1977,277405,34345,timeout,err_gateway_timeout_504,25,True,2
1978,277444,34349,timeout,err_gateway_timeout_504,,False,1
1979,277562,34363,falha_autenticacao,err_credentials_invalid,24,True,1
1980,277613,34369,timeout,err_timeout_408,,False,1
1981,277659,34372,timeout,err_gateway_timeout_504,,False,1
1982,277842,34393,falha_autenticacao,err_auth_401,11,True,1
1983,278143,34431,erro_interno,err_unexpected,,False,1
1984,278152,34432,timeout,err_timeout_408,,False,1
1985,278274,34446,timeout,err_gateway_timeout_504,,False,1
1986,278585,34481,erro_interno,err_unexpected,48,True,1
1987,279329,34572,erro_interno,err_internal_500,,False,1
1988,279472,34588,erro_interno,err_internal_500,,False,1
1989,279524,34596,falha_autenticacao,err_auth_401,22,True,1
1990,279583,34602,erro_interno,err_internal_500,,False,1
1991,279630,34609,timeout,err_timeout_408,,False,1
1992,279731,34622,timeout,err_gateway_timeout_504,,False,1
1993,279734,34623,timeout,err_gateway_timeout_504,,False,1
1994,280073,34668,servico_indisponivel,err_maintenance,,False,1
1995,280109,34672,servico_indisponivel,err_maintenance,,False,1
1996,280233,34687,timeout,err_gateway_timeout_504,51,True,1
1997,280249,34688,timeout,err_gateway_timeout_504,32,True,1
1998,280426,34710,erro_interno,err_internal_500,,False,1
1999,280429,34711,timeout,err_gateway_timeout_504,,False,1
2000,280713,34747,timeout,err_timeout_408,50,True,1
2001,280944,34775,timeout,err_timeout_408,,False,1
2002,280968,34779,timeout,err_timeout_408,,False,1
2003,281064,34790,timeout,err_gateway_timeout_504,22,True,1
2004,281077,34792,falha_autenticacao,err_auth_401,18,True,1
2005,281225,34809,timeout,err_timeout_408,,False,1
2006,281515,34841,erro_interno,err_unexpected,,False,1
2007,282122,34916,timeout,err_timeout_408,,False,1
2008,282457,34959,timeout,err_timeout_408,24,True,1
2009,282546,34971,timeout,err_timeout_408,,False,1
2010,282607,34978,timeout,err_gateway_timeout_504,,False,1
2011,282716,34991,erro_interno,err_internal_500,,False,1
2012,283122,35043,timeout,err_timeout_408,12,True,1
2013,283337,35067,timeout,err_timeout_408,,False,1
2014,283377,35073,falha_autenticacao,err_credentials_invalid,,False,1
2015,283438,35082,falha_autenticacao,err_credentials_invalid,12,True,1
2016,283627,35105,erro_interno,err_unexpected,11,True,1
2017,283656,35108,timeout,err_gateway_timeout_504,45,True,1
2018,283906,35138,erro_interno,err_unexpected,,False,1
2019,284050,35157,servico_indisponivel,err_service_503,,False,1
2020,284245,35181,timeout,err_gateway_timeout_504,40,True,1
2021,284411,35200,falha_autenticacao,err_credentials_invalid,,False,1
2022,284451,35205,timeout,err_gateway_timeout_504,33,True,1
2023,284664,35233,falha_autenticacao,err_credentials_invalid,8,True,1
2024,284804,35248,timeout,err_timeout_408,,False,1
2025,284960,35268,timeout,err_timeout_408,,False,1
2026,285047,35281,timeout,err_timeout_408,,False,1
2027,285048,35281,servico_indisponivel,err_service_503,,False,2
2028,285112,35289,erro_interno,err_unexpected,22,True,1
2029,285261,35309,timeout,err_gateway_timeout_504,26,True,1
2030,285331,35316,falha_autenticacao,err_credentials_invalid,34,True,1
2031,285333,35316,erro_interno,err_internal_500,16,True,1
2032,285497,35340,erro_interno,err_unexpected,17,True,1
2033,285552,35346,erro_interno,err_internal_500,,False,1
2034,285611,35353,timeout,err_gateway_timeout_504,,False,1
2035,285670,35360,timeout,err_timeout_408,,False,1
2036,285966,35396,timeout,err_timeout_408,56,True,1
2037,286007,35400,timeout,err_gateway_timeout_504,,False,1
2038,286011,35400,timeout,err_gateway_timeout_504,,False,1
2039,286159,35417,timeout,err_timeout_408,,False,1
2040,286235,35424,timeout,err_timeout_408,,False,1
2041,286406,35445,timeout,err_gateway_timeout_504,33,True,1
2042,286675,35479,timeout,err_timeout_408,,False,1
2043,286763,35490,erro_interno,err_internal_500,,False,1
2044,286952,35512,erro_interno,err_internal_500,55,True,1
2045,286998,35517,falha_autenticacao,err_credentials_invalid,20,True,1
2046,287003,35517,erro_interno,err_unexpected,61,True,1
2047,287256,35545,timeout,err_timeout_408,22,True,1
2048,287461,35573,timeout,err_gateway_timeout_504,22,True,1
2049,287478,35575,erro_interno,err_unexpected,,False,1
2050,287978,35637,timeout,err_gateway_timeout_504,,False,1
2051,288659,35722,falha_autenticacao,err_credentials_invalid,,False,1
2052,288701,35728,timeout,err_timeout_408,,False,1
2053,288720,35731,timeout,err_gateway_timeout_504,,False,1
2054,288847,35746,timeout,err_gateway_timeout_504,45,True,1
2055,288887,35751,erro_interno,err_internal_500,36,True,1
2056,289160,35785,falha_autenticacao,err_auth_401,,False,1
2057,289645,35845,timeout,err_timeout_408,,False,1
2058,289695,35851,timeout,err_timeout_408,,False,1
2059,289717,35852,erro_interno,err_unexpected,59,True,1
2060,290068,35894,erro_interno,err_internal_500,,False,1
2061,290076,35895,falha_autenticacao,err_credentials_invalid,,False,1
2062,290723,35969,timeout,err_gateway_timeout_504,55,True,1
2063,290724,35969,servico_indisponivel,err_service_503,,False,2
2064,290999,36005,timeout,err_gateway_timeout_504,,False,1
2065,291105,36014,erro_interno,err_unexpected,,False,1
2066,291545,36067,servico_indisponivel,err_service_503,,False,1
2067,291593,36074,timeout,err_gateway_timeout_504,,False,1
2068,291729,36094,timeout,err_gateway_timeout_504,,False,1
2069,292177,36156,servico_indisponivel,err_service_503,,False,1
2070,292325,36174,timeout,err_gateway_timeout_504,,False,1
2071,292523,36200,timeout,err_gateway_timeout_504,,False,1
2072,292551,36204,falha_autenticacao,err_auth_401,,False,1
2073,292554,36205,timeout,err_gateway_timeout_504,,False,1
2074,292680,36217,timeout,err_gateway_timeout_504,,False,1
2075,292841,36236,timeout,err_timeout_408,,False,1
2076,292863,36239,falha_autenticacao,err_credentials_invalid,24,True,1
2077,293463,36310,timeout,err_gateway_timeout_504,,False,1
2078,293468,36311,timeout,err_timeout_408,,False,1
2079,293615,36331,timeout,err_timeout_408,,False,1
2080,294476,36434,timeout,err_gateway_timeout_504,,False,1
2081,294566,36444,timeout,err_timeout_408,29,True,1
2082,294691,36460,timeout,err_timeout_408,,False,1
2083,294699,36461,falha_autenticacao,err_auth_401,27,True,1
2084,294702,36461,timeout,err_gateway_timeout_504,63,True,1
2085,294817,36475,timeout,err_gateway_timeout_504,,False,1
2086,295196,36524,timeout,err_gateway_timeout_504,,False,1
2087,295320,36540,falha_autenticacao,err_credentials_invalid,,False,1
2088,295346,36544,timeout,err_timeout_408,,False,1
2089,295352,36545,erro_interno,err_unexpected,,False,1
2090,295452,36557,falha_autenticacao,err_auth_401,,False,1
2091,295527,36566,timeout,err_timeout_408,,False,1
2092,295610,36576,timeout,err_gateway_timeout_504,,False,1
2093,295650,36582,timeout,err_timeout_408,,False,1
2094,296000,36624,timeout,err_timeout_408,,False,1
2095,296292,36664,timeout,err_timeout_408,15,True,1
2096,296835,36736,timeout,err_gateway_timeout_504,,False,1
2097,296847,36738,erro_interno,err_internal_500,,False,1
2098,296963,36752,timeout,err_timeout_408,,False,1
2099,297052,36763,erro_interno,err_internal_500,,False,1
2100,297068,36765,timeout,err_timeout_408,,False,1
2101,297392,36804,timeout,err_timeout_408,,False,1
2102,297406,36806,falha_autenticacao,err_auth_401,,False,1
2103,297753,36851,timeout,err_timeout_408,25,True,1
2104,297827,36860,falha_autenticacao,err_auth_401,,False,1
2105,297835,36862,timeout,err_gateway_timeout_504,,False,1
2106,297931,36873,erro_interno,err_unexpected,,False,1
2107,298258,36913,timeout,err_gateway_timeout_504,,False,1
2108,298279,36916,falha_autenticacao,err_auth_401,,False,1
2109,298472,36939,erro_interno,err_internal_500,,False,1
2110,298650,36962,timeout,err_timeout_408,,False,1
2111,298656,36964,timeout,err_timeout_408,18,True,1
2112,298726,36973,erro_interno,err_unexpected,32,True,1
2113,298933,36995,falha_autenticacao,err_credentials_invalid,,False,1
2114,299224,37028,erro_interno,err_unexpected,,False,1
2115,299554,37071,timeout,err_gateway_timeout_504,8,True,1
2116,300004,37124,timeout,err_timeout_408,36,True,1
2117,300023,37126,timeout,err_gateway_timeout_504,45,True,1
2118,300206,37148,timeout,err_timeout_408,46,True,1
2119,300454,37181,timeout,err_gateway_timeout_504,13,True,1
2120,300466,37182,timeout,err_timeout_408,,False,1
2121,300488,37185,erro_interno,err_internal_500,,False,1
2122,300719,37219,falha_autenticacao,err_auth_401,,False,1
2123,300982,37254,timeout,err_gateway_timeout_504,,False,1
2124,300985,37255,timeout,err_timeout_408,,False,1
2125,301036,37260,timeout,err_gateway_timeout_504,36,True,1
2126,301106,37269,timeout,err_gateway_timeout_504,,False,1
2127,301134,37273,erro_interno,err_unexpected,34,True,1
2128,301153,37275,timeout,err_timeout_408,,False,1
2129,301154,37275,erro_interno,err_internal_500,16,True,1
2130,301250,37287,timeout,err_gateway_timeout_504,,False,1
2131,301487,37318,erro_interno,err_internal_500,,False,1
2132,301494,37319,timeout,err_gateway_timeout_504,,False,1
2133,301498,37319,erro_interno,err_unexpected,,False,1
2134,301525,37323,servico_indisponivel,err_service_503,,False,1
2135,301580,37330,timeout,err_timeout_408,,False,1
2136,301611,37335,timeout,err_gateway_timeout_504,,False,1
2137,301626,37338,falha_autenticacao,err_auth_401,16,True,1
2138,301905,37376,timeout,err_timeout_408,21,True,1
2139,301983,37385,servico_indisponivel,err_maintenance,,False,1
2140,302323,37427,timeout,err_gateway_timeout_504,23,True,1
2141,302585,37460,timeout,err_timeout_408,29,True,1
2142,302626,37466,falha_autenticacao,err_credentials_invalid,23,True,1
2143,302638,37467,falha_autenticacao,err_credentials_invalid,8,True,1
2144,302669,37471,timeout,err_gateway_timeout_504,,False,1
2145,302809,37488,falha_autenticacao,err_credentials_invalid,23,True,1
2146,302951,37507,timeout,err_timeout_408,13,True,1
2147,303033,37518,erro_interno,err_unexpected,49,True,1
2148,303186,37538,falha_autenticacao,err_auth_401,,False,1
2149,303336,37557,erro_interno,err_internal_500,,False,1
2150,303448,37569,erro_interno,err_unexpected,,False,1
2151,303730,37605,timeout,err_timeout_408,,False,1
2152,303839,37620,timeout,err_timeout_408,,False,1
2153,303884,37627,erro_interno,err_internal_500,,False,1
2154,304109,37656,timeout,err_gateway_timeout_504,,False,1
2155,304205,37668,timeout,err_gateway_timeout_504,31,True,1
2156,304240,37672,erro_interno,err_internal_500,,False,1
2157,304400,37693,timeout,err_gateway_timeout_504,,False,1
2158,304435,37696,timeout,err_timeout_408,,False,1
2159,304521,37709,erro_interno,err_unexpected,,False,1
2160,304890,37750,erro_interno,err_unexpected,,False,1
2161,304926,37754,timeout,err_gateway_timeout_504,14,True,1
2162,305102,37777,timeout,err_gateway_timeout_504,,False,1
2163,305415,37814,timeout,err_timeout_408,28,True,1
2164,305594,37834,timeout,err_timeout_408,,False,1
2165,305946,37876,falha_autenticacao,err_auth_401,,False,1
2166,306150,37900,timeout,err_gateway_timeout_504,266,True,1
2167,306311,37918,servico_indisponivel,err_service_503,38,True,1
2168,306363,37923,falha_autenticacao,err_auth_401,14,True,1
2169,306597,37950,erro_interno,err_unexpected,22,True,1
2170,306602,37950,servico_indisponivel,err_service_503,,False,1
2171,306846,37979,servico_indisponivel,err_service_503,,False,1
2172,306962,37995,timeout,err_timeout_408,22,True,1
2173,306965,37995,timeout,err_gateway_timeout_504,,False,1
2174,307153,38021,falha_autenticacao,err_credentials_invalid,19,True,1
2175,307210,38027,timeout,err_gateway_timeout_504,34,True,1
2176,307269,38033,timeout,err_gateway_timeout_504,,False,1
2177,307364,38046,timeout,err_timeout_408,24,True,1
2178,307444,38057,falha_autenticacao,err_auth_401,,False,1
2179,307670,38086,timeout,err_gateway_timeout_504,,False,1
2180,307783,38099,erro_interno,err_internal_500,48,True,1
2181,307976,38124,erro_interno,err_internal_500,,False,1
2182,308068,38135,timeout,err_gateway_timeout_504,,False,1
2183,308199,38152,timeout,err_timeout_408,,False,1
2184,308329,38168,erro_interno,err_internal_500,,False,1
2185,308386,38175,timeout,err_timeout_408,,False,1
2186,308615,38204,timeout,err_timeout_408,,False,1
2187,308623,38206,timeout,err_timeout_408,,False,1
2188,308698,38215,timeout,err_timeout_408,,False,1
2189,308733,38220,timeout,err_timeout_408,,False,1
2190,308796,38229,timeout,err_timeout_408,,False,1
2191,309060,38264,timeout,err_gateway_timeout_504,,False,1
2192,309371,38305,timeout,err_timeout_408,,False,1
2193,309458,38318,timeout,err_gateway_timeout_504,,False,1
2194,309810,38366,erro_interno,err_unexpected,,False,1
2195,309947,38383,falha_autenticacao,err_credentials_invalid,,False,1
2196,310135,38405,timeout,err_gateway_timeout_504,11,True,1
2197,310143,38406,timeout,err_gateway_timeout_504,,False,1
2198,310205,38414,falha_autenticacao,err_auth_401,13,True,1
2199,310417,38437,erro_interno,err_unexpected,,False,1
2200,310495,38447,falha_autenticacao,err_credentials_invalid,15,True,1
2201,310586,38457,timeout,err_gateway_timeout_504,36,True,1
2202,310686,38468,timeout,err_timeout_408,16,True,1
2203,311012,38507,servico_indisponivel,err_maintenance,,False,1
2204,311053,38512,erro_interno,err_internal_500,,False,1
2205,311212,38533,timeout,err_gateway_timeout_504,,False,1
2206,311213,38534,falha_autenticacao,err_credentials_invalid,18,True,1
2207,311439,38561,erro_interno,err_internal_500,,False,1
2208,311533,38573,erro_interno,err_internal_500,35,True,1
2209,311574,38577,timeout,err_timeout_408,31,True,1
2210,311575,38577,falha_autenticacao,err_credentials_invalid,,False,2
2211,311583,38579,timeout,err_timeout_408,,False,1
2212,311734,38596,falha_autenticacao,err_credentials_invalid,,False,1
2213,311768,38600,erro_interno,err_internal_500,,False,1
2214,311927,38618,timeout,err_gateway_timeout_504,,False,1
2215,311992,38625,erro_interno,err_unexpected,,False,1
2216,311995,38626,erro_interno,err_unexpected,49,True,1
2217,312411,38677,falha_autenticacao,err_auth_401,,False,1
2218,312475,38685,timeout,err_timeout_408,,False,1
2219,312710,38713,falha_autenticacao,err_credentials_invalid,10,True,1
2220,312711,38713,servico_indisponivel,err_service_503,,False,2
2221,312741,38717,timeout,err_gateway_timeout_504,21,True,1
2222,312998,38749,servico_indisponivel,err_service_503,16,True,1
2223,313177,38771,timeout,err_gateway_timeout_504,,False,1
2224,314085,38883,timeout,err_gateway_timeout_504,,False,1
2225,314121,38889,timeout,err_gateway_timeout_504,,False,1
2226,314153,38893,erro_interno,err_internal_500,,False,1
2227,314443,38926,conexao_interrompida,err_connection_lost,,False,1
2228,314517,38934,timeout,err_gateway_timeout_504,,False,1
2229,315055,38997,timeout,err_gateway_timeout_504,,False,1
2230,315184,39012,erro_interno,err_internal_500,,False,1
2231,315320,39032,timeout,err_timeout_408,,False,1
2232,315349,39037,timeout,err_timeout_408,,False,1
2233,315443,39049,erro_interno,err_unexpected,30,True,1
2234,315631,39072,timeout,err_timeout_408,,False,1
2235,316478,39181,servico_indisponivel,err_service_503,,False,1
2236,316494,39182,timeout,err_gateway_timeout_504,,False,1
2237,316714,39211,timeout,err_timeout_408,46,True,1
2238,316782,39220,falha_autenticacao,err_auth_401,14,True,1
2239,316846,39227,timeout,err_timeout_408,,False,1
2240,317073,39254,timeout,err_gateway_timeout_504,,False,1
2241,317127,39261,erro_interno,err_internal_500,33,True,1
2242,317315,39284,erro_interno,err_internal_500,27,True,1
2243,317470,39302,timeout,err_timeout_408,,False,1
2244,317813,39345,timeout,err_gateway_timeout_504,,False,1
2245,318485,39425,falha_autenticacao,err_auth_401,,False,1
2246,318572,39435,timeout,err_gateway_timeout_504,39,True,1
2247,318779,39461,timeout,err_gateway_timeout_504,,False,1
2248,318975,39489,timeout,err_timeout_408,,False,1
2249,319185,39512,falha_autenticacao,err_credentials_invalid,,False,1
2250,319267,39522,falha_autenticacao,err_credentials_invalid,,False,1
2251,319340,39531,erro_interno,err_internal_500,,False,1
2252,319380,39537,erro_interno,err_internal_500,36,True,1
2253,319593,39563,timeout,err_timeout_408,,False,1
2254,319707,39574,timeout,err_gateway_timeout_504,,False,1
2255,320109,39626,timeout,err_timeout_408,,False,1
2256,320124,39628,erro_interno,err_internal_500,,False,1
2257,320187,39636,timeout,err_timeout_408,,False,1
2258,320226,39640,erro_interno,err_internal_500,,False,1
2259,320380,39660,timeout,err_timeout_408,,False,1
2260,320591,39687,falha_autenticacao,err_credentials_invalid,13,True,1
2261,320642,39695,timeout,err_timeout_408,15,True,1
2262,320716,39703,erro_interno,err_internal_500,,False,1
2263,320780,39711,timeout,err_gateway_timeout_504,,False,1
2264,321041,39744,timeout,err_timeout_408,38,True,1
2265,321056,39746,falha_autenticacao,err_auth_401,,False,1
2266,321599,39815,timeout,err_timeout_408,,False,1
2267,321634,39819,erro_interno,err_internal_500,,False,1
2268,321661,39824,timeout,err_timeout_408,,False,1
2269,321867,39852,timeout,err_gateway_timeout_504,,False,1
2270,321872,39852,erro_interno,err_internal_500,9,True,1
2271,322026,39872,erro_interno,err_internal_500,33,True,1
2272,322030,39873,falha_autenticacao,err_credentials_invalid,,False,1
2273,322097,39882,erro_interno,err_unexpected,45,True,1
2274,322298,39910,timeout,err_gateway_timeout_504,,False,1
2275,322306,39911,falha_autenticacao,err_auth_401,15,True,1
2276,322349,39917,timeout,err_timeout_408,14,True,1
2277,322759,39970,timeout,err_gateway_timeout_504,,False,1
2278,322912,39988,falha_autenticacao,err_auth_401,,False,1
2279,323257,40029,timeout,err_timeout_408,45,True,1
2280,323319,40036,timeout,err_gateway_timeout_504,15,True,1
2281,323369,40041,timeout,err_gateway_timeout_504,65,True,1
2282,323463,40052,timeout,err_gateway_timeout_504,,False,1
2283,323529,40060,timeout,err_gateway_timeout_504,,False,1
2284,323907,40104,timeout,err_timeout_408,37,True,1
2285,323957,40111,timeout,err_timeout_408,,False,1
2286,323961,40112,erro_interno,err_unexpected,,False,1
2287,323969,40113,timeout,err_timeout_408,,False,1
2288,324034,40120,timeout,err_gateway_timeout_504,,False,1
2289,324353,40158,servico_indisponivel,err_service_503,,False,1
2290,324696,40197,falha_autenticacao,err_auth_401,,False,1
2291,324842,40215,timeout,err_gateway_timeout_504,42,True,1
2292,325083,40245,erro_interno,err_internal_500,,False,1
2293,325180,40255,erro_interno,err_internal_500,,False,1
2294,325332,40275,timeout,err_gateway_timeout_504,16,True,1
2295,325840,40338,timeout,err_timeout_408,58,True,1
2296,325937,40352,falha_autenticacao,err_credentials_invalid,13,True,1
2297,326319,40399,timeout,err_gateway_timeout_504,,False,1
2298,326379,40405,erro_interno,err_unexpected,,False,1
2299,326440,40411,timeout,err_gateway_timeout_504,,False,1
2300,326565,40426,timeout,err_timeout_408,,False,1
2301,327210,40506,falha_autenticacao,err_credentials_invalid,,False,1
2302,327309,40519,timeout,err_timeout_408,,False,1
2303,327310,40520,timeout,err_gateway_timeout_504,,False,1
2304,327318,40521,timeout,err_timeout_408,,False,1
2305,327376,40529,timeout,err_gateway_timeout_504,,False,1
2306,327500,40541,timeout,err_gateway_timeout_504,,False,1
2307,327599,40553,timeout,err_gateway_timeout_504,,False,1
2308,327873,40587,erro_interno,err_unexpected,,False,1
2309,327891,40589,timeout,err_timeout_408,66,True,1
2310,327936,40595,falha_autenticacao,err_auth_401,15,True,1
2311,328369,40645,timeout,err_timeout_408,,False,1
2312,328370,40646,timeout,err_gateway_timeout_504,,False,1
2313,328405,40650,erro_interno,err_internal_500,,False,1
2314,328505,40662,falha_autenticacao,err_credentials_invalid,,False,1
2315,328634,40677,timeout,err_timeout_408,,False,1
2316,328673,40684,timeout,err_timeout_408,42,True,1
2317,328704,40688,timeout,err_timeout_408,38,True,1
2318,328796,40699,erro_interno,err_unexpected,,False,1
2319,329239,40754,timeout,err_timeout_408,,False,1
2320,329290,40759,erro_interno,err_internal_500,,False,1
2321,329710,40808,erro_interno,err_unexpected,14,True,1
2322,329971,40841,falha_autenticacao,err_auth_401,,False,1
2323,330166,40868,erro_interno,err_internal_500,,False,1
2324,330227,40876,timeout,err_gateway_timeout_504,64,True,1
2325,330471,40905,erro_interno,err_unexpected,,False,1
2326,330679,40930,timeout,err_timeout_408,,False,1
2327,330705,40934,servico_indisponivel,err_maintenance,,False,1
2328,330735,40937,timeout,err_gateway_timeout_504,,False,1
2329,330823,40948,erro_interno,err_unexpected,,False,1
2330,330860,40952,erro_interno,err_internal_500,,False,1
2331,330868,40954,timeout,err_gateway_timeout_504,,False,1
2332,331034,40974,falha_autenticacao,err_auth_401,,False,1
2333,331049,40977,falha_autenticacao,err_auth_401,,False,1
2334,331338,41014,timeout,err_timeout_408,10,True,1
2335,331370,41017,erro_interno,err_internal_500,,False,1
2336,331414,41022,erro_interno,err_unexpected,,False,1
2337,331683,41056,falha_autenticacao,err_auth_401,,False,1
2338,331735,41062,erro_interno,err_unexpected,,False,1
2339,331740,41062,timeout,err_gateway_timeout_504,96,True,1
2340,331834,41073,timeout,err_gateway_timeout_504,,False,1
2341,332080,41099,erro_interno,err_internal_500,64,True,1
2342,332423,41141,falha_autenticacao,err_auth_401,11,True,1
2343,332621,41164,timeout,err_gateway_timeout_504,,False,1
2344,332688,41173,conexao_interrompida,err_connection_lost,,False,1
2345,332767,41183,timeout,err_timeout_408,,False,1
2346,332938,41201,timeout,err_gateway_timeout_504,,False,1
2347,333069,41220,erro_interno,err_unexpected,,False,1
2348,333092,41223,timeout,err_timeout_408,63,True,1
2349,333229,41240,erro_interno,err_internal_500,,False,1
2350,333259,41242,erro_interno,err_unexpected,,False,1
2351,333655,41294,erro_interno,err_internal_500,,False,1
2352,333820,41315,timeout,err_timeout_408,,False,1
2353,333829,41316,erro_interno,err_internal_500,36,True,1
2354,333970,41334,timeout,err_timeout_408,,False,1
2355,334138,41354,timeout,err_timeout_408,11,True,1
2356,334594,41409,servico_indisponivel,err_maintenance,22,True,1
2357,334619,41411,timeout,err_gateway_timeout_504,,False,1
2358,334620,41411,erro_interno,err_internal_500,,False,2
2359,334904,41445,erro_interno,err_unexpected,,False,1
2360,335181,41479,falha_autenticacao,err_auth_401,,False,1
2361,335247,41487,timeout,err_gateway_timeout_504,,False,1
2362,335837,41562,falha_autenticacao,err_auth_401,14,True,1
2363,336278,41616,timeout,err_gateway_timeout_504,,False,1
2364,336483,41643,timeout,err_timeout_408,21,True,1
2365,336614,41659,timeout,err_timeout_408,,False,1
2366,336692,41670,erro_interno,err_internal_500,,False,1
2367,336856,41689,erro_interno,err_internal_500,,False,1
2368,337168,41724,erro_interno,err_internal_500,,False,1
2369,337252,41733,timeout,err_timeout_408,,False,1
2370,337572,41772,erro_interno,err_unexpected,,False,1
2371,337633,41780,timeout,err_timeout_408,,False,1
2372,337634,41780,erro_interno,err_internal_500,,False,2
2373,337639,41781,servico_indisponivel,err_service_503,,False,1
2374,337878,41812,timeout,err_timeout_408,32,True,1
2375,337936,41819,erro_interno,err_unexpected,33,True,1
2376,337975,41823,timeout,err_timeout_408,,False,1
2377,338068,41836,servico_indisponivel,err_maintenance,38,True,1
2378,338488,41885,timeout,err_gateway_timeout_504,,False,1
2379,338623,41901,erro_interno,err_unexpected,14,True,1
2380,338713,41913,falha_autenticacao,err_credentials_invalid,,False,1
2381,338777,41920,falha_autenticacao,err_auth_401,15,True,1
2382,339101,41959,timeout,err_timeout_408,,False,1
2383,339473,42005,timeout,err_gateway_timeout_504,,False,1
2384,339602,42019,timeout,err_gateway_timeout_504,,False,1
2385,339734,42035,timeout,err_gateway_timeout_504,,False,1
2386,339823,42050,conexao_interrompida,err_network_unreachable,,False,1
2387,339829,42052,falha_autenticacao,err_auth_401,,False,1
2388,339893,42062,erro_interno,err_internal_500,,False,1
2389,340243,42108,falha_autenticacao,err_auth_401,,False,1
2390,340375,42128,falha_autenticacao,err_credentials_invalid,,False,1
2391,340442,42137,timeout,err_timeout_408,,False,1
2392,340516,42145,timeout,err_timeout_408,44,True,1
2393,340713,42173,falha_autenticacao,err_auth_401,,False,1
2394,341190,42234,timeout,err_gateway_timeout_504,12,True,1
2395,341339,42254,falha_autenticacao,err_credentials_invalid,,False,1
2396,341353,42256,timeout,err_gateway_timeout_504,,False,1
2397,341460,42271,servico_indisponivel,err_maintenance,,False,1
2398,341742,42305,timeout,err_timeout_408,,False,1
2399,341927,42328,timeout,err_timeout_408,,False,1
2400,341989,42334,timeout,err_timeout_408,,False,1
2401,342004,42336,timeout,err_timeout_408,,False,1
2402,342027,42339,timeout,err_gateway_timeout_504,,False,1
2403,342289,42372,erro_interno,err_internal_500,,False,1
2404,342302,42374,falha_autenticacao,err_auth_401,,False,1
2405,342383,42387,timeout,err_timeout_408,38,True,1
2406,342473,42396,timeout,err_gateway_timeout_504,20,True,1
2407,342620,42412,timeout,err_timeout_408,32,True,1
2408,342628,42413,timeout,err_timeout_408,14,True,1
2409,342676,42418,timeout,err_gateway_timeout_504,13,True,1
2410,342757,42428,timeout,err_timeout_408,,False,1
2411,342818,42435,falha_autenticacao,err_credentials_invalid,14,True,1
2412,342913,42447,timeout,err_gateway_timeout_504,,False,1
2413,343005,42459,timeout,err_timeout_408,,False,1
2414,343123,42474,timeout,err_gateway_timeout_504,,False,1
2415,343223,42486,timeout,err_gateway_timeout_504,14,True,1
2416,343238,42488,falha_autenticacao,err_credentials_invalid,15,True,1
2417,343529,42520,timeout,err_timeout_408,,False,1
2418,343608,42531,falha_autenticacao,err_credentials_invalid,,False,1
2419,343672,42538,timeout,err_timeout_408,,False,1
2420,343722,42544,timeout,err_gateway_timeout_504,,False,1
2421,343858,42560,timeout,err_gateway_timeout_504,,False,1
2422,343948,42569,falha_autenticacao,err_credentials_invalid,,False,1
2423,344380,42625,erro_interno,err_unexpected,,False,1
2424,344618,42654,servico_indisponivel,err_maintenance,67,True,1
2425,344647,42658,timeout,err_timeout_408,,False,1
2426,344734,42668,erro_interno,err_internal_500,,False,1
2427,344837,42681,servico_indisponivel,err_service_503,,False,1
2428,344988,42700,timeout,err_gateway_timeout_504,38,True,1
2429,344994,42701,timeout,err_gateway_timeout_504,62,True,1
2430,345078,42712,timeout,err_gateway_timeout_504,,False,1
2431,345398,42749,timeout,err_timeout_408,,False,1
2432,345433,42752,timeout,err_timeout_408,,False,1
2433,345580,42771,timeout,err_timeout_408,,False,1
2434,345675,42786,timeout,err_gateway_timeout_504,,False,1
2435,345682,42787,timeout,err_gateway_timeout_504,,False,1
2436,345794,42801,erro_interno,err_unexpected,,False,1
2437,345853,42808,falha_autenticacao,err_credentials_invalid,,False,1
2438,346113,42840,erro_interno,err_unexpected,,False,1
2439,346141,42844,erro_interno,err_internal_500,,False,1
2440,346502,42891,timeout,err_gateway_timeout_504,,False,1
2441,346709,42914,timeout,err_gateway_timeout_504,31,True,1
2442,346715,42915,servico_indisponivel,err_maintenance,,False,1
2443,346818,42928,timeout,err_gateway_timeout_504,,False,1
2444,347211,42975,falha_autenticacao,err_auth_401,,False,1
2445,347340,42990,timeout,err_gateway_timeout_504,,False,1
2446,347501,43011,servico_indisponivel,err_service_503,,False,1
2447,347643,43028,timeout,err_timeout_408,28,True,1
2448,347644,43028,timeout,err_gateway_timeout_504,,False,2
2449,347751,43041,timeout,err_gateway_timeout_504,,False,1
2450,347768,43043,falha_autenticacao,err_credentials_invalid,,False,1
2451,347778,43045,falha_autenticacao,err_credentials_invalid,13,True,1
2452,347875,43057,timeout,err_timeout_408,,False,1
2453,348176,43099,timeout,err_gateway_timeout_504,,False,1
2454,348244,43108,servico_indisponivel,err_service_503,,False,1
2455,348252,43110,timeout,err_gateway_timeout_504,,False,1
2456,348293,43115,timeout,err_gateway_timeout_504,,False,1
2457,348424,43130,timeout,err_gateway_timeout_504,35,True,1
2458,348450,43133,servico_indisponivel,err_maintenance,,False,1
2459,348526,43140,conexao_interrompida,err_connection_lost,,False,1
2460,348592,43148,timeout,err_gateway_timeout_504,,False,1
2461,348701,43161,erro_interno,err_unexpected,,False,1
2462,348777,43171,erro_interno,err_unexpected,42,True,1
2463,349169,43224,erro_interno,err_unexpected,,False,1
2464,349474,43260,timeout,err_gateway_timeout_504,33,True,1
2465,349528,43267,timeout,err_timeout_408,36,True,1
2466,349529,43267,falha_autenticacao,err_credentials_invalid,,False,2
2467,349562,43272,timeout,err_timeout_408,,False,1
2468,349712,43294,falha_autenticacao,err_auth_401,,False,1
2469,350028,43338,timeout,err_gateway_timeout_504,,False,1
2470,350057,43342,erro_interno,err_unexpected,,False,1
2471,350174,43357,erro_interno,err_internal_500,,False,1
2472,350393,43386,timeout,err_timeout_408,26,True,1
2473,350568,43403,erro_interno,err_internal_500,,False,1
2474,350686,43417,timeout,err_gateway_timeout_504,10,True,1
2475,350874,43442,timeout,err_timeout_408,,False,1
2476,350910,43447,timeout,err_gateway_timeout_504,,False,1
2477,350954,43451,erro_interno,err_unexpected,,False,1
2478,351176,43477,timeout,err_timeout_408,,False,1
2479,351339,43500,timeout,err_gateway_timeout_504,64,True,1
2480,351440,43510,timeout,err_gateway_timeout_504,17,True,1
2481,351552,43524,erro_interno,err_internal_500,,False,1
2482,351882,43565,conexao_interrompida,err_network_unreachable,,False,1
2483,351883,43566,falha_autenticacao,err_auth_401,14,True,1
2484,351926,43572,timeout,err_gateway_timeout_504,179,True,1
2485,352239,43610,timeout,err_gateway_timeout_504,26,True,1
2486,352375,43627,servico_indisponivel,err_maintenance,,False,1
2487,352540,43646,erro_interno,err_unexpected,,False,1
2488,352661,43663,conexao_interrompida,err_connection_lost,211,True,1
2489,352752,43673,falha_autenticacao,err_credentials_invalid,,False,1
2490,352760,43675,timeout,err_timeout_408,,False,1
2491,352812,43681,timeout,err_timeout_408,,False,1
2492,352891,43690,timeout,err_gateway_timeout_504,21,True,1
2493,353088,43714,conexao_interrompida,err_network_unreachable,,False,1
2494,353098,43715,erro_interno,err_internal_500,,False,1
2495,353219,43730,timeout,err_timeout_408,12,True,1
2496,353236,43732,timeout,err_gateway_timeout_504,38,True,1
2497,353910,43813,timeout,err_gateway_timeout_504,,False,1
2498,354305,43868,timeout,err_timeout_408,,False,1
2499,354426,43882,erro_interno,err_unexpected,9,True,1
2500,354440,43884,falha_autenticacao,err_credentials_invalid,,False,1
2501,354490,43890,timeout,err_gateway_timeout_504,24,True,1
2502,354498,43891,erro_interno,err_internal_500,,False,1
2503,354555,43898,timeout,err_gateway_timeout_504,,False,1
2504,354717,43920,timeout,err_timeout_408,32,True,1
2505,354893,43943,timeout,err_gateway_timeout_504,39,True,1
2506,354901,43944,timeout,err_timeout_408,,False,1
2507,354997,43958,timeout,err_timeout_408,,False,1
2508,355007,43959,falha_autenticacao,err_auth_401,14,True,1
2509,355452,44011,falha_autenticacao,err_auth_401,,False,1
2510,355908,44067,timeout,err_timeout_408,,False,1
2511,356160,44101,timeout,err_gateway_timeout_504,,False,1
2512,356229,44110,servico_indisponivel,err_service_503,,False,1
2513,356305,44119,timeout,err_timeout_408,,False,1
2514,356587,44157,timeout,err_gateway_timeout_504,,False,1
2515,356717,44171,timeout,err_gateway_timeout_504,,False,1
2516,356907,44195,timeout,err_timeout_408,16,True,1
2517,356997,44204,timeout,err_gateway_timeout_504,,False,1
2518,357200,44227,erro_interno,err_internal_500,25,True,1
2519,357317,44241,timeout,err_gateway_timeout_504,,False,1
2520,357333,44243,conexao_interrompida,err_network_unreachable,,False,1
2521,357421,44254,falha_autenticacao,err_credentials_invalid,15,True,1
2522,357455,44259,timeout,err_gateway_timeout_504,,False,1
2523,357526,44269,timeout,err_gateway_timeout_504,33,True,1
2524,357623,44281,timeout,err_timeout_408,,False,1
2525,357844,44306,timeout,err_gateway_timeout_504,,False,1
2526,357904,44314,timeout,err_timeout_408,,False,1
2527,357967,44321,timeout,err_timeout_408,,False,1
2528,358236,44356,timeout,err_gateway_timeout_504,26,True,1
2529,358284,44361,timeout,err_gateway_timeout_504,,False,1
2530,358314,44364,timeout,err_gateway_timeout_504,,False,1
2531,358344,44368,timeout,err_gateway_timeout_504,18,True,1
2532,358349,44368,erro_interno,err_unexpected,,False,1
2533,358351,44368,timeout,err_timeout_408,,False,1
2534,358393,44375,erro_interno,err_unexpected,,False,1
2535,358688,44412,timeout,err_timeout_408,,False,1
2536,358706,44416,timeout,err_gateway_timeout_504,15,True,1
2537,358795,44426,falha_autenticacao,err_auth_401,,False,1
2538,358873,44438,timeout,err_timeout_408,,False,1
2539,359006,44453,erro_interno,err_unexpected,,False,1
2540,359011,44454,timeout,err_timeout_408,,False,1
2541,359406,44502,timeout,err_timeout_408,,False,1
2542,359548,44522,timeout,err_gateway_timeout_504,26,True,1
2543,359974,44575,timeout,err_gateway_timeout_504,,False,1
2544,360201,44599,timeout,err_gateway_timeout_504,,False,1
2545,360219,44601,timeout,err_timeout_408,,False,1
2546,360285,44609,timeout,err_timeout_408,,False,1
2547,361040,44698,timeout,err_timeout_408,,False,1
2548,361202,44718,timeout,err_timeout_408,,False,1
2549,361619,44765,falha_autenticacao,err_auth_401,,False,1
2550,361699,44777,timeout,err_timeout_408,,False,1
2551,362287,44841,timeout,err_gateway_timeout_504,32,True,1
2552,362330,44847,timeout,err_gateway_timeout_504,31,True,1
2553,362376,44852,falha_autenticacao,err_credentials_invalid,24,True,1
2554,362485,44864,timeout,err_timeout_408,,False,1
2555,362641,44884,timeout,err_timeout_408,,False,1
2556,362770,44899,timeout,err_gateway_timeout_504,,False,1
2557,363160,44949,falha_autenticacao,err_auth_401,,False,1
2558,363446,44985,servico_indisponivel,err_maintenance,,False,1
2559,363649,45008,timeout,err_gateway_timeout_504,,False,1
2560,363885,45040,timeout,err_gateway_timeout_504,,False,1
2561,364105,45068,timeout,err_gateway_timeout_504,,False,1
2562,364259,45086,servico_indisponivel,err_maintenance,,False,1
2563,364463,45112,timeout,err_timeout_408,,False,1
2564,364721,45152,timeout,err_gateway_timeout_504,,False,1
2565,364987,45183,erro_interno,err_internal_500,27,True,1
2566,365001,45184,timeout,err_timeout_408,,False,1
2567,365032,45189,falha_autenticacao,err_credentials_invalid,,False,1
2568,365226,45215,timeout,err_timeout_408,,False,1
2569,365277,45221,timeout,err_gateway_timeout_504,27,True,1
2570,365296,45223,servico_indisponivel,err_service_503,,False,1
2571,365371,45234,falha_autenticacao,err_credentials_invalid,25,True,1
2572,365691,45269,timeout,err_gateway_timeout_504,64,True,1
2573,365692,45269,timeout,err_gateway_timeout_504,,False,2
2574,365800,45282,falha_autenticacao,err_auth_401,,False,1
2575,365867,45289,timeout,err_gateway_timeout_504,,False,1
2576,366202,45334,timeout,err_timeout_408,,False,1
2577,366226,45338,timeout,err_timeout_408,17,True,1
2578,366368,45355,erro_interno,err_internal_500,,False,1
2579,366428,45361,servico_indisponivel,err_service_503,,False,1
2580,366583,45378,timeout,err_timeout_408,,False,1
2581,366960,45424,falha_autenticacao,err_auth_401,,False,1
2582,367016,45430,timeout,err_gateway_timeout_504,,False,1
2583,367083,45439,timeout,err_gateway_timeout_504,,False,1
2584,367152,45449,timeout,err_gateway_timeout_504,,False,1
2585,367204,45457,timeout,err_timeout_408,,False,1
2586,367294,45468,falha_autenticacao,err_auth_401,10,True,1
2587,367540,45493,timeout,err_gateway_timeout_504,,False,1
2588,367581,45498,falha_autenticacao,err_credentials_invalid,,False,1
2589,367611,45502,timeout,err_gateway_timeout_504,40,True,1
2590,367995,45551,erro_interno,err_unexpected,,False,1
2591,368033,45556,timeout,err_timeout_408,,False,1
2592,368036,45556,erro_interno,err_internal_500,,False,1
2593,368436,45607,timeout,err_timeout_408,,False,1
2594,368528,45618,timeout,err_timeout_408,,False,1
2595,368605,45625,timeout,err_gateway_timeout_504,,False,1
2596,368791,45649,timeout,err_gateway_timeout_504,,False,1
2597,368875,45661,timeout,err_gateway_timeout_504,66,True,1
2598,368910,45665,timeout,err_gateway_timeout_504,,False,1
2599,369676,45758,erro_interno,err_internal_500,,False,1
2600,369725,45764,timeout,err_timeout_408,,False,1
2601,369785,45771,erro_interno,err_unexpected,11,True,1
2602,370264,45830,timeout,err_gateway_timeout_504,,False,1
2603,370271,45831,timeout,err_timeout_408,,False,1
2604,370287,45833,timeout,err_gateway_timeout_504,,False,1
2605,370378,45844,timeout,err_timeout_408,,False,1
2606,370478,45856,timeout,err_gateway_timeout_504,,False,1
2607,370487,45858,timeout,err_timeout_408,,False,1
2608,370586,45871,timeout,err_timeout_408,,False,1
2609,370659,45880,timeout,err_timeout_408,46,True,1
2610,370836,45902,erro_interno,err_unexpected,,False,1
2611,371177,45942,servico_indisponivel,err_maintenance,,False,1
2612,371244,45951,timeout,err_gateway_timeout_504,15,True,1
2613,371302,45957,erro_interno,err_unexpected,11,True,1
2614,371717,46008,falha_autenticacao,err_credentials_invalid,25,True,1
2615,371782,46016,timeout,err_timeout_408,,False,1
2616,372201,46067,conexao_interrompida,err_network_unreachable,,False,1
2617,372405,46092,erro_interno,err_internal_500,88,True,1
2618,372531,46107,servico_indisponivel,err_service_503,,False,1
2619,372742,46132,timeout,err_timeout_408,,False,1
2620,372792,46138,timeout,err_timeout_408,32,True,1
2621,372918,46153,timeout,err_gateway_timeout_504,,False,1
2622,373088,46172,timeout,err_gateway_timeout_504,,False,1
2623,373166,46183,erro_interno,err_internal_500,,False,1
2624,373225,46189,servico_indisponivel,err_maintenance,,False,1
2625,373319,46201,erro_interno,err_unexpected,,False,1
2626,373359,46207,timeout,err_gateway_timeout_504,,False,1
2627,373409,46214,falha_autenticacao,err_credentials_invalid,,False,1
2628,373486,46224,servico_indisponivel,err_service_503,27,True,1
2629,373638,46241,falha_autenticacao,err_credentials_invalid,23,True,1
2630,373755,46253,erro_interno,err_unexpected,35,True,1
2631,373831,46260,timeout,err_gateway_timeout_504,,False,1
2632,373879,46264,erro_interno,err_unexpected,,False,1
2633,373982,46277,falha_autenticacao,err_auth_401,20,True,1
2634,374194,46304,timeout,err_timeout_408,,False,1
2635,374382,46326,timeout,err_gateway_timeout_504,,False,1
2636,374442,46333,erro_interno,err_internal_500,,False,1
2637,375042,46409,timeout,err_gateway_timeout_504,,False,1
2638,375442,46460,timeout,err_timeout_408,42,True,1
2639,375461,46462,timeout,err_gateway_timeout_504,,False,1
2640,375939,46523,timeout,err_timeout_408,,False,1
2641,376020,46534,falha_autenticacao,err_credentials_invalid,,False,1
2642,376101,46545,timeout,err_timeout_408,234,True,1
2643,376209,46554,timeout,err_gateway_timeout_504,,False,1
2644,376383,46578,timeout,err_timeout_408,,False,1
2645,376394,46579,timeout,err_timeout_408,,False,1
2646,376514,46591,timeout,err_timeout_408,,False,1
2647,376856,46631,timeout,err_gateway_timeout_504,,False,1
2648,376889,46635,erro_interno,err_unexpected,,False,1
2649,376943,46642,timeout,err_gateway_timeout_504,,False,1
2650,376965,46644,erro_interno,err_internal_500,57,True,1
2651,377129,46665,timeout,err_gateway_timeout_504,,False,1
2652,377158,46670,falha_autenticacao,err_credentials_invalid,,False,1
2653,377235,46679,timeout,err_timeout_408,,False,1
2654,377263,46683,timeout,err_gateway_timeout_504,,False,1
2655,377299,46687,timeout,err_timeout_408,,False,1
2656,377466,46708,timeout,err_gateway_timeout_504,,False,1
2657,377560,46722,timeout,err_gateway_timeout_504,47,True,1
2658,377616,46729,timeout,err_gateway_timeout_504,,False,1
2659,377751,46746,timeout,err_timeout_408,,False,1
2660,377783,46750,timeout,err_gateway_timeout_504,35,True,1
2661,377971,46773,erro_interno,err_unexpected,48,True,1
2662,378013,46778,falha_autenticacao,err_auth_401,10,True,1
2663,378183,46801,erro_interno,err_internal_500,,False,1
2664,378193,46803,falha_autenticacao,err_auth_401,,False,1
2665,378253,46811,timeout,err_gateway_timeout_504,,False,1
2666,378415,46831,timeout,err_timeout_408,,False,1
2667,378553,46848,timeout,err_timeout_408,40,True,1
2668,378696,46866,erro_interno,err_unexpected,,False,1
2669,378751,46873,falha_autenticacao,err_credentials_invalid,,False,1
2670,379204,46928,timeout,err_gateway_timeout_504,55,True,1
2671,379207,46928,timeout,err_gateway_timeout_504,40,True,1
2672,379391,46947,timeout,err_timeout_408,,False,1
2673,379751,46986,timeout,err_gateway_timeout_504,,False,1
2674,380086,47027,timeout,err_timeout_408,74,True,1
2675,380282,47052,erro_interno,err_unexpected,25,True,1
2676,380366,47063,timeout,err_gateway_timeout_504,20,True,1
2677,380429,47069,servico_indisponivel,err_maintenance,,False,1
2678,380627,47091,timeout,err_gateway_timeout_504,27,True,1
2679,380697,47100,falha_autenticacao,err_credentials_invalid,,False,1
2680,380936,47130,erro_interno,err_unexpected,,False,1
2681,381102,47153,timeout,err_timeout_408,,False,1
2682,381341,47181,timeout,err_timeout_408,,False,1
2683,381439,47193,erro_interno,err_internal_500,8,True,1
2684,381561,47209,timeout,err_timeout_408,14,True,1
2685,381605,47214,timeout,err_timeout_408,,False,1
2686,381652,47221,timeout,err_timeout_408,,False,1
2687,382448,47325,timeout,err_gateway_timeout_504,,False,1
2688,382453,47326,timeout,err_timeout_408,,False,1
2689,382553,47338,servico_indisponivel,err_maintenance,,False,1
2690,382554,47339,timeout,err_gateway_timeout_504,,False,1
2691,382647,47352,timeout,err_gateway_timeout_504,,False,1
2692,383079,47404,timeout,err_timeout_408,,False,1
2693,383174,47416,timeout,err_timeout_408,,False,1
2694,383201,47419,timeout,err_gateway_timeout_504,,False,1
2695,383258,47425,erro_interno,err_internal_500,,False,1
2696,383315,47432,erro_interno,err_internal_500,,False,1
2697,383321,47433,timeout,err_timeout_408,11,True,1
2698,383393,47440,servico_indisponivel,err_service_503,,False,1
2699,383548,47459,timeout,err_gateway_timeout_504,14,True,1
2700,383580,47462,timeout,err_timeout_408,,False,1
2701,383776,47485,timeout,err_timeout_408,,False,1
2702,383898,47501,timeout,err_gateway_timeout_504,,False,1
2703,383915,47504,erro_interno,err_unexpected,,False,1
2704,383958,47509,timeout,err_gateway_timeout_504,,False,1
2705,384205,47538,timeout,err_gateway_timeout_504,,False,1
2706,384275,47546,timeout,err_gateway_timeout_504,,False,1
2707,384308,47551,timeout,err_gateway_timeout_504,29,True,1
2708,385190,47670,falha_autenticacao,err_auth_401,,False,1
2709,385295,47685,timeout,err_timeout_408,30,True,1
2710,385303,47686,timeout,err_gateway_timeout_504,,False,1
2711,385414,47699,falha_autenticacao,err_credentials_invalid,13,True,1
2712,385415,47699,falha_autenticacao,err_auth_401,17,True,2
2713,385444,47703,timeout,err_timeout_408,,False,1
2714,385513,47712,timeout,err_timeout_408,,False,1
2715,385520,47713,timeout,err_gateway_timeout_504,,False,1
2716,386469,47822,timeout,err_timeout_408,,False,1
2717,386512,47829,falha_autenticacao,err_auth_401,,False,1
2718,386684,47853,timeout,err_timeout_408,,False,1
2719,386719,47858,timeout,err_timeout_408,,False,1
2720,386733,47860,timeout,err_gateway_timeout_504,37,True,1
2721,387361,47937,servico_indisponivel,err_maintenance,,False,1
2722,387380,47939,timeout,err_gateway_timeout_504,,False,1
2723,387399,47940,servico_indisponivel,err_service_503,,False,1
2724,387444,47945,timeout,err_timeout_408,,False,1
2725,387828,47995,erro_interno,err_unexpected,,False,1
2726,387838,47997,timeout,err_timeout_408,,False,1
2727,387905,48004,timeout,err_timeout_408,,False,1
2728,387989,48014,falha_autenticacao,err_auth_401,14,True,1
2729,388154,48032,erro_interno,err_unexpected,35,True,1
2730,388365,48056,timeout,err_timeout_408,,False,1
2731,388372,48057,falha_autenticacao,err_credentials_invalid,,False,1
2732,388451,48066,timeout,err_timeout_408,,False,1
2733,388633,48088,timeout,err_gateway_timeout_504,,False,1
2734,388733,48100,timeout,err_gateway_timeout_504,34,True,1
2735,388755,48103,timeout,err_gateway_timeout_504,,False,1
2736,388849,48115,timeout,err_gateway_timeout_504,35,True,1
2737,388992,48135,timeout,err_gateway_timeout_504,33,True,1
2738,389144,48156,falha_autenticacao,err_auth_401,,False,1
2739,389303,48173,timeout,err_timeout_408,,False,1
2740,389866,48243,servico_indisponivel,err_maintenance,,False,1
2741,389934,48253,erro_interno,err_internal_500,,False,1
2742,389947,48254,falha_autenticacao,err_credentials_invalid,,False,1
2743,389964,48257,servico_indisponivel,err_service_503,,False,1
2744,390191,48286,timeout,err_timeout_408,21,True,1
2745,390221,48289,timeout,err_gateway_timeout_504,28,True,1
2746,390222,48289,servico_indisponivel,err_service_503,27,True,2
2747,390695,48347,timeout,err_gateway_timeout_504,13,True,1
2748,390726,48351,falha_autenticacao,err_credentials_invalid,25,True,1
2749,390885,48373,falha_autenticacao,err_credentials_invalid,12,True,1
2750,391041,48392,timeout,err_timeout_408,,False,1
2751,391271,48418,timeout,err_timeout_408,,False,1
2752,391350,48431,timeout,err_timeout_408,,False,1
2753,391630,48465,erro_interno,err_unexpected,,False,1
2754,391692,48474,timeout,err_timeout_408,84,True,1
2755,391776,48483,timeout,err_gateway_timeout_504,,False,1
2756,391783,48484,timeout,err_gateway_timeout_504,33,True,1
2757,391893,48497,falha_autenticacao,err_auth_401,,False,1
2758,392022,48513,timeout,err_gateway_timeout_504,34,True,1
2759,392262,48542,timeout,err_timeout_408,,False,1
2760,392346,48553,erro_interno,err_internal_500,14,True,1
2761,392432,48565,falha_autenticacao,err_credentials_invalid,22,True,1
2762,392464,48568,servico_indisponivel,err_maintenance,,False,1
2763,392744,48598,erro_interno,err_internal_500,,False,1
2764,392796,48603,timeout,err_gateway_timeout_504,,False,1
2765,392907,48616,timeout,err_gateway_timeout_504,,False,1
2766,393066,48636,timeout,err_timeout_408,,False,1
2767,393151,48647,timeout,err_timeout_408,,False,1
2768,393217,48657,timeout,err_gateway_timeout_504,,False,1
2769,393320,48667,timeout,err_timeout_408,,False,1
2770,393391,48676,falha_autenticacao,err_credentials_invalid,,False,1
2771,394302,48789,timeout,err_timeout_408,,False,1
2772,394848,48853,timeout,err_gateway_timeout_504,,False,1
2773,394975,48870,timeout,err_timeout_408,,False,1
2774,395034,48877,timeout,err_gateway_timeout_504,,False,1
2775,395376,48921,erro_interno,err_unexpected,22,True,1
2776,395415,48925,timeout,err_gateway_timeout_504,18,True,1
2777,395451,48928,timeout,err_gateway_timeout_504,,False,1
2778,395507,48934,timeout,err_gateway_timeout_504,,False,1
2779,395533,48937,falha_autenticacao,err_credentials_invalid,10,True,1
2780,395581,48944,timeout,err_gateway_timeout_504,,False,1
2781,395648,48953,timeout,err_timeout_408,,False,1
2782,395727,48960,erro_interno,err_unexpected,,False,1
2783,395769,48967,erro_interno,err_unexpected,,False,1
2784,396049,49002,timeout,err_timeout_408,,False,1
2785,396050,49002,falha_autenticacao,err_credentials_invalid,8,True,2
2786,396628,49069,timeout,err_timeout_408,,False,1
2787,396875,49098,timeout,err_gateway_timeout_504,17,True,1
2788,397309,49155,erro_interno,err_unexpected,34,True,1
2789,397432,49171,timeout,err_gateway_timeout_504,29,True,1
2790,397520,49180,timeout,err_timeout_408,,False,1
2791,397530,49182,timeout,err_gateway_timeout_504,,False,1
2792,397626,49194,timeout,err_gateway_timeout_504,,False,1
2793,397727,49205,erro_interno,err_unexpected,,False,1
2794,397776,49211,timeout,err_timeout_408,,False,1
2795,397987,49236,erro_interno,err_unexpected,34,True,1
2796,398121,49253,erro_interno,err_internal_500,,False,1
2797,398299,49276,erro_interno,err_internal_500,,False,1
2798,398309,49277,timeout,err_gateway_timeout_504,,False,1
2799,398580,49308,timeout,err_timeout_408,47,True,1
2800,398747,49328,falha_autenticacao,err_auth_401,,False,1
2801,398918,49349,timeout,err_gateway_timeout_504,,False,1
2802,399015,49362,timeout,err_timeout_408,12,True,1
2803,399030,49364,falha_autenticacao,err_auth_401,,False,1
2804,399156,49380,falha_autenticacao,err_auth_401,,False,1
2805,399212,49388,timeout,err_gateway_timeout_504,,False,1
2806,399431,49413,erro_interno,err_unexpected,40,True,1
2807,399497,49420,timeout,err_timeout_408,,False,1
2808,399600,49433,timeout,err_gateway_timeout_504,56,True,1
2809,399664,49442,timeout,err_gateway_timeout_504,,False,1
2810,399780,49456,timeout,err_timeout_408,,False,1
2811,399818,49462,falha_autenticacao,err_auth_401,,False,1
2812,399830,49464,falha_autenticacao,err_credentials_invalid,15,True,1
2813,399952,49477,falha_autenticacao,err_auth_401,,False,1
2814,399966,49479,erro_interno,err_internal_500,,False,1
2815,399971,49480,timeout,err_gateway_timeout_504,,False,1
2816,400000,49483,erro_interno,err_unexpected,,False,1
2817,400034,49488,timeout,err_timeout_408,,False,1
2818,400277,49516,erro_interno,err_unexpected,,False,1
2819,400400,49531,timeout,err_gateway_timeout_504,,False,1
2820,400461,49540,falha_autenticacao,err_auth_401,,False,1
2821,400513,49548,timeout,err_timeout_408,60,True,1
2822,400704,49574,timeout,err_timeout_408,,False,1
2823,400705,49574,timeout,err_gateway_timeout_504,,False,2
2824,401331,49646,erro_interno,err_internal_500,30,True,1
2825,401477,49663,erro_interno,err_unexpected,,False,1
2826,401504,49666,falha_autenticacao,err_credentials_invalid,,False,1
2827,401627,49681,timeout,err_gateway_timeout_504,31,True,1
2828,401665,49686,falha_autenticacao,err_auth_401,,False,1
2829,401736,49697,timeout,err_timeout_408,19,True,1
2830,401995,49727,timeout,err_timeout_408,31,True,1
2831,402759,49818,erro_interno,err_internal_500,,False,1
2832,402944,49838,timeout,err_timeout_408,23,True,1
2833,402956,49839,falha_autenticacao,err_credentials_invalid,14,True,1
2834,403268,49880,timeout,err_timeout_408,57,True,1
2835,403397,49896,timeout,err_timeout_408,,False,1
2836,403498,49907,timeout,err_timeout_408,,False,1
2837,403531,49912,timeout,err_gateway_timeout_504,,False,1
2838,403684,49930,timeout,err_timeout_408,31,True,1
2839,403757,49940,timeout,err_gateway_timeout_504,14,True,1
2840,403940,49963,erro_interno,err_unexpected,,False,1
2841,403947,49964,erro_interno,err_unexpected,,False,1
2842,404085,49980,timeout,err_timeout_408,40,True,1
2843,404189,49993,timeout,err_gateway_timeout_504,11,True,1
2844,404353,50014,falha_autenticacao,err_credentials_invalid,,False,1
2845,404767,50062,timeout,err_timeout_408,,False,1
2846,404931,50082,servico_indisponivel,err_maintenance,,False,1
2847,405135,50105,timeout,err_gateway_timeout_504,31,True,1
2848,405178,50111,erro_interno,err_internal_500,,False,1
2849,405328,50129,timeout,err_gateway_timeout_504,31,True,1
2850,405348,50131,erro_interno,err_unexpected,,False,1
2851,405589,50161,timeout,err_gateway_timeout_504,,False,1
2852,405934,50202,timeout,err_timeout_408,,False,1
2853,406049,50215,erro_interno,err_unexpected,19,True,1
2854,406205,50235,erro_interno,err_unexpected,,False,1
2855,406373,50254,erro_interno,err_unexpected,,False,1
2856,406499,50269,timeout,err_timeout_408,,False,1
2857,406539,50273,erro_interno,err_unexpected,,False,1
2858,406595,50281,falha_autenticacao,err_auth_401,,False,1
2859,406967,50327,falha_autenticacao,err_credentials_invalid,20,True,1
2860,406970,50327,erro_interno,err_unexpected,,False,1
2861,406975,50327,timeout,err_timeout_408,123,True,1
2862,407219,50356,falha_autenticacao,err_auth_401,14,True,1
2863,407585,50401,servico_indisponivel,err_maintenance,,False,1
2864,407707,50417,falha_autenticacao,err_credentials_invalid,,False,1
2865,407908,50446,timeout,err_gateway_timeout_504,,False,1
2866,407932,50450,timeout,err_timeout_408,,False,1
2867,408022,50461,falha_autenticacao,err_credentials_invalid,,False,1
2868,408233,50484,timeout,err_timeout_408,35,True,1
2869,408334,50496,timeout,err_timeout_408,,False,1
2870,408474,50514,timeout,err_timeout_408,32,True,1
2871,408548,50525,timeout,err_timeout_408,,False,1
2872,408820,50561,falha_autenticacao,err_credentials_invalid,,False,1
2873,408962,50575,erro_interno,err_internal_500,,False,1
2874,408999,50581,timeout,err_timeout_408,,False,1
2875,409019,50584,erro_interno,err_unexpected,,False,1
2876,409034,50586,erro_interno,err_internal_500,,False,1
2877,409071,50589,erro_interno,err_unexpected,,False,1
2878,409192,50604,timeout,err_timeout_408,,False,1
2879,409444,50634,timeout,err_timeout_408,,False,1
2880,409669,50660,timeout,err_gateway_timeout_504,,False,1
2881,409912,50687,falha_autenticacao,err_credentials_invalid,21,True,1
2882,410165,50715,erro_interno,err_unexpected,,False,1
2883,410213,50720,erro_interno,err_unexpected,,False,1
2884,410231,50724,falha_autenticacao,err_credentials_invalid,12,True,1
2885,410232,50724,timeout,err_timeout_408,,False,2
2886,410699,50785,falha_autenticacao,err_auth_401,19,True,1
2887,410982,50819,erro_interno,err_internal_500,,False,1
2888,411206,50849,timeout,err_timeout_408,13,True,1
2889,411329,50865,erro_interno,err_internal_500,,False,1
2890,412067,50957,timeout,err_gateway_timeout_504,,False,1
2891,412233,50979,servico_indisponivel,err_maintenance,,False,1
2892,412418,51003,timeout,err_gateway_timeout_504,,False,1
2893,412515,51015,erro_interno,err_unexpected,,False,1
2894,412530,51017,timeout,err_gateway_timeout_504,47,True,1
2895,412662,51034,timeout,err_gateway_timeout_504,,False,1
2896,412680,51037,timeout,err_gateway_timeout_504,,False,1
2897,412700,51041,timeout,err_timeout_408,,False,1
2898,412763,51048,erro_interno,err_unexpected,,False,1
2899,412815,51054,timeout,err_gateway_timeout_504,,False,1
2900,413213,51102,timeout,err_gateway_timeout_504,13,True,1
2901,413370,51120,timeout,err_gateway_timeout_504,,False,1
2902,413518,51137,servico_indisponivel,err_maintenance,,False,1
2903,413582,51146,timeout,err_timeout_408,,False,1
2904,413587,51146,erro_interno,err_unexpected,,False,1
2905,413783,51170,erro_interno,err_unexpected,36,True,1
2906,413856,51178,falha_autenticacao,err_auth_401,,False,1
2907,414109,51211,timeout,err_timeout_408,50,True,1
2908,414124,51213,timeout,err_gateway_timeout_504,,False,1
2909,414219,51224,servico_indisponivel,err_service_503,,False,1
2910,414456,51253,timeout,err_gateway_timeout_504,40,True,1
2911,414479,51256,erro_interno,err_unexpected,,False,1
2912,414709,51286,timeout,err_gateway_timeout_504,,False,1
2913,414893,51310,timeout,err_timeout_408,34,True,1
2914,415072,51334,falha_autenticacao,err_auth_401,26,True,1
2915,415136,51341,falha_autenticacao,err_auth_401,,False,1
2916,415137,51342,timeout,err_timeout_408,,False,1
2917,415218,51351,timeout,err_gateway_timeout_504,33,True,1
2918,415241,51354,erro_interno,err_unexpected,,False,1
2919,415310,51362,timeout,err_gateway_timeout_504,,False,1
2920,415359,51369,servico_indisponivel,err_maintenance,10,True,1
2921,415673,51406,timeout,err_timeout_408,,False,1
2922,415944,51439,servico_indisponivel,err_service_503,20,True,1
2923,416004,51446,servico_indisponivel,err_maintenance,,False,1
2924,416124,51462,servico_indisponivel,err_service_503,,False,1
2925,416338,51487,erro_interno,err_unexpected,,False,1
2926,416415,51497,erro_interno,err_unexpected,,False,1
2927,416555,51516,timeout,err_gateway_timeout_504,,False,1
2928,416838,51548,erro_interno,err_internal_500,,False,1
2929,417184,51589,timeout,err_gateway_timeout_504,,False,1
2930,417285,51600,timeout,err_gateway_timeout_504,,False,1
2931,417342,51607,timeout,err_timeout_408,,False,1
2932,417852,51671,erro_interno,err_unexpected,,False,1
2933,417862,51673,timeout,err_gateway_timeout_504,13,True,1
2934,418076,51699,erro_interno,err_internal_500,,False,1
2935,418192,51714,timeout,err_gateway_timeout_504,,False,1
2936,418205,51717,timeout,err_timeout_408,15,True,1
2937,418538,51757,erro_interno,err_internal_500,,False,1
2938,418649,51772,erro_interno,err_unexpected,14,True,1
2939,418654,51773,timeout,err_gateway_timeout_504,15,True,1
2940,418655,51773,timeout,err_timeout_408,,False,2
2941,418656,51773,falha_autenticacao,err_credentials_invalid,,False,3
2942,418737,51784,erro_interno,err_unexpected,,False,1
2943,418868,51800,erro_interno,err_internal_500,40,True,1
2944,418940,51809,timeout,err_timeout_408,,False,1
2945,418976,51815,timeout,err_gateway_timeout_504,23,True,1
2946,419012,51818,timeout,err_timeout_408,,False,1
2947,419143,51836,timeout,err_timeout_408,,False,1
2948,419254,51849,timeout,err_gateway_timeout_504,17,True,1
2949,419275,51851,erro_interno,err_internal_500,,False,1
2950,419297,51855,timeout,err_timeout_408,18,True,1
2951,419345,51860,erro_interno,err_unexpected,,False,1
2952,419886,51931,timeout,err_gateway_timeout_504,20,True,1
2953,419937,51937,timeout,err_timeout_408,40,True,1
2954,419968,51941,servico_indisponivel,err_service_503,,False,1
2955,419994,51944,timeout,err_gateway_timeout_504,,False,1
2956,420047,51949,erro_interno,err_internal_500,,False,1
2957,420071,51952,timeout,err_timeout_408,,False,1
2958,420076,51952,timeout,err_timeout_408,,False,1
2959,420182,51966,timeout,err_timeout_408,48,True,1
2960,420229,51972,falha_autenticacao,err_credentials_invalid,14,True,1
2961,420609,52021,timeout,err_timeout_408,,False,1
2962,420737,52035,timeout,err_gateway_timeout_504,27,True,1
2963,420936,52058,erro_interno,err_unexpected,,False,1
2964,421058,52070,falha_autenticacao,err_auth_401,,False,1
2965,421161,52083,timeout,err_timeout_408,,False,1
2966,421319,52103,erro_interno,err_internal_500,41,True,1
2967,421418,52113,erro_interno,err_unexpected,,False,1
2968,421546,52131,falha_autenticacao,err_credentials_invalid,9,True,1
2969,421659,52145,timeout,err_timeout_408,,False,1
2970,421672,52148,timeout,err_timeout_408,,False,1
2971,421748,52158,timeout,err_gateway_timeout_504,,False,1
2972,421798,52163,timeout,err_gateway_timeout_504,11,True,1
2973,421998,52186,timeout,err_timeout_408,,False,1
2974,422008,52188,timeout,err_gateway_timeout_504,,False,1
2975,422066,52198,falha_autenticacao,err_credentials_invalid,19,True,1
2976,422067,52198,timeout,err_gateway_timeout_504,,False,2
2977,422122,52204,erro_interno,err_internal_500,,False,1
2978,422797,52281,timeout,err_gateway_timeout_504,,False,1
2979,423262,52341,servico_indisponivel,err_maintenance,,False,1
2980,423271,52342,erro_interno,err_unexpected,,False,1
2981,423347,52353,erro_interno,err_internal_500,32,True,1
2982,423353,52354,timeout,err_gateway_timeout_504,,False,1
2983,423474,52371,timeout,err_gateway_timeout_504,,False,1
2984,423861,52418,timeout,err_gateway_timeout_504,,False,1
2985,424070,52441,falha_autenticacao,err_credentials_invalid,17,True,1
2986,424161,52451,falha_autenticacao,err_credentials_invalid,11,True,1
2987,424238,52461,timeout,err_timeout_408,30,True,1
2988,424241,52461,erro_interno,err_internal_500,,False,1
2989,424302,52469,erro_interno,err_unexpected,,False,1
2990,424331,52474,timeout,err_gateway_timeout_504,37,True,1
2991,424378,52478,erro_interno,err_internal_500,39,True,1
2992,424531,52496,falha_autenticacao,err_auth_401,21,True,1
2993,424536,52496,timeout,err_timeout_408,,False,1
2994,424591,52505,falha_autenticacao,err_auth_401,,False,1
2995,424643,52511,falha_autenticacao,err_credentials_invalid,,False,1
2996,424807,52531,servico_indisponivel,err_service_503,,False,1
2997,425069,52563,timeout,err_gateway_timeout_504,,False,1
2998,425117,52571,timeout,err_timeout_408,,False,1
2999,425353,52601,falha_autenticacao,err_credentials_invalid,23,True,1
3000,425436,52611,falha_autenticacao,err_auth_401,,False,1
3001,425444,52613,timeout,err_gateway_timeout_504,,False,1
3002,425527,52622,servico_indisponivel,err_maintenance,,False,1
3003,425617,52634,falha_autenticacao,err_credentials_invalid,,False,1
3004,425644,52639,erro_interno,err_unexpected,13,True,1
3005,426212,52712,timeout,err_timeout_408,18,True,1
3006,426338,52726,erro_interno,err_internal_500,8,True,1
3007,426340,52726,erro_interno,err_internal_500,,False,1
3008,426460,52742,erro_interno,err_unexpected,,False,1
3009,426653,52764,timeout,err_gateway_timeout_504,,False,1
3010,426689,52770,falha_autenticacao,err_auth_401,14,True,1
3011,426690,52770,timeout,err_gateway_timeout_504,,False,2
3012,427456,52864,falha_autenticacao,err_credentials_invalid,,False,1
3013,427529,52873,timeout,err_timeout_408,,False,1
3014,427639,52889,timeout,err_timeout_408,46,True,1
3015,427736,52901,timeout,err_timeout_408,23,True,1
3016,428096,52946,erro_interno,err_unexpected,,False,1
3017,428260,52967,erro_interno,err_internal_500,,False,1
3018,428580,53008,timeout,err_gateway_timeout_504,,False,1
3019,428680,53020,timeout,err_timeout_408,21,True,1
3020,428879,53042,falha_autenticacao,err_credentials_invalid,21,True,1
3021,428882,53042,timeout,err_gateway_timeout_504,63,True,1
3022,428944,53049,erro_interno,err_unexpected,78,True,1
3023,429030,53060,timeout,err_timeout_408,28,True,1
3024,429163,53076,timeout,err_gateway_timeout_504,36,True,1
3025,429225,53083,timeout,err_gateway_timeout_504,,False,1
3026,429495,53113,timeout,err_timeout_408,38,True,1
3027,429576,53123,falha_autenticacao,err_auth_401,,False,1
3028,429599,53126,timeout,err_timeout_408,,False,1
3029,429639,53132,timeout,err_gateway_timeout_504,25,True,1
3030,429645,53133,timeout,err_gateway_timeout_504,21,True,1
3031,429724,53143,timeout,err_timeout_408,,False,1
3032,429733,53144,timeout,err_gateway_timeout_504,9,True,1
3033,429826,53154,timeout,err_gateway_timeout_504,,False,1
3034,429834,53154,erro_interno,err_internal_500,78,True,1
3035,429917,53164,timeout,err_timeout_408,,False,1
3036,429948,53169,falha_autenticacao,err_auth_401,14,True,1
3037,430551,53241,timeout,err_gateway_timeout_504,,False,1
3038,430608,53248,falha_autenticacao,err_credentials_invalid,15,True,1
3039,430609,53248,timeout,err_timeout_408,15,True,2
3040,430663,53253,timeout,err_gateway_timeout_504,,False,1
3041,430728,53262,falha_autenticacao,err_credentials_invalid,15,True,1
3042,430741,53264,falha_autenticacao,err_credentials_invalid,,False,1
3043,430759,53266,servico_indisponivel,err_maintenance,22,True,1
3044,430963,53295,timeout,err_gateway_timeout_504,,False,1
3045,431014,53302,servico_indisponivel,err_service_503,,False,1
3046,431017,53302,timeout,err_timeout_408,,False,1
3047,431149,53318,falha_autenticacao,err_credentials_invalid,,False,1
3048,431202,53324,timeout,err_gateway_timeout_504,,False,1
3049,431670,53384,timeout,err_gateway_timeout_504,,False,1
3050,431885,53410,erro_interno,err_internal_500,,False,1
3051,431921,53415,falha_autenticacao,err_auth_401,,False,1
3052,431948,53420,timeout,err_timeout_408,25,True,1
3053,432699,53512,timeout,err_gateway_timeout_504,,False,1
3054,432753,53518,timeout,err_gateway_timeout_504,,False,1
3055,432830,53529,timeout,err_gateway_timeout_504,,False,1
3056,432905,53538,timeout,err_gateway_timeout_504,,False,1
3057,432978,53547,falha_autenticacao,err_credentials_invalid,,False,1
3058,433046,53557,timeout,err_gateway_timeout_504,11,True,1
3059,433087,53563,timeout,err_gateway_timeout_504,17,True,1
3060,433309,53589,erro_interno,err_unexpected,,False,1
3061,433444,53606,timeout,err_timeout_408,,False,1
3062,433517,53615,erro_interno,err_unexpected,,False,1
3063,433752,53646,timeout,err_timeout_408,,False,1
3064,433866,53662,timeout,err_timeout_408,38,True,1
3065,433874,53663,timeout,err_gateway_timeout_504,,False,1
3066,434428,53735,timeout,err_timeout_408,,False,1
3067,434840,53791,timeout,err_timeout_408,,False,1
3068,434843,53792,erro_interno,err_internal_500,,False,1
3069,435385,53856,falha_autenticacao,err_credentials_invalid,13,True,1
3070,435446,53864,timeout,err_timeout_408,,False,1
3071,435727,53899,timeout,err_timeout_408,35,True,1
3072,435838,53913,timeout,err_gateway_timeout_504,,False,1
3073,435947,53925,timeout,err_timeout_408,,False,1
3074,436091,53945,falha_autenticacao,err_auth_401,,False,1
3075,436277,53967,erro_interno,err_internal_500,,False,1
3076,436381,53980,timeout,err_gateway_timeout_504,,False,1
3077,436478,53993,timeout,err_gateway_timeout_504,,False,1
3078,436628,54013,timeout,err_timeout_408,,False,1
3079,436843,54040,timeout,err_gateway_timeout_504,,False,1
3080,436887,54048,servico_indisponivel,err_maintenance,,False,1
3081,436956,54057,servico_indisponivel,err_maintenance,18,True,1
3082,436972,54060,falha_autenticacao,err_auth_401,,False,1
3083,436979,54060,timeout,err_gateway_timeout_504,91,True,1
3084,436983,54061,timeout,err_gateway_timeout_504,,False,1
3085,437123,54079,erro_interno,err_internal_500,,False,1
3086,437161,54083,timeout,err_gateway_timeout_504,,False,1
3087,437221,54091,timeout,err_gateway_timeout_504,10,True,1
3088,437318,54101,timeout,err_gateway_timeout_504,,False,1
3089,437436,54116,erro_interno,err_internal_500,8,True,1
3090,437631,54141,timeout,err_timeout_408,15,True,1
3091,437637,54142,falha_autenticacao,err_credentials_invalid,,False,1
3092,437688,54149,timeout,err_gateway_timeout_504,19,True,1
3093,437984,54184,erro_interno,err_unexpected,,False,1
3094,438102,54198,falha_autenticacao,err_auth_401,,False,1
3095,438165,54207,timeout,err_gateway_timeout_504,,False,1
3096,438294,54222,timeout,err_timeout_408,,False,1
3097,438466,54242,timeout,err_gateway_timeout_504,,False,1
3098,438469,54243,conexao_interrompida,err_network_unreachable,63,True,1
3099,438524,54251,timeout,err_timeout_408,38,True,1
3100,438798,54284,timeout,err_timeout_408,,False,1
3101,438956,54304,timeout,err_gateway_timeout_504,,False,1
3102,439089,54321,erro_interno,err_internal_500,37,True,1
3103,439135,54326,servico_indisponivel,err_service_503,,False,1
3104,439154,54328,timeout,err_timeout_408,,False,1
3105,439188,54332,falha_autenticacao,err_credentials_invalid,,False,1
3106,439234,54340,servico_indisponivel,err_maintenance,,False,1
3107,439260,54343,erro_interno,err_internal_500,6,True,1
3108,439352,54355,erro_interno,err_internal_500,34,True,1
3109,439381,54359,falha_autenticacao,err_credentials_invalid,,False,1
3110,439655,54392,timeout,err_gateway_timeout_504,33,True,1
3111,439750,54402,erro_interno,err_unexpected,,False,1
3112,439924,54424,falha_autenticacao,err_credentials_invalid,15,True,1
3113,439997,54434,timeout,err_gateway_timeout_504,,False,1
3114,440005,54435,timeout,err_gateway_timeout_504,,False,1
3115,440009,54435,timeout,err_gateway_timeout_504,,False,1
3116,440056,54442,timeout,err_timeout_408,,False,1
3117,440167,54454,erro_interno,err_unexpected,,False,1
3118,440177,54455,erro_interno,err_internal_500,,False,1
3119,440258,54466,timeout,err_timeout_408,,False,1
3120,440302,54471,erro_interno,err_internal_500,10,True,1
3121,440439,54488,timeout,err_timeout_408,34,True,1
3122,440812,54540,erro_interno,err_unexpected,,False,1
3123,440923,54554,timeout,err_gateway_timeout_504,,False,1
3124,441164,54582,timeout,err_timeout_408,40,True,1
3125,441210,54587,falha_autenticacao,err_credentials_invalid,12,True,1
3126,441418,54611,erro_interno,err_unexpected,,False,1
3127,441515,54624,timeout,err_gateway_timeout_504,,False,1
3128,441526,54627,timeout,err_timeout_408,,False,1
3129,441540,54629,timeout,err_timeout_408,,False,1
3130,441756,54654,timeout,err_gateway_timeout_504,,False,1
3131,441768,54656,timeout,err_timeout_408,,False,1
3132,442022,54688,falha_autenticacao,err_credentials_invalid,,False,1
3133,442049,54693,falha_autenticacao,err_auth_401,9,True,1
3134,442087,54698,falha_autenticacao,err_credentials_invalid,,False,1
3135,442214,54713,erro_interno,err_unexpected,,False,1
3136,442395,54738,falha_autenticacao,err_credentials_invalid,14,True,1
3137,442660,54772,erro_interno,err_internal_500,,False,1
3138,443445,54871,timeout,err_gateway_timeout_504,,False,1
3139,443476,54874,servico_indisponivel,err_maintenance,,False,1
3140,443767,54908,timeout,err_gateway_timeout_504,,False,1
3141,443962,54931,timeout,err_gateway_timeout_504,,False,1
3142,443987,54934,erro_interno,err_internal_500,43,True,1
3143,444107,54951,falha_autenticacao,err_credentials_invalid,,False,1
3144,444108,54951,falha_autenticacao,err_credentials_invalid,32,True,2
3145,444109,54951,servico_indisponivel,err_service_503,,False,3
3146,444174,54960,falha_autenticacao,err_auth_401,,False,1
3147,444584,55014,erro_interno,err_internal_500,,False,1
3148,445094,55080,timeout,err_gateway_timeout_504,8,True,1
3149,445259,55100,timeout,err_gateway_timeout_504,,False,1
3150,445264,55101,servico_indisponivel,err_maintenance,13,True,1
3151,445292,55104,timeout,err_timeout_408,,False,1
3152,445682,55148,erro_interno,err_unexpected,,False,1
3153,445716,55152,timeout,err_timeout_408,,False,1
3154,445833,55169,erro_interno,err_internal_500,,False,1
3155,445964,55186,erro_interno,err_internal_500,,False,1
3156,446135,55207,timeout,err_timeout_408,,False,1
3157,446170,55212,servico_indisponivel,err_maintenance,,False,1
3158,446427,55241,timeout,err_gateway_timeout_504,40,True,1
3159,446432,55241,timeout,err_timeout_408,71,True,1
3160,446454,55244,servico_indisponivel,err_service_503,,False,1
3161,446554,55256,falha_autenticacao,err_credentials_invalid,33,True,1
3162,446594,55261,falha_autenticacao,err_credentials_invalid,,False,1
3163,446772,55285,timeout,err_gateway_timeout_504,,False,1
3164,446947,55308,timeout,err_gateway_timeout_504,,False,1
3165,447055,55322,conexao_interrompida,err_connection_lost,,False,1
3166,447280,55354,timeout,err_timeout_408,,False,1
3167,447316,55358,timeout,err_gateway_timeout_504,,False,1
3168,447435,55374,erro_interno,err_unexpected,,False,1
3169,447445,55375,falha_autenticacao,err_auth_401,,False,1
3170,447672,55406,timeout,err_gateway_timeout_504,,False,1
3171,447764,55418,timeout,err_gateway_timeout_504,9,True,1
3172,447836,55425,timeout,err_timeout_408,,False,1
3173,447932,55439,timeout,err_timeout_408,19,True,1
3174,447935,55439,erro_interno,err_unexpected,,False,1
3175,447941,55439,erro_interno,err_internal_500,,False,1
3176,447977,55443,erro_interno,err_unexpected,28,True,1
3177,447990,55444,erro_interno,err_unexpected,,False,1
3178,448127,55461,falha_autenticacao,err_auth_401,,False,1
3179,448451,55501,timeout,err_gateway_timeout_504,,False,1
3180,448851,55553,servico_indisponivel,err_service_503,,False,1
3181,448872,55556,timeout,err_timeout_408,,False,1
3182,449007,55574,timeout,err_timeout_408,46,True,1
3183,449145,55591,timeout,err_gateway_timeout_504,18,True,1
3184,449189,55596,erro_interno,err_internal_500,,False,1
3185,449388,55623,timeout,err_timeout_408,,False,1
3186,449430,55628,timeout,err_gateway_timeout_504,,False,1
3187,449459,55633,timeout,err_timeout_408,,False,1
3188,449583,55649,conexao_interrompida,err_network_unreachable,,False,1
3189,449589,55651,servico_indisponivel,err_service_503,15,True,1
3190,449696,55661,timeout,err_timeout_408,,False,1
3191,449841,55680,servico_indisponivel,err_maintenance,,False,1
3192,449879,55683,timeout,err_timeout_408,,False,1
3193,449885,55685,falha_autenticacao,err_auth_401,9,True,1
3194,450109,55712,timeout,err_gateway_timeout_504,22,True,1
3195,450259,55727,falha_autenticacao,err_auth_401,,False,1
3196,450324,55735,erro_interno,err_unexpected,,False,1
3197,450464,55752,timeout,err_timeout_408,9,True,1
3198,450491,55754,erro_interno,err_internal_500,,False,1
3199,450649,55771,erro_interno,err_unexpected,,False,1
3200,450691,55776,timeout,err_timeout_408,,False,1
3201,450796,55791,erro_interno,err_internal_500,,False,1
3202,451008,55816,timeout,err_gateway_timeout_504,73,True,1
3203,451040,55819,erro_interno,err_internal_500,57,True,1
3204,451169,55835,timeout,err_gateway_timeout_504,24,True,1
3205,451193,55838,timeout,err_timeout_408,,False,1
3206,451251,55848,timeout,err_timeout_408,,False,1
3207,451300,55853,timeout,err_gateway_timeout_504,,False,1
3208,451305,55854,erro_interno,err_internal_500,22,True,1
3209,451648,55900,timeout,err_timeout_408,,False,1
3210,452161,55963,timeout,err_timeout_408,,False,1
3211,452329,55983,timeout,err_gateway_timeout_504,,False,1
3212,452630,56019,timeout,err_gateway_timeout_504,,False,1
3213,452752,56031,erro_interno,err_unexpected,,False,1
3214,452818,56041,timeout,err_gateway_timeout_504,,False,1
3215,452913,56054,timeout,err_timeout_408,37,True,1
3216,453050,56072,erro_interno,err_internal_500,26,True,1
3217,453159,56085,erro_interno,err_unexpected,,False,1
3218,453163,56086,erro_interno,err_unexpected,,False,1
3219,453445,56123,timeout,err_timeout_408,,False,1
3220,453978,56188,timeout,err_timeout_408,29,True,1
3221,454017,56192,timeout,err_gateway_timeout_504,,False,1
3222,454018,56193,timeout,err_timeout_408,,False,1
3223,454078,56200,erro_interno,err_unexpected,27,True,1
3224,454202,56219,timeout,err_gateway_timeout_504,,False,1
3225,454449,56250,timeout,err_timeout_408,12,True,1
3226,454452,56250,timeout,err_gateway_timeout_504,22,True,1
3227,454647,56272,timeout,err_timeout_408,,False,1
3228,454649,56272,timeout,err_timeout_408,,False,1
3229,454692,56277,falha_autenticacao,err_credentials_invalid,20,True,1
3230,454828,56294,timeout,err_gateway_timeout_504,,False,1
3231,455001,56314,timeout,err_timeout_408,24,True,1
3232,455165,56335,falha_autenticacao,err_auth_401,11,True,1
3233,455475,56373,erro_interno,err_internal_500,,False,1
3234,455772,56413,timeout,err_timeout_408,,False,1
3235,455908,56431,falha_autenticacao,err_auth_401,19,True,1
3236,455974,56440,falha_autenticacao,err_credentials_invalid,12,True,1
3237,455975,56440,falha_autenticacao,err_auth_401,,False,2
3238,456078,56452,falha_autenticacao,err_credentials_invalid,21,True,1
3239,456081,56452,timeout,err_gateway_timeout_504,29,True,1
3240,456233,56471,falha_autenticacao,err_auth_401,11,True,1
3241,456862,56549,timeout,err_gateway_timeout_504,25,True,1
3242,456879,56551,timeout,err_gateway_timeout_504,,False,1
3243,457158,56585,erro_interno,err_unexpected,,False,1
3244,457180,56586,erro_interno,err_internal_500,32,True,1
3245,457188,56587,falha_autenticacao,err_auth_401,,False,1
3246,457332,56605,falha_autenticacao,err_credentials_invalid,,False,1
3247,457388,56613,timeout,err_gateway_timeout_504,,False,1
3248,457435,56620,timeout,err_gateway_timeout_504,12,True,1
3249,457570,56634,timeout,err_timeout_408,,False,1
3250,457603,56639,erro_interno,err_unexpected,23,True,1
3251,457747,56656,timeout,err_timeout_408,14,True,1
3252,458013,56687,timeout,err_gateway_timeout_504,,False,1
3253,458045,56691,timeout,err_gateway_timeout_504,33,True,1
3254,458775,56784,falha_autenticacao,err_credentials_invalid,12,True,1
3255,458935,56805,erro_interno,err_internal_500,,False,1
3256,458977,56811,timeout,err_gateway_timeout_504,,False,1
3257,459030,56818,timeout,err_gateway_timeout_504,48,True,1
3258,459353,56856,timeout,err_gateway_timeout_504,12,True,1
3259,459490,56872,timeout,err_gateway_timeout_504,,False,1
3260,459641,56887,timeout,err_gateway_timeout_504,,False,1
3261,459979,56929,erro_interno,err_internal_500,,False,1
3262,460000,56932,servico_indisponivel,err_maintenance,,False,1
3263,460024,56935,erro_interno,err_unexpected,,False,1
3264,460145,56951,erro_interno,err_internal_500,,False,1
3265,460319,56973,erro_interno,err_internal_500,,False,1
3266,460356,56978,erro_interno,err_internal_500,34,True,1
3267,460545,57002,timeout,err_gateway_timeout_504,,False,1
3268,460785,57034,timeout,err_gateway_timeout_504,,False,1
3269,460809,57038,timeout,err_gateway_timeout_504,,False,1
3270,460956,57057,falha_autenticacao,err_auth_401,12,True,1
3271,461141,57081,timeout,err_timeout_408,48,True,1
3272,461840,57167,erro_interno,err_unexpected,,False,1
3273,461883,57172,timeout,err_timeout_408,,False,1
3274,461906,57174,timeout,err_gateway_timeout_504,24,True,1
3275,462217,57210,erro_interno,err_internal_500,,False,1
3276,462286,57218,timeout,err_gateway_timeout_504,25,True,1
3277,462491,57246,timeout,err_timeout_408,,False,1
3278,463312,57341,timeout,err_timeout_408,,False,1
3279,463427,57356,timeout,err_gateway_timeout_504,,False,1
3280,463629,57380,timeout,err_timeout_408,,False,1
3281,463939,57416,erro_interno,err_internal_500,,False,1
3282,464094,57436,erro_interno,err_internal_500,,False,1
3283,464122,57438,timeout,err_timeout_408,,False,1
3284,464124,57438,timeout,err_timeout_408,70,True,1
3285,464286,57459,falha_autenticacao,err_auth_401,,False,1
3286,464323,57464,falha_autenticacao,err_auth_401,,False,1
3287,464377,57474,timeout,err_gateway_timeout_504,,False,1
3288,464459,57486,erro_interno,err_internal_500,55,True,1
3289,464714,57516,timeout,err_timeout_408,32,True,1
3290,464726,57517,erro_interno,err_unexpected,,False,1
3291,464776,57523,erro_interno,err_internal_500,,False,1
3292,465134,57569,falha_autenticacao,err_credentials_invalid,14,True,1
3293,465482,57612,timeout,err_gateway_timeout_504,15,True,1
3294,465493,57614,timeout,err_timeout_408,,False,1
3295,465494,57615,timeout,err_timeout_408,,False,1
3296,465644,57635,erro_interno,err_internal_500,,False,1
3297,465736,57644,erro_interno,err_unexpected,16,True,1
3298,465818,57654,erro_interno,err_unexpected,,False,1
3299,465848,57658,servico_indisponivel,err_service_503,,False,1
3300,465870,57662,timeout,err_timeout_408,74,True,1
3301,465929,57668,timeout,err_gateway_timeout_504,,False,1
3302,466082,57687,timeout,err_gateway_timeout_504,,False,1
3303,466228,57705,timeout,err_timeout_408,,False,1
3304,466619,57754,timeout,err_timeout_408,28,True,1
3305,466796,57776,timeout,err_timeout_408,14,True,1
3306,466830,57781,timeout,err_gateway_timeout_504,,False,1
3307,466894,57787,timeout,err_gateway_timeout_504,31,True,1
3308,467042,57804,timeout,err_gateway_timeout_504,,False,1
3309,467061,57807,timeout,err_timeout_408,,False,1
3310,467194,57822,timeout,err_timeout_408,,False,1
3311,467228,57828,timeout,err_gateway_timeout_504,44,True,1
3312,467361,57842,timeout,err_timeout_408,,False,1
3313,467469,57856,erro_interno,err_unexpected,,False,1
3314,467596,57871,servico_indisponivel,err_maintenance,,False,1
3315,467707,57885,falha_autenticacao,err_credentials_invalid,14,True,1
3316,467728,57887,timeout,err_timeout_408,,False,1
3317,467756,57891,timeout,err_timeout_408,25,True,1
3318,467852,57902,timeout,err_gateway_timeout_504,,False,1
3319,467986,57918,timeout,err_timeout_408,,False,1
3320,468281,57954,falha_autenticacao,err_auth_401,,False,1
3321,468475,57976,timeout,err_gateway_timeout_504,,False,1
3322,468704,58005,erro_interno,err_unexpected,,False,1
3323,468841,58023,timeout,err_timeout_408,,False,1
3324,468902,58032,timeout,err_gateway_timeout_504,73,True,1
3325,468975,58040,erro_interno,err_internal_500,,False,1
3326,469195,58068,timeout,err_timeout_408,,False,1
3327,469202,58069,timeout,err_gateway_timeout_504,86,True,1
3328,469370,58090,erro_interno,err_internal_500,,False,1
3329,469560,58114,timeout,err_gateway_timeout_504,,False,1
3330,469814,58144,erro_interno,err_unexpected,,False,1
3331,469867,58152,timeout,err_gateway_timeout_504,,False,1
3332,470027,58171,timeout,err_timeout_408,,False,1
3333,470041,58173,timeout,err_timeout_408,,False,1
3334,470124,58184,timeout,err_gateway_timeout_504,,False,1
3335,470322,58210,erro_interno,err_unexpected,44,True,1
3336,470418,58223,timeout,err_timeout_408,,False,1
3337,470419,58223,erro_interno,err_unexpected,,False,1
3338,470551,58239,timeout,err_timeout_408,,False,1
3339,470642,58252,falha_autenticacao,err_auth_401,,False,1
3340,471280,58329,erro_interno,err_internal_500,,False,1
3341,471336,58337,timeout,err_timeout_408,,False,1
3342,471353,58340,timeout,err_gateway_timeout_504,,False,1
3343,471743,58386,timeout,err_timeout_408,,False,1
3344,471955,58412,falha_autenticacao,err_auth_401,14,True,1
3345,471996,58416,erro_interno,err_internal_500,46,True,1
3346,472252,58445,erro_interno,err_unexpected,,False,1
3347,472358,58459,timeout,err_gateway_timeout_504,,False,1
3348,472390,58463,servico_indisponivel,err_service_503,,False,1
3349,472391,58463,timeout,err_gateway_timeout_504,,False,2
3350,472580,58486,servico_indisponivel,err_maintenance,,False,1
3351,472755,58509,timeout,err_gateway_timeout_504,15,True,1
3352,473034,58545,falha_autenticacao,err_credentials_invalid,15,True,1
3353,473081,58550,erro_interno,err_unexpected,,False,1
3354,473156,58560,falha_autenticacao,err_auth_401,,False,1
3355,473422,58592,timeout,err_timeout_408,,False,1
3356,473634,58616,falha_autenticacao,err_credentials_invalid,12,True,1
3357,474149,58678,timeout,err_timeout_408,,False,1
3358,474162,58679,servico_indisponivel,err_service_503,23,True,1
3359,474268,58692,timeout,err_gateway_timeout_504,,False,1
3360,474376,58706,timeout,err_timeout_408,44,True,1
3361,474442,58717,falha_autenticacao,err_credentials_invalid,,False,1
3362,474573,58734,timeout,err_gateway_timeout_504,,False,1
3363,474840,58767,timeout,err_gateway_timeout_504,,False,1
3364,474923,58780,timeout,err_gateway_timeout_504,12,True,1
3365,475212,58815,erro_interno,err_unexpected,,False,1
3366,475217,58815,erro_interno,err_internal_500,,False,1
3367,475460,58847,timeout,err_gateway_timeout_504,30,True,1
3368,475660,58872,timeout,err_gateway_timeout_504,27,True,1
3369,475753,58884,timeout,err_gateway_timeout_504,9,True,1
3370,475916,58902,timeout,err_gateway_timeout_504,,False,1
3371,476131,58928,falha_autenticacao,err_credentials_invalid,,False,1
3372,476134,58929,timeout,err_timeout_408,,False,1
3373,476355,58956,falha_autenticacao,err_auth_401,,False,1
3374,476365,58958,erro_interno,err_internal_500,,False,1
3375,476660,58991,timeout,err_gateway_timeout_504,,False,1
3376,476842,59011,timeout,err_gateway_timeout_504,,False,1
3377,477059,59036,erro_interno,err_unexpected,,False,1
3378,477203,59056,falha_autenticacao,err_credentials_invalid,,False,1
3379,477563,59100,timeout,err_timeout_408,,False,1
3380,477825,59134,falha_autenticacao,err_auth_401,,False,1
3381,478072,59169,timeout,err_timeout_408,,False,1
3382,478973,59284,servico_indisponivel,err_maintenance,,False,1
3383,479030,59291,timeout,err_gateway_timeout_504,,False,1
3384,479164,59308,erro_interno,err_unexpected,,False,1
3385,479342,59328,erro_interno,err_unexpected,,False,1
3386,479544,59353,timeout,err_timeout_408,,False,1
3387,479898,59399,timeout,err_gateway_timeout_504,,False,1
3388,479911,59401,timeout,err_timeout_408,,False,1
3389,480447,59465,servico_indisponivel,err_maintenance,,False,1
3390,480640,59488,timeout,err_gateway_timeout_504,73,True,1
3391,480746,59501,timeout,err_timeout_408,,False,1
3392,481390,59583,timeout,err_gateway_timeout_504,13,True,1
3393,481435,59587,servico_indisponivel,err_maintenance,,False,1
3394,481644,59610,erro_interno,err_unexpected,,False,1
3395,481660,59612,timeout,err_gateway_timeout_504,18,True,1
3396,481959,59652,timeout,err_gateway_timeout_504,,False,1
3397,482163,59676,timeout,err_timeout_408,,False,1
3398,482596,59733,timeout,err_timeout_408,,False,1
3399,482816,59759,timeout,err_gateway_timeout_504,,False,1
3400,482872,59765,timeout,err_timeout_408,39,True,1
3401,482905,59768,erro_interno,err_unexpected,,False,1
3402,483114,59795,erro_interno,err_unexpected,,False,1
3403,483252,59814,erro_interno,err_internal_500,,False,1
3404,483352,59827,falha_autenticacao,err_credentials_invalid,,False,1
3405,483381,59830,timeout,err_gateway_timeout_504,,False,1
3406,483382,59830,servico_indisponivel,err_maintenance,,False,2
3407,483466,59840,erro_interno,err_internal_500,,False,1
3408,483850,59888,erro_interno,err_internal_500,,False,1
3409,484175,59929,erro_interno,err_internal_500,,False,1
3410,484276,59940,timeout,err_timeout_408,10,True,1
3411,484358,59950,erro_interno,err_internal_500,,False,1
3412,484422,59959,timeout,err_timeout_408,25,True,1
3413,484477,59963,timeout,err_gateway_timeout_504,,False,1
3414,484780,60002,erro_interno,err_unexpected,,False,1
3415,484781,60003,timeout,err_gateway_timeout_504,30,True,1
3416,484782,60003,timeout,err_timeout_408,27,True,2
3417,484785,60003,timeout,err_timeout_408,,False,1
3418,485041,60034,erro_interno,err_unexpected,38,True,1
3419,485478,60084,falha_autenticacao,err_credentials_invalid,37,True,1
3420,485481,60084,erro_interno,err_unexpected,68,True,1
3421,485482,60084,timeout,err_gateway_timeout_504,,False,2
3422,485529,60090,timeout,err_timeout_408,,False,1
3423,485756,60118,timeout,err_timeout_408,,False,1
3424,485861,60132,falha_autenticacao,err_auth_401,14,True,1
3425,485933,60142,erro_interno,err_internal_500,11,True,1
3426,486013,60151,erro_interno,err_internal_500,18,True,1
3427,486025,60153,falha_autenticacao,err_credentials_invalid,,False,1
3428,486127,60165,falha_autenticacao,err_credentials_invalid,,False,1
3429,486172,60172,servico_indisponivel,err_service_503,,False,1
3430,486681,60232,timeout,err_timeout_408,12,True,1
3431,486775,60243,servico_indisponivel,err_service_503,,False,1
3432,487193,60297,erro_interno,err_unexpected,25,True,1
3433,487216,60301,timeout,err_gateway_timeout_504,,False,1
3434,487325,60317,falha_autenticacao,err_auth_401,15,True,1
3435,487496,60337,timeout,err_gateway_timeout_504,,False,1
3436,487640,60353,erro_interno,err_unexpected,,False,1
3437,487666,60356,erro_interno,err_unexpected,70,True,1
3438,487754,60367,timeout,err_gateway_timeout_504,,False,1
3439,488085,60406,erro_interno,err_internal_500,27,True,1
3440,488378,60442,timeout,err_gateway_timeout_504,12,True,1
3441,488418,60447,timeout,err_timeout_408,,False,1
3442,488559,60463,timeout,err_gateway_timeout_504,,False,1
3443,488603,60468,falha_autenticacao,err_auth_401,,False,1
3444,488624,60471,falha_autenticacao,err_credentials_invalid,,False,1
3445,488633,60472,erro_interno,err_unexpected,,False,1
3446,488634,60472,timeout,err_timeout_408,,False,2
3447,488876,60502,timeout,err_timeout_408,,False,1
3448,488895,60504,timeout,err_timeout_408,20,True,1
3449,488954,60510,timeout,err_gateway_timeout_504,29,True,1
3450,489163,60536,timeout,err_timeout_408,,False,1
3451,489324,60555,falha_autenticacao,err_credentials_invalid,,False,1
3452,489538,60578,timeout,err_timeout_408,,False,1
3453,489733,60600,timeout,err_gateway_timeout_504,,False,1
3454,489764,60604,timeout,err_timeout_408,19,True,1
3455,489947,60626,erro_interno,err_internal_500,,False,1
3456,490220,60660,erro_interno,err_unexpected,,False,1
3457,490221,60660,erro_interno,err_internal_500,,False,1
3458,490256,60665,timeout,err_timeout_408,,False,1
3459,490482,60697,timeout,err_gateway_timeout_504,32,True,1
3460,490535,60703,timeout,err_timeout_408,,False,1
3461,490773,60727,erro_interno,err_unexpected,85,True,1
3462,490960,60749,timeout,err_timeout_408,43,True,1
3463,491217,60783,erro_interno,err_internal_500,,False,1
3464,491401,60807,timeout,err_gateway_timeout_504,50,True,1
3465,491461,60814,timeout,err_gateway_timeout_504,,False,1
3466,491795,60853,erro_interno,err_unexpected,,False,1
3467,491996,60874,timeout,err_timeout_408,,False,1
3468,492007,60875,timeout,err_gateway_timeout_504,,False,1
3469,492143,60891,timeout,err_timeout_408,,False,1
3470,492198,60899,falha_autenticacao,err_auth_401,15,True,1
3471,492294,60908,erro_interno,err_unexpected,,False,1
3472,492727,60959,erro_interno,err_internal_500,,False,1
3473,492732,60960,erro_interno,err_unexpected,43,True,1
3474,492740,60961,timeout,err_timeout_408,,False,1
3475,493093,61002,timeout,err_gateway_timeout_504,51,True,1
3476,493187,61013,timeout,err_timeout_408,,False,1
3477,493272,61024,timeout,err_gateway_timeout_504,44,True,1
3478,493567,61058,timeout,err_gateway_timeout_504,,False,1
3479,493797,61086,erro_interno,err_internal_500,,False,1
3480,493858,61094,timeout,err_timeout_408,,False,1
3481,493956,61106,erro_interno,err_unexpected,57,True,1
3482,494058,61119,erro_interno,err_internal_500,,False,1
3483,494296,61151,timeout,err_timeout_408,13,True,1
3484,494727,61205,timeout,err_timeout_408,,False,1
3485,494941,61233,erro_interno,err_unexpected,,False,1
3486,494971,61237,erro_interno,err_internal_500,45,True,1
3487,495328,61281,timeout,err_gateway_timeout_504,,False,1
3488,495337,61282,timeout,err_timeout_408,,False,1
3489,495408,61291,timeout,err_gateway_timeout_504,,False,1
3490,495542,61307,erro_interno,err_internal_500,22,True,1
3491,495561,61309,erro_interno,err_internal_500,,False,1
3492,495649,61318,conexao_interrompida,err_connection_lost,,False,1
3493,495895,61346,erro_interno,err_internal_500,,False,1
3494,496013,61361,erro_interno,err_internal_500,,False,1
3495,496139,61378,timeout,err_gateway_timeout_504,,False,1
3496,496293,61396,timeout,err_gateway_timeout_504,81,True,1
3497,496298,61396,timeout,err_timeout_408,54,True,1
3498,496418,61411,timeout,err_timeout_408,,False,1
3499,496685,61442,erro_interno,err_internal_500,,False,1
3500,496831,61462,erro_interno,err_unexpected,55,True,1
3501,497078,61494,timeout,err_timeout_408,,False,1
3502,497284,61517,timeout,err_gateway_timeout_504,29,True,1
3503,497295,61519,timeout,err_timeout_408,,False,1
3504,497314,61522,falha_autenticacao,err_auth_401,18,True,1
3505,497405,61532,timeout,err_timeout_408,,False,1
3506,497441,61536,falha_autenticacao,err_auth_401,14,True,1
3507,497523,61545,timeout,err_timeout_408,21,True,1
3508,497681,61564,timeout,err_timeout_408,,False,1
3509,497751,61574,erro_interno,err_internal_500,33,True,1
3510,497762,61576,timeout,err_gateway_timeout_504,14,True,1
3511,497763,61576,falha_autenticacao,err_auth_401,13,True,2
3512,498036,61608,timeout,err_gateway_timeout_504,,False,1
3513,498105,61617,falha_autenticacao,err_auth_401,,False,1
3514,498198,61628,erro_interno,err_unexpected,,False,1
3515,498271,61637,timeout,err_timeout_408,,False,1
3516,498449,61658,falha_autenticacao,err_auth_401,11,True,1
3517,498571,61673,erro_interno,err_unexpected,,False,1
3518,498584,61676,timeout,err_gateway_timeout_504,11,True,1
3519,498810,61705,timeout,err_gateway_timeout_504,17,True,1
3520,498992,61728,timeout,err_gateway_timeout_504,,False,1
3521,499334,61770,timeout,err_timeout_408,,False,1
3522,499436,61784,timeout,err_timeout_408,,False,1
3523,499549,61798,servico_indisponivel,err_service_503,,False,1
3524,499589,61804,erro_interno,err_unexpected,,False,1
3525,499606,61807,falha_autenticacao,err_auth_401,,False,1
3526,499663,61816,timeout,err_timeout_408,32,True,1
3527,499664,61816,timeout,err_gateway_timeout_504,33,True,2
3528,499991,61854,timeout,err_gateway_timeout_504,,False,1
3529,500045,61860,timeout,err_timeout_408,25,True,1
3530,500050,61860,timeout,err_timeout_408,69,True,1
3531,500404,61909,timeout,err_gateway_timeout_504,,False,1
3532,500728,61951,erro_interno,err_internal_500,,False,1
3533,501624,62062,erro_interno,err_unexpected,,False,1
3534,501798,62086,timeout,err_gateway_timeout_504,,False,1
3535,502625,62190,erro_interno,err_internal_500,,False,1
3536,502645,62193,timeout,err_gateway_timeout_504,,False,1
3537,502803,62213,servico_indisponivel,err_service_503,,False,1
3538,502934,62230,erro_interno,err_internal_500,,False,1
3539,502941,62231,timeout,err_timeout_408,,False,1
3540,502962,62234,timeout,err_timeout_408,13,True,1
3541,503264,62269,timeout,err_timeout_408,32,True,1
3542,503265,62269,timeout,err_timeout_408,32,True,2
3543,503314,62275,timeout,err_gateway_timeout_504,,False,1
3544,503324,62277,timeout,err_gateway_timeout_504,,False,1
3545,503397,62288,erro_interno,err_unexpected,29,True,1
3546,503419,62291,timeout,err_gateway_timeout_504,,False,1
3547,503605,62315,erro_interno,err_internal_500,55,True,1
3548,503612,62315,timeout,err_timeout_408,,False,1
3549,503670,62323,timeout,err_timeout_408,,False,1
3550,503673,62324,timeout,err_gateway_timeout_504,,False,1
3551,503781,62336,timeout,err_timeout_408,,False,1
3552,504113,62372,falha_autenticacao,err_auth_401,,False,1
3553,504410,62409,erro_interno,err_internal_500,30,True,1
3554,504450,62414,timeout,err_timeout_408,,False,1
3555,504458,62415,erro_interno,err_unexpected,,False,1
3556,504487,62419,servico_indisponivel,err_service_503,,False,1
3557,504580,62429,erro_interno,err_internal_500,,False,1
3558,504609,62432,timeout,err_gateway_timeout_504,,False,1
3559,504782,62455,timeout,err_gateway_timeout_504,,False,1
3560,504909,62474,timeout,err_timeout_408,16,True,1
3561,505085,62495,timeout,err_timeout_408,,False,1
3562,505154,62503,erro_interno,err_internal_500,12,True,1
3563,505176,62505,falha_autenticacao,err_auth_401,,False,1
3564,505188,62507,erro_interno,err_unexpected,,False,1
3565,505189,62508,timeout,err_gateway_timeout_504,,False,1
3566,505314,62527,erro_interno,err_unexpected,,False,1
3567,505590,62560,erro_interno,err_internal_500,,False,1
3568,505777,62581,erro_interno,err_internal_500,,False,1
3569,505966,62604,servico_indisponivel,err_maintenance,37,True,1
3570,506150,62625,timeout,err_gateway_timeout_504,,False,1
3571,506207,62633,timeout,err_timeout_408,,False,1
3572,506312,62647,timeout,err_gateway_timeout_504,,False,1
3573,506871,62718,timeout,err_timeout_408,,False,1
3574,506951,62728,erro_interno,err_unexpected,,False,1
3575,507046,62739,timeout,err_gateway_timeout_504,24,True,1
3576,507095,62745,timeout,err_gateway_timeout_504,14,True,1
3577,507812,62832,erro_interno,err_internal_500,,False,1
3578,507975,62851,erro_interno,err_internal_500,,False,1
3579,507979,62851,erro_interno,err_unexpected,11,True,1
3580,508018,62858,timeout,err_gateway_timeout_504,15,True,1
3581,508199,62880,timeout,err_gateway_timeout_504,,False,1
3582,508271,62888,timeout,err_gateway_timeout_504,40,True,1
3583,508402,62903,erro_interno,err_unexpected,,False,1
3584,508500,62916,timeout,err_timeout_408,,False,1
3585,509077,62984,falha_autenticacao,err_auth_401,,False,1
3586,509093,62986,timeout,err_timeout_408,30,True,1
3587,509203,62999,falha_autenticacao,err_credentials_invalid,,False,1
3588,509256,63006,erro_interno,err_internal_500,,False,1
3589,509715,63059,falha_autenticacao,err_auth_401,,False,1
3590,509874,63080,timeout,err_timeout_408,29,True,1
3591,509949,63088,erro_interno,err_internal_500,,False,1
3592,510037,63097,servico_indisponivel,err_maintenance,,False,1
3593,510126,63106,timeout,err_gateway_timeout_504,18,True,1
3594,510225,63120,timeout,err_timeout_408,,False,1
3595,510348,63136,falha_autenticacao,err_credentials_invalid,17,True,1
3596,510367,63138,erro_interno,err_unexpected,,False,1
3597,510610,63169,falha_autenticacao,err_auth_401,19,True,1
3598,510628,63172,falha_autenticacao,err_auth_401,21,True,1
3599,510719,63186,timeout,err_timeout_408,,False,1
3600,510998,63219,timeout,err_timeout_408,19,True,1
3601,511017,63221,falha_autenticacao,err_credentials_invalid,13,True,1
3602,511205,63244,timeout,err_timeout_408,33,True,1
3603,511253,63251,timeout,err_timeout_408,,False,1
3604,511281,63255,erro_interno,err_internal_500,,False,1
3605,511560,63289,erro_interno,err_internal_500,,False,1
3606,511832,63327,timeout,err_gateway_timeout_504,,False,1
3607,512584,63417,timeout,err_gateway_timeout_504,,False,1
3608,512615,63420,timeout,err_gateway_timeout_504,,False,1
3609,512646,63425,timeout,err_timeout_408,,False,1
3610,512677,63430,servico_indisponivel,err_maintenance,,False,1
3611,512680,63430,servico_indisponivel,err_service_503,,False,1
3612,513123,63483,timeout,err_timeout_408,,False,1
3613,513153,63487,timeout,err_timeout_408,,False,1
3614,513210,63494,timeout,err_gateway_timeout_504,,False,1
3615,513236,63498,erro_interno,err_unexpected,,False,1
3616,513416,63522,servico_indisponivel,err_service_503,,False,1
3617,513432,63525,falha_autenticacao,err_credentials_invalid,16,True,1
3618,513544,63538,falha_autenticacao,err_auth_401,,False,1
3619,513923,63589,timeout,err_timeout_408,39,True,1
3620,514112,63613,timeout,err_gateway_timeout_504,20,True,1
3621,514115,63613,servico_indisponivel,err_service_503,,False,1
3622,514182,63622,timeout,err_gateway_timeout_504,40,True,1
3623,514202,63625,falha_autenticacao,err_auth_401,,False,1
3624,514342,63641,timeout,err_timeout_408,,False,1
3625,514423,63652,falha_autenticacao,err_auth_401,,False,1
3626,514474,63659,erro_interno,err_unexpected,,False,1
3627,514525,63665,timeout,err_timeout_408,48,True,1
3628,514528,63665,erro_interno,err_unexpected,,False,1
3629,514607,63674,erro_interno,err_unexpected,,False,1
3630,514638,63679,erro_interno,err_internal_500,,False,1
3631,514830,63702,timeout,err_timeout_408,,False,1
3632,514859,63705,erro_interno,err_unexpected,50,True,1
3633,515073,63727,erro_interno,err_internal_500,,False,1
3634,515185,63739,erro_interno,err_unexpected,6,True,1
3635,515511,63777,falha_autenticacao,err_credentials_invalid,12,True,1
3636,516102,63849,timeout,err_gateway_timeout_504,21,True,1
3637,516121,63851,falha_autenticacao,err_auth_401,,False,1
3638,516187,63859,falha_autenticacao,err_credentials_invalid,,False,1
3639,516338,63878,timeout,err_timeout_408,36,True,1
3640,516754,63933,servico_indisponivel,err_service_503,,False,1
3641,516774,63935,erro_interno,err_unexpected,,False,1
3642,516781,63936,timeout,err_gateway_timeout_504,,False,1
3643,517044,63964,erro_interno,err_unexpected,7,True,1
3644,517096,63970,timeout,err_timeout_408,,False,1
3645,517325,63997,timeout,err_timeout_408,67,True,1
3646,517704,64043,timeout,err_gateway_timeout_504,,False,1
3647,517816,64059,timeout,err_timeout_408,,False,1
3648,517819,64059,timeout,err_gateway_timeout_504,68,True,1
3649,517831,64060,erro_interno,err_internal_500,63,True,1
3650,517899,64069,timeout,err_gateway_timeout_504,,False,1
3651,517912,64072,falha_autenticacao,err_auth_401,8,True,1
3652,518145,64102,timeout,err_gateway_timeout_504,36,True,1
3653,518177,64105,timeout,err_timeout_408,16,True,1
3654,518258,64113,erro_interno,err_unexpected,46,True,1
3655,518422,64136,falha_autenticacao,err_credentials_invalid,,False,1
3656,518508,64148,falha_autenticacao,err_credentials_invalid,12,True,1
3657,518634,64165,timeout,err_gateway_timeout_504,,False,1
3658,518985,64209,servico_indisponivel,err_service_503,41,True,1
3659,519231,64239,erro_interno,err_unexpected,,False,1
3660,519383,64258,timeout,err_timeout_408,,False,1
3661,519439,64264,erro_interno,err_unexpected,,False,1
3662,519464,64267,timeout,err_timeout_408,41,True,1
3663,519509,64273,erro_interno,err_internal_500,,False,1
3664,519758,64305,falha_autenticacao,err_credentials_invalid,,False,1
3665,519883,64319,timeout,err_timeout_408,,False,1
3666,519884,64319,timeout,err_timeout_408,41,True,2
3667,520308,64368,servico_indisponivel,err_maintenance,,False,1
3668,520386,64378,erro_interno,err_internal_500,,False,1
3669,520625,64405,erro_interno,err_internal_500,,False,1
3670,520931,64442,timeout,err_gateway_timeout_504,26,True,1
3671,520936,64442,timeout,err_gateway_timeout_504,,False,1
3672,521040,64456,timeout,err_timeout_408,,False,1
3673,521415,64501,erro_interno,err_internal_500,,False,1
3674,521488,64510,erro_interno,err_internal_500,,False,1
3675,521571,64521,timeout,err_gateway_timeout_504,,False,1
3676,521768,64544,servico_indisponivel,err_service_503,,False,1
3677,521911,64562,servico_indisponivel,err_maintenance,,False,1
3678,521971,64568,timeout,err_timeout_408,,False,1
3679,521984,64571,timeout,err_timeout_408,,False,1
3680,522319,64614,falha_autenticacao,err_auth_401,,False,1
3681,522394,64625,timeout,err_timeout_408,,False,1
3682,522397,64626,erro_interno,err_internal_500,,False,1
3683,522860,64681,timeout,err_timeout_408,,False,1
3684,522869,64682,erro_interno,err_unexpected,,False,1
3685,522973,64696,erro_interno,err_internal_500,,False,1
3686,523147,64718,erro_interno,err_unexpected,,False,1
3687,523519,64770,timeout,err_timeout_408,,False,1
3688,523835,64808,timeout,err_timeout_408,25,True,1
3689,523862,64811,erro_interno,err_unexpected,,False,1
3690,524159,64849,timeout,err_timeout_408,,False,1
3691,524622,64906,timeout,err_gateway_timeout_504,,False,1
3692,524713,64919,falha_autenticacao,err_credentials_invalid,11,True,1
3693,524722,64919,timeout,err_gateway_timeout_504,24,True,1
3694,524772,64926,timeout,err_gateway_timeout_504,,False,1
3695,524896,64940,erro_interno,err_unexpected,,False,1
3696,525220,64981,timeout,err_gateway_timeout_504,,False,1
3697,525253,64986,erro_interno,err_internal_500,,False,1
3698,525287,64992,timeout,err_timeout_408,25,True,1
3699,525351,64999,timeout,err_gateway_timeout_504,,False,1
3700,525904,65066,timeout,err_gateway_timeout_504,,False,1
3701,525968,65076,servico_indisponivel,err_maintenance,23,True,1
3702,526243,65110,timeout,err_timeout_408,,False,1
3703,526369,65126,falha_autenticacao,err_auth_401,8,True,1
3704,526459,65135,erro_interno,err_internal_500,35,True,1
3705,526462,65135,erro_interno,err_unexpected,,False,1
3706,526579,65150,timeout,err_gateway_timeout_504,,False,1
3707,526685,65165,timeout,err_timeout_408,,False,1
3708,526697,65167,servico_indisponivel,err_maintenance,,False,1
3709,526798,65178,timeout,err_gateway_timeout_504,,False,1
3710,526998,65202,timeout,err_timeout_408,,False,1
3711,527004,65204,timeout,err_timeout_408,,False,1
3712,527256,65238,timeout,err_timeout_408,,False,1
3713,527507,65269,timeout,err_gateway_timeout_504,,False,1
3714,527657,65287,erro_interno,err_internal_500,,False,1
3715,527683,65291,timeout,err_gateway_timeout_504,,False,1
3716,527710,65295,timeout,err_gateway_timeout_504,,False,1
3717,527851,65308,timeout,err_gateway_timeout_504,,False,1
3718,528019,65330,timeout,err_timeout_408,,False,1
3719,528058,65335,timeout,err_timeout_408,,False,1
3720,528441,65386,timeout,err_timeout_408,15,True,1
3721,528756,65424,timeout,err_timeout_408,,False,1
3722,528938,65448,erro_interno,err_unexpected,,False,1
3723,528939,65448,timeout,err_gateway_timeout_504,,False,2
3724,529013,65456,falha_autenticacao,err_credentials_invalid,,False,1
3725,529055,65464,falha_autenticacao,err_auth_401,,False,1
3726,529079,65467,timeout,err_timeout_408,25,True,1
3727,529084,65467,erro_interno,err_internal_500,,False,1
3728,529230,65485,timeout,err_gateway_timeout_504,,False,1
3729,529641,65535,timeout,err_timeout_408,66,True,1
3730,529653,65536,timeout,err_gateway_timeout_504,28,True,1
3731,529767,65549,timeout,err_gateway_timeout_504,,False,1
3732,529816,65556,servico_indisponivel,err_service_503,,False,1
3733,529911,65568,falha_autenticacao,err_auth_401,,False,1
3734,529941,65572,timeout,err_timeout_408,37,True,1
3735,529944,65572,erro_interno,err_internal_500,,False,1
3736,530197,65601,timeout,err_gateway_timeout_504,,False,1
3737,530232,65606,erro_interno,err_internal_500,,False,1
3738,530964,65698,timeout,err_gateway_timeout_504,,False,1
3739,530971,65699,timeout,err_timeout_408,,False,1
3740,531269,65737,timeout,err_gateway_timeout_504,,False,1
3741,531597,65775,conexao_interrompida,err_network_unreachable,42,True,1
3742,531741,65794,falha_autenticacao,err_credentials_invalid,16,True,1
3743,531889,65813,servico_indisponivel,err_maintenance,,False,1
3744,532018,65828,timeout,err_timeout_408,24,True,1
3745,532237,65854,erro_interno,err_unexpected,30,True,1
3746,532390,65874,timeout,err_gateway_timeout_504,,False,1
3747,533092,65958,timeout,err_gateway_timeout_504,46,True,1
3748,533120,65961,servico_indisponivel,err_maintenance,,False,1
3749,533361,65992,timeout,err_timeout_408,,False,1
3750,533387,65996,timeout,err_timeout_408,39,True,1
3751,533604,66024,falha_autenticacao,err_auth_401,,False,1
3752,534110,66088,servico_indisponivel,err_maintenance,,False,1
3753,534237,66102,timeout,err_gateway_timeout_504,16,True,1
3754,534276,66106,erro_interno,err_unexpected,35,True,1
3755,534490,66129,erro_interno,err_unexpected,,False,1
3756,534588,66143,timeout,err_timeout_408,24,True,1
3757,534610,66146,timeout,err_gateway_timeout_504,,False,1
3758,534732,66162,timeout,err_gateway_timeout_504,,False,1
3759,535014,66197,timeout,err_timeout_408,44,True,1
3760,535083,66207,timeout,err_gateway_timeout_504,,False,1
3761,535175,66219,timeout,err_gateway_timeout_504,19,True,1
3762,535193,66222,timeout,err_timeout_408,,False,1
3763,535408,66249,timeout,err_gateway_timeout_504,31,True,1
3764,535755,66293,timeout,err_timeout_408,,False,1
3765,535909,66311,timeout,err_timeout_408,,False,1
3766,535947,66317,falha_autenticacao,err_auth_401,,False,1
3767,535957,66319,timeout,err_timeout_408,,False,1
3768,536148,66342,timeout,err_timeout_408,,False,1
3769,536213,66349,timeout,err_gateway_timeout_504,,False,1
3770,536242,66353,timeout,err_gateway_timeout_504,,False,1
3771,536430,66377,timeout,err_timeout_408,,False,1
3772,536433,66377,servico_indisponivel,err_service_503,,False,1
3773,536564,66395,falha_autenticacao,err_auth_401,19,True,1
3774,536599,66397,timeout,err_timeout_408,32,True,1
3775,536931,66438,timeout,err_gateway_timeout_504,,False,1
3776,537212,66475,timeout,err_gateway_timeout_504,,False,1
3777,537313,66490,timeout,err_gateway_timeout_504,,False,1
3778,537331,66492,timeout,err_timeout_408,,False,1
3779,537366,66497,timeout,err_timeout_408,17,True,1
3780,537808,66550,falha_autenticacao,err_credentials_invalid,21,True,1
3781,537929,66566,timeout,err_timeout_408,,False,1
3782,538022,66579,falha_autenticacao,err_credentials_invalid,,False,1
3783,538072,66585,timeout,err_timeout_408,49,True,1
3784,538177,66599,timeout,err_timeout_408,,False,1
3785,538188,66601,timeout,err_timeout_408,,False,1
3786,538203,66604,falha_autenticacao,err_auth_401,,False,1
3787,538226,66607,timeout,err_timeout_408,48,True,1
3788,538257,66611,timeout,err_timeout_408,,False,1
3789,538278,66613,erro_interno,err_internal_500,,False,1
3790,538302,66616,erro_interno,err_unexpected,,False,1
3791,538334,66619,timeout,err_gateway_timeout_504,,False,1
3792,538496,66639,falha_autenticacao,err_credentials_invalid,22,True,1
3793,538860,66684,servico_indisponivel,err_service_503,31,True,1
3794,539082,66711,erro_interno,err_internal_500,,False,1
3795,539191,66726,timeout,err_timeout_408,,False,1
3796,539283,66736,erro_interno,err_internal_500,,False,1
3797,539456,66755,servico_indisponivel,err_maintenance,,False,1
3798,539894,66816,timeout,err_gateway_timeout_504,13,True,1
3799,539994,66829,timeout,err_gateway_timeout_504,,False,1
3800,540127,66844,timeout,err_timeout_408,15,True,1
3801,540202,66852,timeout,err_gateway_timeout_504,62,True,1
3802,540577,66898,servico_indisponivel,err_service_503,,False,1
3803,540925,66944,erro_interno,err_internal_500,,False,1
3804,541092,66966,falha_autenticacao,err_auth_401,,False,1
3805,541246,66984,servico_indisponivel,err_maintenance,,False,1
3806,541706,67036,erro_interno,err_internal_500,,False,1
3807,541936,67064,erro_interno,err_unexpected,,False,1
3808,541956,67067,timeout,err_timeout_408,18,True,1
3809,542215,67099,erro_interno,err_unexpected,,False,1
3810,542464,67124,timeout,err_timeout_408,45,True,1
3811,542688,67156,erro_interno,err_internal_500,,False,1
3812,542693,67156,erro_interno,err_internal_500,,False,1
3813,542702,67157,timeout,err_gateway_timeout_504,,False,1
3814,542913,67182,falha_autenticacao,err_auth_401,,False,1
3815,543032,67194,timeout,err_timeout_408,,False,1
3816,543087,67201,erro_interno,err_internal_500,,False,1
3817,543260,67222,erro_interno,err_internal_500,,False,1
3818,543393,67241,timeout,err_timeout_408,,False,1
3819,543398,67241,erro_interno,err_unexpected,21,True,1
3820,543642,67269,falha_autenticacao,err_auth_401,21,True,1
3821,543721,67279,timeout,err_gateway_timeout_504,,False,1
3822,543737,67281,timeout,err_gateway_timeout_504,,False,1
3823,543759,67285,servico_indisponivel,err_service_503,,False,1
3824,543836,67294,erro_interno,err_unexpected,,False,1
3825,543850,67296,timeout,err_timeout_408,,False,1
3826,543978,67312,erro_interno,err_unexpected,29,True,1
3827,544071,67324,timeout,err_timeout_408,35,True,1
3828,544118,67330,falha_autenticacao,err_auth_401,,False,1
3829,544270,67350,erro_interno,err_internal_500,,False,1
3830,544422,67372,falha_autenticacao,err_credentials_invalid,19,True,1
3831,544641,67400,timeout,err_timeout_408,,False,1
3832,544653,67402,timeout,err_gateway_timeout_504,48,True,1
3833,544668,67404,timeout,err_gateway_timeout_504,,False,1
3834,544731,67411,timeout,err_gateway_timeout_504,50,True,1
3835,544803,67420,servico_indisponivel,err_maintenance,,False,1
3836,544857,67428,falha_autenticacao,err_auth_401,9,True,1
3837,544868,67429,erro_interno,err_internal_500,,False,1
3838,544903,67435,timeout,err_timeout_408,,False,1
3839,545082,67456,timeout,err_timeout_408,,False,1
3840,545196,67472,timeout,err_gateway_timeout_504,,False,1
3841,545292,67483,timeout,err_gateway_timeout_504,,False,1
3842,545447,67504,timeout,err_timeout_408,11,True,1
3843,545717,67535,erro_interno,err_internal_500,,False,1
3844,546221,67598,timeout,err_gateway_timeout_504,,False,1
3845,546253,67602,timeout,err_timeout_408,,False,1
3846,546569,67640,timeout,err_timeout_408,,False,1
3847,546997,67692,timeout,err_gateway_timeout_504,,False,1
3848,547256,67718,conexao_interrompida,err_connection_lost,,False,1
3849,547350,67731,timeout,err_timeout_408,,False,1
3850,547422,67741,timeout,err_timeout_408,42,True,1
3851,547510,67752,erro_interno,err_unexpected,,False,1
3852,547552,67758,timeout,err_timeout_408,,False,1
3853,547762,67784,timeout,err_gateway_timeout_504,,False,1
3854,547821,67794,erro_interno,err_internal_500,,False,1
3855,548025,67819,timeout,err_timeout_408,12,True,1
3856,548115,67833,erro_interno,err_unexpected,12,True,1
3857,548160,67838,erro_interno,err_internal_500,,False,1
3858,548171,67840,erro_interno,err_internal_500,10,True,1
3859,548201,67844,erro_interno,err_unexpected,,False,1
3860,548207,67845,timeout,err_gateway_timeout_504,,False,1
3861,548265,67855,timeout,err_gateway_timeout_504,51,True,1
3862,548399,67870,timeout,err_timeout_408,,False,1
3863,548736,67909,timeout,err_gateway_timeout_504,15,True,1
3864,548874,67926,timeout,err_timeout_408,,False,1
3865,549025,67947,timeout,err_timeout_408,76,True,1
3866,549030,67947,timeout,err_timeout_408,65,True,1
3867,549034,67948,falha_autenticacao,err_credentials_invalid,,False,1
3868,549453,68003,falha_autenticacao,err_auth_401,,False,1
3869,549586,68021,falha_autenticacao,err_auth_401,,False,1
3870,549605,68024,falha_autenticacao,err_auth_401,,False,1
3871,549626,68027,timeout,err_timeout_408,,False,1
3872,549711,68038,erro_interno,err_internal_500,,False,1
3873,549801,68048,timeout,err_gateway_timeout_504,47,True,1
3874,549810,68048,erro_interno,err_unexpected,,False,1
3875,549868,68055,timeout,err_gateway_timeout_504,,False,1
3876,549885,68058,servico_indisponivel,err_maintenance,,False,1
3877,549895,68059,timeout,err_timeout_408,,False,1
3878,549940,68063,timeout,err_timeout_408,28,True,1
3879,550050,68078,servico_indisponivel,err_maintenance,,False,1
3880,550181,68095,timeout,err_timeout_408,32,True,1
3881,550291,68109,erro_interno,err_internal_500,,False,1
3882,550409,68126,erro_interno,err_internal_500,,False,1
3883,550463,68133,timeout,err_timeout_408,55,True,1
3884,550658,68159,falha_autenticacao,err_credentials_invalid,18,True,1
3885,550738,68168,timeout,err_timeout_408,49,True,1
3886,550800,68176,erro_interno,err_unexpected,,False,1
3887,550829,68180,timeout,err_gateway_timeout_504,,False,1
3888,550938,68195,falha_autenticacao,err_credentials_invalid,,False,1
3889,551160,68221,timeout,err_timeout_408,,False,1
3890,551225,68228,timeout,err_timeout_408,,False,1
3891,551354,68242,timeout,err_gateway_timeout_504,,False,1
3892,551502,68261,erro_interno,err_internal_500,,False,1
3893,551548,68267,erro_interno,err_unexpected,,False,1
3894,551665,68281,timeout,err_gateway_timeout_504,,False,1
3895,551792,68296,falha_autenticacao,err_credentials_invalid,,False,1
3896,551802,68298,timeout,err_gateway_timeout_504,,False,1
3897,551805,68299,erro_interno,err_internal_500,,False,1
3898,551906,68312,falha_autenticacao,err_auth_401,,False,1
3899,552031,68328,timeout,err_timeout_408,,False,1
3900,552090,68337,timeout,err_gateway_timeout_504,,False,1
3901,552092,68337,erro_interno,err_internal_500,,False,1
3902,552286,68362,falha_autenticacao,err_auth_401,,False,1
3903,552445,68383,falha_autenticacao,err_auth_401,,False,1
3904,552605,68404,erro_interno,err_internal_500,,False,1
3905,552743,68422,timeout,err_timeout_408,42,True,1
3906,552842,68434,timeout,err_gateway_timeout_504,60,True,1
3907,552900,68441,timeout,err_gateway_timeout_504,,False,1
3908,553110,68463,timeout,err_timeout_408,,False,1
3909,553392,68500,erro_interno,err_internal_500,,False,1
3910,553553,68519,erro_interno,err_internal_500,,False,1
3911,553622,68526,servico_indisponivel,err_maintenance,,False,1
3912,553624,68526,timeout,err_gateway_timeout_504,,False,1
3913,553812,68545,timeout,err_timeout_408,,False,1
3914,553847,68550,timeout,err_timeout_408,,False,1
3915,553979,68566,falha_autenticacao,err_credentials_invalid,16,True,1
3916,553980,68566,falha_autenticacao,err_credentials_invalid,16,True,2
3917,554034,68573,timeout,err_gateway_timeout_504,15,True,1
3918,554581,68637,erro_interno,err_internal_500,,False,1
3919,554747,68658,erro_interno,err_unexpected,,False,1
3920,554863,68671,timeout,err_gateway_timeout_504,26,True,1
3921,554945,68682,falha_autenticacao,err_credentials_invalid,16,True,1
3922,555064,68696,erro_interno,err_internal_500,96,True,1
3923,555072,68696,erro_interno,err_unexpected,,False,1
3924,555094,68699,timeout,err_gateway_timeout_504,,False,1
3925,555095,68699,timeout,err_gateway_timeout_504,,False,2
3926,555519,68747,timeout,err_timeout_408,53,True,1
3927,556040,68813,timeout,err_timeout_408,,False,1
3928,556146,68824,timeout,err_timeout_408,,False,1
3929,556309,68847,timeout,err_gateway_timeout_504,,False,1
3930,556314,68848,timeout,err_gateway_timeout_504,,False,1
3931,556318,68848,timeout,err_gateway_timeout_504,,False,1
3932,556615,68885,servico_indisponivel,err_service_503,,False,1
3933,556928,68921,timeout,err_timeout_408,,False,1
3934,557378,68977,timeout,err_timeout_408,,False,1
3935,557467,68990,timeout,err_gateway_timeout_504,,False,1
3936,558100,69069,falha_autenticacao,err_auth_401,17,True,1
3937,558150,69076,falha_autenticacao,err_credentials_invalid,,False,1
3938,558290,69094,timeout,err_timeout_408,,False,1
3939,558634,69138,falha_autenticacao,err_auth_401,28,True,1
3940,558919,69170,timeout,err_gateway_timeout_504,,False,1
3941,558972,69178,timeout,err_timeout_408,21,True,1
3942,559180,69205,erro_interno,err_internal_500,31,True,1
3943,559190,69206,timeout,err_gateway_timeout_504,,False,1
3944,559266,69213,timeout,err_gateway_timeout_504,55,True,1
3945,559658,69258,timeout,err_timeout_408,7,True,1
3946,559738,69265,timeout,err_gateway_timeout_504,,False,1
3947,559759,69268,falha_autenticacao,err_auth_401,20,True,1
3948,560057,69303,timeout,err_gateway_timeout_504,34,True,1
3949,560170,69315,falha_autenticacao,err_credentials_invalid,,False,1
3950,560256,69327,timeout,err_timeout_408,,False,1
3951,560266,69329,falha_autenticacao,err_auth_401,12,True,1
3952,560302,69332,timeout,err_gateway_timeout_504,,False,1
3953,560444,69348,timeout,err_timeout_408,,False,1
3954,560570,69366,falha_autenticacao,err_auth_401,,False,1
3955,560590,69369,timeout,err_gateway_timeout_504,,False,1
3956,560883,69405,erro_interno,err_unexpected,,False,1
3957,561367,69468,timeout,err_timeout_408,,False,1
3958,561402,69475,falha_autenticacao,err_auth_401,,False,1
3959,561559,69495,timeout,err_gateway_timeout_504,25,True,1
3960,561778,69521,timeout,err_gateway_timeout_504,,False,1
3961,561890,69534,falha_autenticacao,err_credentials_invalid,,False,1
3962,562445,69603,timeout,err_gateway_timeout_504,17,True,1
3963,562448,69603,timeout,err_timeout_408,,False,1
3964,562488,69608,timeout,err_timeout_408,66,True,1
3965,562503,69610,erro_interno,err_internal_500,,False,1
3966,562726,69637,timeout,err_gateway_timeout_504,,False,1
3967,562777,69644,falha_autenticacao,err_credentials_invalid,,False,1
3968,562843,69652,timeout,err_timeout_408,24,True,1
3969,562851,69652,erro_interno,err_internal_500,9,True,1
3970,563046,69679,erro_interno,err_unexpected,38,True,1
3971,563086,69684,erro_interno,err_internal_500,,False,1
3972,563300,69712,erro_interno,err_internal_500,,False,1
3973,563353,69719,servico_indisponivel,err_service_503,,False,1
3974,563547,69743,timeout,err_gateway_timeout_504,,False,1
3975,563563,69745,timeout,err_gateway_timeout_504,,False,1
3976,563867,69781,erro_interno,err_internal_500,82,True,1
3977,563898,69785,timeout,err_timeout_408,24,True,1
3978,563899,69785,timeout,err_timeout_408,,False,2
3979,563914,69787,timeout,err_timeout_408,,False,1
3980,563975,69796,falha_autenticacao,err_auth_401,,False,1
3981,564302,69837,timeout,err_gateway_timeout_504,,False,1
3982,564362,69844,erro_interno,err_unexpected,,False,1
3983,564476,69855,timeout,err_gateway_timeout_504,,False,1
3984,564622,69874,falha_autenticacao,err_credentials_invalid,12,True,1
3985,564657,69878,timeout,err_gateway_timeout_504,,False,1
3986,564659,69878,timeout,err_timeout_408,35,True,1
3987,564660,69878,erro_interno,err_unexpected,44,True,2
3988,564859,69902,timeout,err_timeout_408,15,True,1
3989,564986,69918,erro_interno,err_internal_500,29,True,1
3990,565066,69927,erro_interno,err_unexpected,,False,1
3991,565145,69936,falha_autenticacao,err_auth_401,,False,1
3992,565209,69944,timeout,err_gateway_timeout_504,,False,1
3993,565334,69959,timeout,err_gateway_timeout_504,46,True,1
3994,565518,69980,timeout,err_timeout_408,,False,1
3995,565790,70016,timeout,err_gateway_timeout_504,,False,1
3996,565889,70029,falha_autenticacao,err_auth_401,13,True,1
3997,566017,70044,timeout,err_gateway_timeout_504,11,True,1
3998,566069,70049,erro_interno,err_unexpected,,False,1
3999,566083,70050,timeout,err_timeout_408,,False,1
4000,566152,70058,erro_interno,err_unexpected,5,True,1
4001,566252,70070,timeout,err_gateway_timeout_504,73,True,1
4002,566253,70070,timeout,err_gateway_timeout_504,,False,2
4003,566255,70070,timeout,err_timeout_408,,False,1
4004,566357,70084,timeout,err_timeout_408,,False,1
4005,566386,70087,servico_indisponivel,err_maintenance,,False,1
4006,566994,70162,timeout,err_gateway_timeout_504,28,True,1
4007,567104,70173,timeout,err_timeout_408,36,True,1
4008,567148,70178,timeout,err_gateway_timeout_504,,False,1
4009,567329,70199,timeout,err_gateway_timeout_504,,False,1
4010,567521,70223,timeout,err_timeout_408,,False,1
4011,567810,70258,timeout,err_gateway_timeout_504,30,True,1
4012,567881,70268,timeout,err_timeout_408,,False,1
4013,567969,70278,erro_interno,err_internal_500,,False,1
4014,568075,70294,erro_interno,err_internal_500,,False,1
4015,568210,70315,falha_autenticacao,err_credentials_invalid,,False,1
4016,568514,70351,timeout,err_timeout_408,,False,1
4017,568582,70361,timeout,err_gateway_timeout_504,,False,1
4018,569026,70421,falha_autenticacao,err_auth_401,15,True,1
4019,569222,70446,timeout,err_gateway_timeout_504,,False,1
4020,569252,70450,timeout,err_gateway_timeout_504,10,True,1
4021,569253,70450,timeout,err_gateway_timeout_504,16,True,2
4022,569254,70450,falha_autenticacao,err_credentials_invalid,,False,3
4023,569489,70479,erro_interno,err_unexpected,,False,1
4024,569619,70497,falha_autenticacao,err_auth_401,,False,1
4025,569650,70502,timeout,err_gateway_timeout_504,44,True,1
4026,569723,70510,timeout,err_gateway_timeout_504,,False,1
4027,569976,70543,timeout,err_timeout_408,,False,1
4028,570018,70548,timeout,err_gateway_timeout_504,11,True,1
4029,570019,70548,timeout,err_timeout_408,,False,2
4030,570136,70563,erro_interno,err_internal_500,8,True,1
4031,570326,70585,timeout,err_timeout_408,,False,1
4032,570340,70587,timeout,err_gateway_timeout_504,,False,1
4033,570529,70611,timeout,err_timeout_408,20,True,1
4034,570530,70611,timeout,err_gateway_timeout_504,,False,2
4035,570632,70625,timeout,err_gateway_timeout_504,21,True,1
4036,570867,70653,falha_autenticacao,err_auth_401,15,True,1
4037,571034,70673,falha_autenticacao,err_auth_401,8,True,1
4038,571168,70692,falha_autenticacao,err_auth_401,,False,1
4039,571228,70700,erro_interno,err_unexpected,,False,1
4040,571309,70711,falha_autenticacao,err_auth_401,,False,1
4041,571329,70713,erro_interno,err_internal_500,,False,1
4042,571377,70720,timeout,err_gateway_timeout_504,36,True,1
4043,571673,70753,erro_interno,err_internal_500,,False,1
4044,571676,70754,timeout,err_gateway_timeout_504,,False,1
4045,571873,70776,erro_interno,err_internal_500,,False,1
4046,572141,70807,timeout,err_timeout_408,45,True,1
4047,572182,70812,erro_interno,err_unexpected,,False,1
4048,572402,70843,falha_autenticacao,err_auth_401,,False,1
4049,572457,70850,servico_indisponivel,err_maintenance,,False,1
4050,572534,70860,timeout,err_gateway_timeout_504,,False,1
4051,572580,70865,timeout,err_gateway_timeout_504,,False,1
4052,572739,70887,erro_interno,err_internal_500,,False,1
4053,572788,70892,erro_interno,err_unexpected,52,True,1
4054,572816,70895,timeout,err_timeout_408,37,True,1
4055,572936,70909,erro_interno,err_unexpected,16,True,1
4056,573008,70919,falha_autenticacao,err_auth_401,,False,1
4057,573110,70931,conexao_interrompida,err_network_unreachable,70,True,1
4058,573236,70944,timeout,err_gateway_timeout_504,,False,1
4059,573425,70969,erro_interno,err_internal_500,,False,1
4060,573484,70975,timeout,err_timeout_408,,False,1
4061,573676,70999,timeout,err_gateway_timeout_504,,False,1
4062,573741,71010,falha_autenticacao,err_auth_401,19,True,1
4063,573864,71024,timeout,err_gateway_timeout_504,,False,1
4064,573981,71037,timeout,err_timeout_408,20,True,1
4065,574018,71042,erro_interno,err_unexpected,,False,1
4066,574073,71048,timeout,err_timeout_408,15,True,1
4067,574237,71067,erro_interno,err_unexpected,,False,1
4068,574268,71072,timeout,err_gateway_timeout_504,11,True,1
4069,574723,71126,timeout,err_timeout_408,28,True,1
4070,574729,71127,timeout,err_timeout_408,11,True,1
4071,574857,71142,timeout,err_timeout_408,,False,1
4072,574879,71146,timeout,err_timeout_408,,False,1
4073,575022,71164,timeout,err_gateway_timeout_504,,False,1
4074,575037,71167,erro_interno,err_internal_500,33,True,1
4075,575068,71171,timeout,err_gateway_timeout_504,14,True,1
4076,575087,71173,timeout,err_gateway_timeout_504,20,True,1
4077,575102,71175,timeout,err_timeout_408,,False,1
4078,575127,71177,erro_interno,err_internal_500,,False,1
4079,575238,71192,timeout,err_gateway_timeout_504,18,True,1
4080,575282,71198,erro_interno,err_internal_500,,False,1
4081,575720,71250,servico_indisponivel,err_maintenance,,False,1
4082,575761,71257,timeout,err_timeout_408,10,True,1
4083,575973,71286,falha_autenticacao,err_credentials_invalid,,False,1
4084,576227,71318,erro_interno,err_internal_500,35,True,1
4085,576299,71327,timeout,err_gateway_timeout_504,,False,1
4086,576303,71327,erro_interno,err_internal_500,46,True,1
4087,576442,71343,timeout,err_gateway_timeout_504,27,True,1
4088,576550,71354,erro_interno,err_internal_500,,False,1
4089,576842,71392,timeout,err_gateway_timeout_504,11,True,1
4090,577148,71427,timeout,err_gateway_timeout_504,,False,1
4091,577291,71445,timeout,err_gateway_timeout_504,,False,1
4092,577302,71448,falha_autenticacao,err_credentials_invalid,14,True,1
4093,577312,71449,falha_autenticacao,err_auth_401,8,True,1
4094,578001,71537,timeout,err_gateway_timeout_504,,False,1
4095,578066,71546,timeout,err_gateway_timeout_504,,False,1
4096,578177,71559,timeout,err_timeout_408,,False,1
4097,578273,71572,timeout,err_timeout_408,,False,1
4098,578517,71602,timeout,err_gateway_timeout_504,,False,1
4099,578889,71646,timeout,err_gateway_timeout_504,59,True,1
4100,579379,71709,timeout,err_timeout_408,29,True,1
4101,579501,71726,timeout,err_timeout_408,,False,1
4102,579610,71739,falha_autenticacao,err_credentials_invalid,,False,1
4103,579743,71756,erro_interno,err_internal_500,,False,1
4104,579781,71762,timeout,err_gateway_timeout_504,,False,1
4105,579961,71784,timeout,err_gateway_timeout_504,,False,1
4106,580206,71819,conexao_interrompida,err_network_unreachable,82,True,1
4107,580223,71821,erro_interno,err_internal_500,52,True,1
4108,580237,71822,timeout,err_gateway_timeout_504,,False,1
4109,580399,71844,timeout,err_timeout_408,124,True,1
4110,580507,71861,timeout,err_gateway_timeout_504,,False,1
4111,580520,71862,erro_interno,err_unexpected,,False,1
4112,580543,71866,timeout,err_timeout_408,,False,1
4113,580817,71904,timeout,err_timeout_408,,False,1
4114,581049,71937,timeout,err_gateway_timeout_504,,False,1
4115,581075,71940,timeout,err_gateway_timeout_504,20,True,1
4116,581180,71955,erro_interno,err_unexpected,,False,1
4117,581481,71992,erro_interno,err_unexpected,15,True,1
4118,581488,71993,erro_interno,err_unexpected,,False,1
4119,581548,72002,timeout,err_timeout_408,54,True,1
4120,581556,72003,timeout,err_gateway_timeout_504,,False,1
4121,581752,72029,timeout,err_timeout_408,,False,1
4122,581786,72034,timeout,err_gateway_timeout_504,,False,1
4123,581851,72043,erro_interno,err_internal_500,,False,1
4124,581994,72063,erro_interno,err_unexpected,,False,1
4125,582065,72075,erro_interno,err_internal_500,,False,1
4126,582122,72083,erro_interno,err_unexpected,,False,1
4127,582200,72094,timeout,err_timeout_408,37,True,1
4128,582373,72114,erro_interno,err_unexpected,67,True,1
4129,582419,72121,falha_autenticacao,err_auth_401,26,True,1
4130,582434,72123,timeout,err_gateway_timeout_504,24,True,1
4131,582510,72133,erro_interno,err_internal_500,,False,1
4132,582516,72133,erro_interno,err_unexpected,,False,1
4133,582682,72158,servico_indisponivel,err_maintenance,52,True,1
4134,582683,72158,falha_autenticacao,err_auth_401,28,True,2
4135,582830,72180,timeout,err_timeout_408,29,True,1
4136,582884,72189,erro_interno,err_internal_500,,False,1
4137,583289,72243,timeout,err_gateway_timeout_504,64,True,1
4138,583419,72262,erro_interno,err_unexpected,,False,1
4139,583539,72280,falha_autenticacao,err_auth_401,18,True,1
4140,583650,72296,servico_indisponivel,err_service_503,,False,1
4141,583833,72323,timeout,err_gateway_timeout_504,17,True,1
4142,584023,72348,timeout,err_timeout_408,,False,1
4143,584078,72356,conexao_interrompida,err_network_unreachable,97,True,1
4144,584311,72392,falha_autenticacao,err_credentials_invalid,16,True,1
4145,584501,72421,timeout,err_gateway_timeout_504,,False,1
4146,584516,72424,timeout,err_timeout_408,25,True,1
4147,584629,72438,timeout,err_timeout_408,73,True,1
4148,584638,72439,erro_interno,err_internal_500,,False,1
4149,584727,72453,timeout,err_gateway_timeout_504,,False,1
4150,584946,72484,timeout,err_gateway_timeout_504,,False,1
4151,585275,72533,erro_interno,err_internal_500,,False,1
4152,585398,72551,timeout,err_gateway_timeout_504,55,True,1
4153,585553,72571,timeout,err_gateway_timeout_504,15,True,1
4154,585613,72578,falha_autenticacao,err_credentials_invalid,39,True,1
4155,585709,72589,timeout,err_gateway_timeout_504,187,True,1
4156,585861,72612,falha_autenticacao,err_credentials_invalid,33,True,1
4157,585991,72629,timeout,err_timeout_408,,False,1
4158,586013,72631,conexao_interrompida,err_network_unreachable,,False,1
4159,586088,72640,timeout,err_gateway_timeout_504,23,True,1
4160,586265,72666,timeout,err_timeout_408,120,True,1
4161,586303,72673,timeout,err_timeout_408,,False,1
4162,586310,72674,falha_autenticacao,err_credentials_invalid,20,True,1
4163,586339,72678,timeout,err_timeout_408,38,True,1
4164,586387,72685,timeout,err_gateway_timeout_504,,False,1
4165,586554,72708,falha_autenticacao,err_auth_401,,False,1
4166,586612,72718,timeout,err_timeout_408,,False,1
4167,586615,72718,timeout,err_gateway_timeout_504,42,True,1
4168,586711,72731,timeout,err_timeout_408,,False,1
4169,586905,72758,erro_interno,err_unexpected,,False,1
4170,586943,72763,servico_indisponivel,err_maintenance,,False,1
4171,587044,72777,timeout,err_timeout_408,,False,1
4172,587083,72783,timeout,err_timeout_408,,False,1
4173,587114,72788,timeout,err_gateway_timeout_504,49,True,1
4174,587115,72788,falha_autenticacao,err_auth_401,,False,2
4175,587400,72826,erro_interno,err_internal_500,,False,1
4176,587439,72830,erro_interno,err_internal_500,,False,1
4177,587579,72851,falha_autenticacao,err_credentials_invalid,29,True,1
4178,587580,72851,timeout,err_gateway_timeout_504,39,True,2
4179,587608,72855,erro_interno,err_internal_500,13,True,1
4180,587897,72896,falha_autenticacao,err_auth_401,31,True,1
4181,587923,72901,falha_autenticacao,err_auth_401,,False,1
4182,587926,72902,erro_interno,err_unexpected,117,True,1
4183,587927,72902,timeout,err_gateway_timeout_504,101,True,2
4184,587945,72905,falha_autenticacao,err_credentials_invalid,25,True,1
4185,587953,72906,timeout,err_gateway_timeout_504,,False,1
4186,587986,72911,falha_autenticacao,err_auth_401,44,True,1
4187,588013,72915,timeout,err_gateway_timeout_504,,False,1
4188,588111,72928,timeout,err_timeout_408,,False,1
4189,588226,72942,falha_autenticacao,err_auth_401,25,True,1
4190,588280,72949,falha_autenticacao,err_auth_401,32,True,1
4191,588353,72959,timeout,err_gateway_timeout_504,,False,1
4192,588361,72960,falha_autenticacao,err_credentials_invalid,21,True,1
4193,588385,72963,falha_autenticacao,err_credentials_invalid,13,True,1
4194,588509,72978,servico_indisponivel,err_service_503,,False,1
4195,588526,72981,erro_interno,err_internal_500,40,True,1
4196,588569,72987,timeout,err_timeout_408,57,True,1
4197,588617,72994,falha_autenticacao,err_credentials_invalid,,False,1
4198,588701,73006,timeout,err_timeout_408,,False,1
4199,588702,73007,falha_autenticacao,err_credentials_invalid,19,True,1
4200,588731,73011,timeout,err_timeout_408,38,True,1
4201,588817,73020,timeout,err_timeout_408,11,True,1
4202,588869,73027,erro_interno,err_unexpected,,False,1
4203,589065,73056,servico_indisponivel,err_service_503,,False,1
4204,589113,73064,servico_indisponivel,err_maintenance,,False,1
4205,589133,73067,timeout,err_gateway_timeout_504,,False,1
4206,589185,73074,falha_autenticacao,err_credentials_invalid,21,True,1
4207,589201,73075,conexao_interrompida,err_connection_lost,,False,1
4208,589323,73091,erro_interno,err_unexpected,14,True,1
4209,589342,73094,timeout,err_timeout_408,25,True,1
4210,589343,73094,falha_autenticacao,err_auth_401,19,True,2
4211,589471,73107,timeout,err_timeout_408,,False,1
4212,589481,73108,erro_interno,err_unexpected,,False,1
4213,589570,73122,falha_autenticacao,err_auth_401,,False,1
4214,589650,73133,falha_autenticacao,err_credentials_invalid,,False,1
4215,589731,73146,timeout,err_gateway_timeout_504,21,True,1
4216,589835,73161,falha_autenticacao,err_credentials_invalid,26,True,1
4217,589950,73179,timeout,err_timeout_408,,False,1
4218,590148,73207,falha_autenticacao,err_auth_401,17,True,1
4219,590179,73211,timeout,err_timeout_408,22,True,1
4220,590243,73220,timeout,err_timeout_408,,False,1
4221,590441,73247,timeout,err_timeout_408,,False,1
4222,590562,73266,conexao_interrompida,err_network_unreachable,,False,1
4223,590570,73268,timeout,err_gateway_timeout_504,,False,1
4224,590571,73269,falha_autenticacao,err_credentials_invalid,,False,1
4225,590579,73270,timeout,err_gateway_timeout_504,,False,1
4226,590650,73280,timeout,err_timeout_408,,False,1
4227,590829,73306,timeout,err_timeout_408,,False,1
4228,591038,73335,timeout,err_gateway_timeout_504,,False,1
4229,591055,73338,timeout,err_gateway_timeout_504,27,True,1
4230,591081,73341,timeout,err_gateway_timeout_504,,False,1
4231,591304,73371,timeout,err_timeout_408,,False,1
4232,591340,73376,falha_autenticacao,err_auth_401,17,True,1
4233,591376,73381,timeout,err_timeout_408,22,True,1
4234,591464,73392,timeout,err_gateway_timeout_504,,False,1
4235,591681,73423,erro_interno,err_internal_500,,False,1
4236,591723,73429,erro_interno,err_internal_500,9,True,1
4237,591771,73435,timeout,err_gateway_timeout_504,28,True,1
4238,591851,73446,falha_autenticacao,err_auth_401,,False,1
4239,591902,73455,timeout,err_timeout_408,,False,1
4240,592082,73480,timeout,err_gateway_timeout_504,,False,1
4241,592347,73516,timeout,err_gateway_timeout_504,,False,1
4242,592375,73520,timeout,err_gateway_timeout_504,,False,1
4243,592644,73558,timeout,err_timeout_408,27,True,1
4244,592645,73558,timeout,err_timeout_408,25,True,2
4245,592693,73565,timeout,err_timeout_408,,False,1
4246,592790,73579,timeout,err_gateway_timeout_504,,False,1
4247,592912,73597,erro_interno,err_unexpected,,False,1
4248,593073,73620,timeout,err_gateway_timeout_504,,False,1
4249,593085,73622,conexao_interrompida,err_connection_lost,,False,1
4250,593252,73646,erro_interno,err_internal_500,37,True,1
4251,593298,73654,erro_interno,err_unexpected,,False,1
4252,593819,73728,timeout,err_timeout_408,,False,1
4253,593922,73744,timeout,err_gateway_timeout_504,52,True,1
4254,593954,73749,servico_indisponivel,err_maintenance,,False,1
4255,593955,73749,falha_autenticacao,err_credentials_invalid,,False,2
4256,593986,73753,timeout,err_gateway_timeout_504,,False,1
4257,594117,73772,timeout,err_timeout_408,,False,1
4258,594191,73782,falha_autenticacao,err_auth_401,,False,1
4259,594227,73788,timeout,err_gateway_timeout_504,,False,1
4260,594313,73800,timeout,err_timeout_408,,False,1
4261,594345,73804,falha_autenticacao,err_auth_401,25,True,1
4262,594430,73814,timeout,err_timeout_408,37,True,1
4263,594692,73851,timeout,err_timeout_408,,False,1
4264,595031,73898,falha_autenticacao,err_auth_401,,False,1
4265,595422,73949,falha_autenticacao,err_credentials_invalid,35,True,1
4266,595642,73980,timeout,err_gateway_timeout_504,25,True,1
4267,595760,73995,timeout,err_gateway_timeout_504,,False,1
4268,595851,74006,erro_interno,err_internal_500,,False,1
4269,595879,74009,erro_interno,err_unexpected,,False,1
4270,595880,74009,erro_interno,err_unexpected,,False,1
4271,595930,74017,falha_autenticacao,err_credentials_invalid,,False,1
4272,595943,74020,timeout,err_gateway_timeout_504,,False,1
4273,595956,74023,timeout,err_timeout_408,,False,1
4274,595999,74030,erro_interno,err_internal_500,36,True,1
4275,596121,74047,timeout,err_gateway_timeout_504,25,True,1
4276,596229,74062,timeout,err_gateway_timeout_504,,False,1
4277,596483,74097,timeout,err_gateway_timeout_504,68,True,1
4278,596506,74101,falha_autenticacao,err_auth_401,24,True,1
4279,596709,74129,timeout,err_gateway_timeout_504,44,True,1
4280,596971,74168,timeout,err_timeout_408,22,True,1
4281,597011,74173,timeout,err_timeout_408,,False,1
4282,597066,74182,timeout,err_timeout_408,,False,1
4283,597200,74200,erro_interno,err_unexpected,55,True,1
4284,597231,74204,erro_interno,err_unexpected,30,True,1
4285,597281,74211,timeout,err_gateway_timeout_504,36,True,1
4286,597620,74254,erro_interno,err_unexpected,15,True,1
4287,597940,74298,timeout,err_timeout_408,32,True,1
4288,598048,74313,timeout,err_timeout_408,,False,1
4289,598121,74324,timeout,err_timeout_408,,False,1
4290,598292,74348,erro_interno,err_unexpected,,False,1
4291,598597,74388,timeout,err_gateway_timeout_504,91,True,1
4292,598737,74406,erro_interno,err_internal_500,,False,1
4293,598823,74416,timeout,err_timeout_408,27,True,1
4294,598838,74418,falha_autenticacao,err_credentials_invalid,20,True,1
4295,598859,74420,erro_interno,err_unexpected,34,True,1
4296,598923,74430,erro_interno,err_internal_500,13,True,1
4297,598990,74441,falha_autenticacao,err_auth_401,31,True,1
4298,599046,74448,erro_interno,err_internal_500,73,True,1
4299,599929,74570,falha_autenticacao,err_auth_401,,False,1
4300,600030,74582,timeout,err_timeout_408,40,True,1
4301,600151,74600,timeout,err_gateway_timeout_504,,False,1
4302,600198,74608,timeout,err_gateway_timeout_504,,False,1
4303,600293,74621,falha_autenticacao,err_auth_401,13,True,1
4304,600304,74623,falha_autenticacao,err_credentials_invalid,17,True,1
4305,600374,74632,timeout,err_gateway_timeout_504,134,True,1
4306,600545,74656,timeout,err_timeout_408,20,True,1
4307,600553,74657,conexao_interrompida,err_connection_lost,120,True,1
4308,600585,74662,falha_autenticacao,err_credentials_invalid,,False,1
4309,600593,74664,servico_indisponivel,err_maintenance,,False,1
4310,600676,74674,timeout,err_timeout_408,24,True,1
4311,600677,74674,falha_autenticacao,err_auth_401,27,True,2
4312,600678,74674,servico_indisponivel,err_service_503,,False,3
4313,600681,74675,timeout,err_gateway_timeout_504,,False,1
4314,600811,74691,timeout,err_gateway_timeout_504,,False,1
4315,600874,74699,timeout,err_timeout_408,,False,1
4316,600902,74702,falha_autenticacao,err_auth_401,,False,1
4317,600907,74702,erro_interno,err_unexpected,61,True,1
4318,600987,74713,falha_autenticacao,err_credentials_invalid,,False,1
4319,601036,74719,erro_interno,err_unexpected,,False,1
4320,601249,74746,timeout,err_gateway_timeout_504,,False,1
4321,601284,74752,timeout,err_timeout_408,17,True,1
4322,601575,74788,falha_autenticacao,err_auth_401,,False,1
4323,601578,74789,timeout,err_timeout_408,85,True,1
4324,601830,74823,erro_interno,err_internal_500,,False,1
4325,602113,74858,timeout,err_timeout_408,,False,1
4326,602252,74878,timeout,err_timeout_408,19,True,1
4327,602268,74881,timeout,err_gateway_timeout_504,25,True,1
4328,602283,74883,falha_autenticacao,err_credentials_invalid,17,True,1
4329,602438,74903,timeout,err_gateway_timeout_504,32,True,1
4330,602666,74934,timeout,err_gateway_timeout_504,33,True,1
4331,602667,74934,timeout,err_timeout_408,,False,2
4332,602826,74956,timeout,err_gateway_timeout_504,19,True,1
4333,602893,74964,falha_autenticacao,err_credentials_invalid,27,True,1
4334,602927,74969,timeout,err_timeout_408,28,True,1
4335,603072,74989,erro_interno,err_internal_500,,False,1
4336,603272,75016,timeout,err_gateway_timeout_504,15,True,1
4337,603318,75021,timeout,err_timeout_408,28,True,1
4338,603345,75025,timeout,err_gateway_timeout_504,,False,1
4339,603382,75030,erro_interno,err_unexpected,,False,1
4340,603666,75068,timeout,err_timeout_408,32,True,1
4341,603737,75080,servico_indisponivel,err_service_503,,False,1
4342,603738,75080,timeout,err_timeout_408,28,True,2
4343,603743,75080,erro_interno,err_internal_500,59,True,1
4344,604025,75119,timeout,err_gateway_timeout_504,,False,1
4345,604209,75145,falha_autenticacao,err_auth_401,,False,1
4346,604302,75158,timeout,err_gateway_timeout_504,,False,1
4347,604311,75159,falha_autenticacao,err_credentials_invalid,32,True,1
4348,604404,75171,timeout,err_gateway_timeout_504,,False,1
4349,604735,75222,falha_autenticacao,err_credentials_invalid,,False,1
4350,604892,75246,timeout,err_timeout_408,,False,1
4351,604897,75247,timeout,err_timeout_408,,False,1
4352,604933,75252,timeout,err_timeout_408,23,True,1
4353,604985,75259,timeout,err_gateway_timeout_504,,False,1
4354,605127,75276,timeout,err_gateway_timeout_504,32,True,1
4355,605172,75282,timeout,err_timeout_408,54,True,1
4356,605274,75297,erro_interno,err_unexpected,42,True,1
4357,605291,75299,servico_indisponivel,err_maintenance,47,True,1
4358,605292,75299,timeout,err_gateway_timeout_504,30,True,2
4359,605301,75299,timeout,err_gateway_timeout_504,28,True,1
4360,605321,75302,timeout,err_timeout_408,21,True,1
4361,605332,75304,falha_autenticacao,err_auth_401,,False,1
4362,605340,75306,falha_autenticacao,err_auth_401,,False,1
4363,605347,75306,timeout,err_timeout_408,116,True,1
4364,605445,75321,falha_autenticacao,err_auth_401,22,True,1
4365,605648,75351,servico_indisponivel,err_maintenance,,False,1
4366,605651,75351,timeout,err_timeout_408,89,True,1
4367,605814,75373,timeout,err_timeout_408,15,True,1
4368,605883,75383,timeout,err_gateway_timeout_504,21,True,1
4369,605958,75395,timeout,err_gateway_timeout_504,,False,1
4370,606030,75404,erro_interno,err_internal_500,12,True,1
4371,606070,75410,timeout,err_timeout_408,33,True,1
4372,606169,75422,timeout,err_timeout_408,,False,1
4373,606262,75437,falha_autenticacao,err_credentials_invalid,38,True,1
4374,606275,75439,falha_autenticacao,err_auth_401,15,True,1
4375,606325,75446,timeout,err_timeout_408,33,True,1
4376,606383,75453,timeout,err_gateway_timeout_504,37,True,1
4377,606410,75457,timeout,err_timeout_408,74,True,1
4378,606427,75459,falha_autenticacao,err_auth_401,30,True,1
4379,606441,75460,timeout,err_gateway_timeout_504,,False,1
4380,606657,75490,servico_indisponivel,err_maintenance,,False,1
4381,606695,75495,timeout,err_timeout_408,,False,1
4382,606718,75498,timeout,err_timeout_408,,False,1
4383,606995,75533,timeout,err_timeout_408,56,True,1
4384,607089,75548,timeout,err_timeout_408,,False,1
4385,607220,75566,erro_interno,err_internal_500,,False,1
4386,607245,75571,timeout,err_timeout_408,29,True,1
4387,607277,75576,erro_interno,err_internal_500,,False,1
4388,607562,75615,timeout,err_timeout_408,24,True,1
4389,607593,75619,timeout,err_timeout_408,,False,1
4390,607644,75626,timeout,err_timeout_408,17,True,1
4391,608095,75686,falha_autenticacao,err_credentials_invalid,,False,1
4392,608237,75705,timeout,err_gateway_timeout_504,38,True,1
4393,608333,75716,falha_autenticacao,err_credentials_invalid,13,True,1
4394,608366,75720,timeout,err_gateway_timeout_504,,False,1
4395,608506,75737,timeout,err_gateway_timeout_504,42,True,1
4396,608507,75737,erro_interno,err_unexpected,,False,2
4397,608591,75749,servico_indisponivel,err_maintenance,,False,1
4398,608818,75777,timeout,err_timeout_408,,False,1
4399,608987,75800,servico_indisponivel,err_service_503,52,True,1
4400,609116,75818,timeout,err_timeout_408,,False,1
4401,609136,75821,erro_interno,err_internal_500,,False,1
4402,609225,75832,timeout,err_gateway_timeout_504,35,True,1
4403,609367,75853,servico_indisponivel,err_service_503,,False,1
4404,609375,75854,erro_interno,err_unexpected,,False,1
4405,609482,75868,timeout,err_timeout_408,52,True,1
4406,609705,75902,timeout,err_timeout_408,67,True,1
4407,609707,75902,erro_interno,err_internal_500,,False,1
4408,609797,75917,timeout,err_timeout_408,44,True,1
4409,609847,75924,falha_autenticacao,err_auth_401,,False,1
4410,609991,75943,erro_interno,err_internal_500,,False,1
4411,610097,75957,falha_autenticacao,err_auth_401,,False,1
4412,610163,75966,timeout,err_timeout_408,,False,1
4413,610200,75971,timeout,err_timeout_408,55,True,1
4414,610309,75987,timeout,err_timeout_408,,False,1
4415,610604,76025,timeout,err_gateway_timeout_504,,False,1
4416,610630,76028,erro_interno,err_internal_500,22,True,1
4417,610736,76042,falha_autenticacao,err_auth_401,21,True,1
4418,610755,76044,falha_autenticacao,err_credentials_invalid,,False,1
4419,610819,76053,falha_autenticacao,err_credentials_invalid,31,True,1
4420,610867,76059,erro_interno,err_internal_500,,False,1
4421,610910,76066,falha_autenticacao,err_auth_401,,False,1
4422,610983,76078,falha_autenticacao,err_auth_401,23,True,1
4423,610986,76078,erro_interno,err_internal_500,,False,1
4424,611366,76131,erro_interno,err_unexpected,63,True,1
4425,611495,76151,servico_indisponivel,err_maintenance,,False,1
4426,611604,76167,timeout,err_gateway_timeout_504,26,True,1
4427,611621,76169,timeout,err_timeout_408,,False,1
4428,611649,76173,erro_interno,err_internal_500,,False,1
4429,611712,76179,erro_interno,err_internal_500,26,True,1
4430,611743,76185,timeout,err_gateway_timeout_504,26,True,1
4431,611995,76220,timeout,err_timeout_408,,False,1
4432,612003,76221,timeout,err_timeout_408,,False,1
4433,612027,76225,falha_autenticacao,err_auth_401,,False,1
4434,612028,76226,timeout,err_timeout_408,,False,1
4435,612047,76228,servico_indisponivel,err_service_503,,False,1
4436,612050,76228,erro_interno,err_internal_500,,False,1
4437,612088,76234,timeout,err_timeout_408,,False,1
4438,612271,76261,conexao_interrompida,err_connection_lost,,False,1
4439,612412,76282,timeout,err_gateway_timeout_504,,False,1
4440,612528,76300,falha_autenticacao,err_credentials_invalid,,False,1
4441,612565,76304,timeout,err_timeout_408,38,True,1
4442,612603,76311,falha_autenticacao,err_credentials_invalid,17,True,1
4443,612609,76312,falha_autenticacao,err_credentials_invalid,14,True,1
4444,612994,76368,timeout,err_gateway_timeout_504,,False,1
4445,613044,76373,falha_autenticacao,err_auth_401,,False,1
4446,613049,76374,erro_interno,err_internal_500,,False,1
4447,613058,76376,erro_interno,err_internal_500,9,True,1
4448,613144,76388,timeout,err_timeout_408,42,True,1
4449,613198,76395,erro_interno,err_internal_500,,False,1
4450,613240,76400,falha_autenticacao,err_credentials_invalid,23,True,1
4451,613244,76400,erro_interno,err_unexpected,,False,1
4452,613308,76409,timeout,err_timeout_408,51,True,1
4453,613328,76412,timeout,err_timeout_408,64,True,1
4454,613680,76460,erro_interno,err_internal_500,,False,1
4455,613761,76472,timeout,err_gateway_timeout_504,,False,1
4456,614310,76549,timeout,err_gateway_timeout_504,43,True,1
4457,614381,76559,timeout,err_gateway_timeout_504,26,True,1
4458,614396,76561,timeout,err_timeout_408,,False,1
4459,615152,76662,timeout,err_timeout_408,75,True,1
4460,615256,76677,timeout,err_timeout_408,20,True,1
4461,615432,76704,servico_indisponivel,err_service_503,,False,1
4462,615614,76730,timeout,err_timeout_408,,False,1
4463,615713,76745,timeout,err_timeout_408,,False,1
4464,615912,76771,timeout,err_gateway_timeout_504,19,True,1
4465,616004,76784,erro_interno,err_unexpected,,False,1
4466,616149,76804,erro_interno,err_unexpected,,False,1
4467,616310,76827,servico_indisponivel,err_service_503,,False,1
4468,616352,76834,erro_interno,err_unexpected,10,True,1
4469,616439,76847,falha_autenticacao,err_credentials_invalid,20,True,1
4470,616454,76849,timeout,err_timeout_408,13,True,1
4471,616626,76874,timeout,err_gateway_timeout_504,,False,1
4472,616730,76890,timeout,err_gateway_timeout_504,,False,1
4473,616774,76896,erro_interno,err_internal_500,32,True,1
4474,616994,76925,timeout,err_timeout_408,75,True,1
4475,617093,76939,timeout,err_timeout_408,,False,1
4476,617187,76953,timeout,err_gateway_timeout_504,65,True,1
4477,617212,76957,timeout,err_gateway_timeout_504,22,True,1
4478,617302,76970,timeout,err_gateway_timeout_504,,False,1
4479,617498,76999,erro_interno,err_unexpected,,False,1
4480,617953,77058,timeout,err_gateway_timeout_504,,False,1
4481,618051,77072,timeout,err_timeout_408,24,True,1
4482,618129,77083,timeout,err_gateway_timeout_504,,False,1
4483,618169,77088,timeout,err_timeout_408,18,True,1
4484,618247,77099,timeout,err_gateway_timeout_504,,False,1
4485,618304,77107,falha_autenticacao,err_auth_401,,False,1
4486,618384,77120,timeout,err_gateway_timeout_504,,False,1
4487,618385,77121,timeout,err_timeout_408,,False,1
4488,618411,77125,timeout,err_gateway_timeout_504,19,True,1
4489,618413,77125,erro_interno,err_internal_500,,False,1
4490,618589,77148,erro_interno,err_internal_500,,False,1
4491,618653,77157,timeout,err_gateway_timeout_504,154,True,1
4492,618787,77178,falha_autenticacao,err_auth_401,,False,1
4493,618920,77197,falha_autenticacao,err_credentials_invalid,,False,1
4494,619393,77263,timeout,err_timeout_408,31,True,1
4495,619511,77278,timeout,err_gateway_timeout_504,64,True,1
4496,619616,77290,timeout,err_timeout_408,,False,1
4497,619681,77300,falha_autenticacao,err_credentials_invalid,30,True,1
4498,619902,77330,servico_indisponivel,err_maintenance,,False,1
4499,619937,77336,falha_autenticacao,err_credentials_invalid,20,True,1
4500,620167,77367,erro_interno,err_unexpected,41,True,1
4501,620214,77373,timeout,err_timeout_408,56,True,1
4502,620237,77377,falha_autenticacao,err_credentials_invalid,,False,1
4503,620274,77381,erro_interno,err_unexpected,,False,1
4504,620300,77386,timeout,err_gateway_timeout_504,41,True,1
4505,620497,77414,timeout,err_timeout_408,,False,1
4506,620515,77416,falha_autenticacao,err_auth_401,,False,1
4507,620549,77421,timeout,err_timeout_408,18,True,1
4508,620569,77424,falha_autenticacao,err_credentials_invalid,44,True,1
4509,620571,77424,erro_interno,err_internal_500,,False,1
4510,620622,77430,timeout,err_timeout_408,,False,1
4511,620768,77449,erro_interno,err_internal_500,,False,1
4512,620888,77465,timeout,err_gateway_timeout_504,45,True,1
4513,620981,77475,conexao_interrompida,err_connection_lost,135,True,1
4514,621034,77483,timeout,err_gateway_timeout_504,56,True,1
4515,621059,77485,timeout,err_gateway_timeout_504,53,True,1
4516,621142,77497,erro_interno,err_internal_500,48,True,1
4517,621228,77508,servico_indisponivel,err_service_503,13,True,1
4518,621244,77510,erro_interno,err_internal_500,,False,1
4519,621282,77516,timeout,err_gateway_timeout_504,18,True,1
4520,621362,77527,erro_interno,err_unexpected,,False,1
4521,621374,77529,falha_autenticacao,err_auth_401,22,True,1
4522,621480,77542,timeout,err_gateway_timeout_504,,False,1
4523,621564,77553,falha_autenticacao,err_credentials_invalid,42,True,1
4524,621665,77567,timeout,err_timeout_408,52,True,1
4525,622149,77636,timeout,err_timeout_408,,False,1
4526,622262,77651,erro_interno,err_internal_500,68,True,1
4527,622307,77659,timeout,err_gateway_timeout_504,20,True,1
4528,622320,77661,falha_autenticacao,err_auth_401,32,True,1
4529,622414,77672,erro_interno,err_unexpected,,False,1
4530,622506,77685,timeout,err_timeout_408,17,True,1
4531,622540,77688,servico_indisponivel,err_service_503,,False,1
4532,622586,77696,timeout,err_gateway_timeout_504,,False,1
4533,622642,77706,timeout,err_gateway_timeout_504,32,True,1
4534,622643,77706,timeout,err_gateway_timeout_504,24,True,2
4535,623018,77752,erro_interno,err_unexpected,87,True,1
4536,623163,77772,erro_interno,err_internal_500,96,True,1
4537,623173,77773,timeout,err_gateway_timeout_504,18,True,1
4538,623398,77803,timeout,err_timeout_408,25,True,1
4539,623568,77824,timeout,err_timeout_408,,False,1
4540,623704,77843,erro_interno,err_internal_500,12,True,1
4541,623748,77849,timeout,err_gateway_timeout_504,43,True,1
4542,623749,77849,timeout,err_gateway_timeout_504,32,True,2
4543,623846,77863,falha_autenticacao,err_auth_401,,False,1
4544,623886,77869,timeout,err_timeout_408,29,True,1
4545,623908,77872,timeout,err_timeout_408,,False,1
4546,623972,77880,servico_indisponivel,err_service_503,,False,1
4547,624026,77888,timeout,err_timeout_408,,False,1
4548,624200,77914,timeout,err_gateway_timeout_504,,False,1
4549,624296,77926,timeout,err_gateway_timeout_504,,False,1
4550,624355,77933,falha_autenticacao,err_credentials_invalid,61,True,1
4551,624541,77957,erro_interno,err_unexpected,,False,1
4552,624810,77993,timeout,err_gateway_timeout_504,,False,1
4553,624932,78009,timeout,err_gateway_timeout_504,,False,1
4554,624988,78015,timeout,err_timeout_408,,False,1
4555,625095,78029,servico_indisponivel,err_maintenance,23,True,1
4556,625112,78031,timeout,err_timeout_408,,False,1
4557,625120,78032,timeout,err_timeout_408,,False,1
4558,625146,78036,falha_autenticacao,err_credentials_invalid,,False,1
4559,625270,78054,falha_autenticacao,err_auth_401,,False,1
4560,625301,78059,timeout,err_timeout_408,,False,1
4561,625333,78064,servico_indisponivel,err_maintenance,,False,1
4562,625381,78069,timeout,err_timeout_408,30,True,1
4563,625437,78076,timeout,err_timeout_408,35,True,1
4564,625438,78076,timeout,err_gateway_timeout_504,36,True,2
4565,625439,78076,falha_autenticacao,err_auth_401,,False,3
4566,625774,78121,timeout,err_gateway_timeout_504,24,True,1
4567,625933,78143,timeout,err_timeout_408,,False,1
4568,625993,78152,erro_interno,err_unexpected,,False,1
4569,626004,78153,conexao_interrompida,err_network_unreachable,,False,1
4570,626033,78156,timeout,err_gateway_timeout_504,,False,1
4571,626038,78157,falha_autenticacao,err_auth_401,,False,1
4572,626092,78167,servico_indisponivel,err_service_503,,False,1
4573,626133,78173,falha_autenticacao,err_auth_401,24,True,1
4574,626309,78198,falha_autenticacao,err_auth_401,33,True,1
4575,626310,78198,servico_indisponivel,err_maintenance,,False,2
4576,626311,78198,falha_autenticacao,err_credentials_invalid,,False,3
4577,626330,78201,timeout,err_timeout_408,,False,1
4578,626418,78213,timeout,err_timeout_408,39,True,1
4579,626455,78219,falha_autenticacao,err_auth_401,13,True,1
4580,626559,78234,falha_autenticacao,err_credentials_invalid,24,True,1
4581,626621,78241,erro_interno,err_unexpected,,False,1
4582,626622,78241,erro_interno,err_internal_500,86,True,2
4583,626632,78242,erro_interno,err_internal_500,,False,1
4584,626726,78256,timeout,err_gateway_timeout_504,,False,1
4585,626780,78264,timeout,err_gateway_timeout_504,26,True,1
4586,626825,78270,falha_autenticacao,err_credentials_invalid,36,True,1
4587,627001,78295,timeout,err_gateway_timeout_504,75,True,1
4588,627002,78295,servico_indisponivel,err_maintenance,,False,2
4589,627102,78310,erro_interno,err_internal_500,75,True,1
4590,627184,78321,erro_interno,err_internal_500,,False,1
4591,627234,78328,erro_interno,err_unexpected,164,True,1
4592,627322,78341,timeout,err_timeout_408,30,True,1
4593,627578,78374,erro_interno,err_internal_500,,False,1
4594,627610,78378,erro_interno,err_internal_500,22,True,1
4595,627645,78383,timeout,err_gateway_timeout_504,,False,1
4596,628091,78444,timeout,err_timeout_408,,False,1
4597,628103,78445,timeout,err_gateway_timeout_504,23,True,1
4598,628317,78471,erro_interno,err_internal_500,9,True,1
4599,628462,78494,servico_indisponivel,err_maintenance,,False,1
4600,628490,78497,timeout,err_timeout_408,61,True,1
4601,628504,78500,falha_autenticacao,err_auth_401,18,True,1
4602,628527,78502,erro_interno,err_unexpected,22,True,1
4603,628557,78507,timeout,err_gateway_timeout_504,39,True,1
4604,628633,78516,erro_interno,err_unexpected,70,True,1
4605,628639,78516,erro_interno,err_unexpected,22,True,1
4606,628694,78525,timeout,err_gateway_timeout_504,51,True,1
4607,628713,78527,erro_interno,err_unexpected,,False,1
4608,628735,78530,erro_interno,err_internal_500,,False,1
4609,628839,78546,erro_interno,err_internal_500,37,True,1
4610,628855,78549,falha_autenticacao,err_credentials_invalid,,False,1
4611,629018,78568,timeout,err_timeout_408,20,True,1
4612,629035,78570,timeout,err_timeout_408,29,True,1
4613,629042,78570,timeout,err_gateway_timeout_504,153,True,1
4614,629058,78573,falha_autenticacao,err_credentials_invalid,,False,1
4615,629115,78579,timeout,err_gateway_timeout_504,43,True,1
4616,629161,78584,timeout,err_gateway_timeout_504,74,True,1
4617,629250,78596,timeout,err_timeout_408,,False,1
4618,629363,78614,timeout,err_gateway_timeout_504,16,True,1
4619,629642,78652,timeout,err_gateway_timeout_504,,False,1
4620,629670,78655,timeout,err_timeout_408,,False,1
4621,629786,78669,falha_autenticacao,err_auth_401,,False,1
4622,629995,78699,timeout,err_timeout_408,14,True,1
4623,630221,78732,servico_indisponivel,err_service_503,16,True,1
4624,630234,78733,erro_interno,err_internal_500,,False,1
4625,630421,78760,timeout,err_timeout_408,37,True,1
4626,630434,78762,timeout,err_gateway_timeout_504,,False,1
4627,630477,78769,servico_indisponivel,err_service_503,,False,1
4628,630513,78775,falha_autenticacao,err_credentials_invalid,25,True,1
4629,630534,78777,falha_autenticacao,err_credentials_invalid,,False,1
4630,630592,78786,falha_autenticacao,err_auth_401,23,True,1
4631,630687,78800,timeout,err_gateway_timeout_504,,False,1
4632,630740,78807,erro_interno,err_unexpected,,False,1
4633,630788,78815,servico_indisponivel,err_maintenance,,False,1
4634,630974,78836,timeout,err_gateway_timeout_504,,False,1
4635,631013,78842,falha_autenticacao,err_auth_401,,False,1
4636,631026,78844,falha_autenticacao,err_auth_401,,False,1
4637,631089,78852,erro_interno,err_internal_500,,False,1
4638,631126,78858,falha_autenticacao,err_auth_401,,False,1
4639,631229,78873,timeout,err_timeout_408,,False,1
4640,631305,78882,timeout,err_gateway_timeout_504,,False,1
4641,631392,78893,timeout,err_gateway_timeout_504,,False,1
4642,631684,78938,erro_interno,err_unexpected,21,True,1
4643,631716,78942,erro_interno,err_internal_500,28,True,1
4644,631805,78952,timeout,err_gateway_timeout_504,83,True,1
4645,631915,78967,falha_autenticacao,err_credentials_invalid,15,True,1
4646,632072,78989,timeout,err_timeout_408,20,True,1
4647,632084,78990,timeout,err_gateway_timeout_504,15,True,1
4648,632188,79003,falha_autenticacao,err_credentials_invalid,15,True,1
4649,632218,79008,timeout,err_gateway_timeout_504,,False,1
4650,632221,79009,timeout,err_timeout_408,,False,1
4651,632413,79038,servico_indisponivel,err_maintenance,28,True,1
4652,632552,79056,timeout,err_timeout_408,81,True,1
4653,632565,79058,timeout,err_gateway_timeout_504,,False,1
4654,632578,79060,timeout,err_timeout_408,,False,1
4655,632580,79060,servico_indisponivel,err_service_503,,False,1
4656,632739,79080,timeout,err_timeout_408,,False,1
4657,632773,79086,timeout,err_timeout_408,93,True,1
4658,632828,79094,timeout,err_timeout_408,45,True,1
4659,632829,79094,falha_autenticacao,err_auth_401,,False,2
4660,632927,79108,timeout,err_timeout_408,,False,1
4661,632995,79117,erro_interno,err_internal_500,,False,1
4662,633004,79119,falha_autenticacao,err_credentials_invalid,27,True,1
4663,633054,79126,timeout,err_timeout_408,85,True,1
4664,633094,79133,timeout,err_gateway_timeout_504,19,True,1
4665,633317,79164,erro_interno,err_unexpected,9,True,1
4666,633335,79166,falha_autenticacao,err_credentials_invalid,26,True,1
4667,633595,79203,timeout,err_timeout_408,,False,1
4668,633602,79203,timeout,err_timeout_408,,False,1
4669,633617,79204,timeout,err_gateway_timeout_504,73,True,1
4670,633625,79205,timeout,err_timeout_408,,False,1
4671,633704,79216,timeout,err_timeout_408,45,True,1
4672,633822,79233,falha_autenticacao,err_auth_401,,False,1
4673,633972,79253,timeout,err_gateway_timeout_504,25,True,1
4674,633978,79254,timeout,err_gateway_timeout_504,,False,1
4675,634024,79262,timeout,err_gateway_timeout_504,,False,1
4676,634273,79293,timeout,err_gateway_timeout_504,96,True,1
4677,634313,79298,servico_indisponivel,err_maintenance,66,True,1
4678,634314,79298,timeout,err_gateway_timeout_504,,False,2
4679,634534,79328,timeout,err_gateway_timeout_504,,False,1
4680,634713,79355,falha_autenticacao,err_auth_401,,False,1
4681,634769,79364,timeout,err_timeout_408,20,True,1
4682,634798,79368,falha_autenticacao,err_credentials_invalid,24,True,1
4683,634820,79370,erro_interno,err_unexpected,9,True,1
4684,634911,79383,timeout,err_gateway_timeout_504,17,True,1
4685,634914,79383,timeout,err_timeout_408,,False,1
4686,634948,79387,falha_autenticacao,err_credentials_invalid,40,True,1
4687,634991,79393,timeout,err_gateway_timeout_504,56,True,1
4688,635059,79404,timeout,err_gateway_timeout_504,,False,1
4689,635061,79404,timeout,err_timeout_408,,False,1
4690,635171,79419,falha_autenticacao,err_auth_401,20,True,1
4691,635289,79434,timeout,err_timeout_408,,False,1
4692,635492,79462,falha_autenticacao,err_credentials_invalid,25,True,1
4693,635802,79505,timeout,err_timeout_408,,False,1
4694,635891,79518,timeout,err_gateway_timeout_504,,False,1
4695,636016,79534,timeout,err_timeout_408,24,True,1
4696,636030,79535,timeout,err_gateway_timeout_504,68,True,1
4697,636133,79547,timeout,err_timeout_408,27,True,1
4698,636134,79547,timeout,err_gateway_timeout_504,28,True,2
4699,636225,79558,erro_interno,err_unexpected,24,True,1
4700,636395,79580,timeout,err_gateway_timeout_504,93,True,1
4701,636705,79619,servico_indisponivel,err_maintenance,19,True,1
4702,636931,79652,timeout,err_gateway_timeout_504,,False,1
4703,637094,79675,timeout,err_timeout_408,,False,1
4704,637394,79717,falha_autenticacao,err_auth_401,,False,1
4705,637565,79742,timeout,err_timeout_408,,False,1
4706,637804,79777,falha_autenticacao,err_credentials_invalid,14,True,1
4707,638000,79804,erro_interno,err_internal_500,,False,1
4708,638012,79806,timeout,err_timeout_408,32,True,1
4709,638013,79806,servico_indisponivel,err_maintenance,37,True,2
4710,638211,79831,timeout,err_timeout_408,,False,1
4711,638618,79889,falha_autenticacao,err_auth_401,,False,1
4712,638735,79903,timeout,err_gateway_timeout_504,,False,1
4713,638847,79917,erro_interno,err_unexpected,74,True,1
4714,639132,79955,erro_interno,err_internal_500,,False,1
4715,639175,79962,timeout,err_timeout_408,,False,1
4716,639267,79976,erro_interno,err_unexpected,10,True,1
4717,639372,79992,erro_interno,err_internal_500,11,True,1
4718,639383,79993,erro_interno,err_unexpected,,False,1
4719,639456,80003,timeout,err_gateway_timeout_504,23,True,1
4720,639519,80011,timeout,err_timeout_408,,False,1
4721,639568,80018,erro_interno,err_internal_500,,False,1
4722,639646,80029,servico_indisponivel,err_maintenance,,False,1
4723,639825,80055,timeout,err_timeout_408,99,True,1
4724,639829,80056,timeout,err_timeout_408,19,True,1
4725,639967,80075,timeout,err_timeout_408,,False,1
4726,639983,80077,falha_autenticacao,err_auth_401,32,True,1
4727,640094,80089,erro_interno,err_unexpected,26,True,1
4728,640127,80093,timeout,err_gateway_timeout_504,,False,1
4729,640272,80113,erro_interno,err_unexpected,,False,1
4730,640401,80129,timeout,err_gateway_timeout_504,,False,1
4731,640512,80143,falha_autenticacao,err_auth_401,,False,1
4732,640546,80148,timeout,err_timeout_408,21,True,1
4733,640667,80164,timeout,err_timeout_408,,False,1
4734,640732,80174,timeout,err_gateway_timeout_504,,False,1
4735,640735,80175,erro_interno,err_unexpected,,False,1
4736,641085,80222,timeout,err_timeout_408,,False,1
4737,641259,80246,timeout,err_timeout_408,,False,1
4738,641310,80255,servico_indisponivel,err_service_503,,False,1
4739,641311,80256,timeout,err_gateway_timeout_504,21,True,1
4740,641344,80262,timeout,err_timeout_408,13,True,1
4741,641482,80281,falha_autenticacao,err_auth_401,34,True,1
4742,641666,80306,erro_interno,err_unexpected,88,True,1
4743,641740,80317,timeout,err_gateway_timeout_504,,False,1
4744,641771,80321,erro_interno,err_internal_500,,False,1
4745,641919,80342,timeout,err_timeout_408,57,True,1
4746,641982,80350,servico_indisponivel,err_service_503,,False,1
4747,641983,80350,timeout,err_gateway_timeout_504,,False,2
4748,642042,80358,falha_autenticacao,err_credentials_invalid,13,True,1
4749,642063,80360,erro_interno,err_internal_500,,False,1
4750,642207,80379,falha_autenticacao,err_auth_401,,False,1
4751,642282,80388,timeout,err_gateway_timeout_504,,False,1
4752,642428,80409,timeout,err_gateway_timeout_504,,False,1
4753,642429,80410,falha_autenticacao,err_credentials_invalid,21,True,1
4754,642559,80429,timeout,err_gateway_timeout_504,,False,1
4755,642706,80450,erro_interno,err_internal_500,,False,1
4756,642710,80451,timeout,err_gateway_timeout_504,,False,1
4757,642787,80464,timeout,err_gateway_timeout_504,,False,1
4758,642832,80471,timeout,err_gateway_timeout_504,17,True,1
4759,642909,80481,erro_interno,err_internal_500,,False,1
4760,642923,80482,servico_indisponivel,err_maintenance,100,True,1
4761,643175,80513,erro_interno,err_internal_500,59,True,1
4762,643190,80515,erro_interno,err_internal_500,88,True,1
4763,643276,80528,timeout,err_gateway_timeout_504,61,True,1
4764,643353,80538,timeout,err_timeout_408,,False,1
4765,643423,80550,timeout,err_timeout_408,,False,1
4766,644051,80636,timeout,err_timeout_408,28,True,1
4767,644178,80652,servico_indisponivel,err_maintenance,64,True,1
4768,644298,80667,timeout,err_gateway_timeout_504,26,True,1
4769,644414,80680,timeout,err_timeout_408,,False,1
4770,644438,80684,falha_autenticacao,err_credentials_invalid,36,True,1
4771,644596,80703,timeout,err_gateway_timeout_504,42,True,1
4772,644727,80721,timeout,err_gateway_timeout_504,70,True,1
4773,644754,80724,erro_interno,err_internal_500,12,True,1
4774,644847,80737,erro_interno,err_unexpected,,False,1
4775,644972,80756,timeout,err_gateway_timeout_504,38,True,1
4776,644973,80756,timeout,err_timeout_408,,False,2
4777,644976,80756,servico_indisponivel,err_service_503,,False,1
4778,645002,80759,timeout,err_timeout_408,,False,1
4779,645009,80760,erro_interno,err_internal_500,91,True,1
4780,645155,80781,falha_autenticacao,err_auth_401,27,True,1
4781,645156,80781,timeout,err_timeout_408,,False,2
4782,645204,80785,erro_interno,err_unexpected,,False,1
4783,645268,80793,falha_autenticacao,err_credentials_invalid,37,True,1
4784,645309,80797,timeout,err_gateway_timeout_504,68,True,1
4785,645348,80801,timeout,err_gateway_timeout_504,35,True,1
4786,645433,80811,timeout,err_timeout_408,26,True,1
4787,645606,80833,timeout,err_gateway_timeout_504,,False,1
4788,645677,80844,servico_indisponivel,err_service_503,71,True,1
4789,645805,80859,servico_indisponivel,err_service_503,,False,1
4790,645889,80873,timeout,err_timeout_408,,False,1
4791,645973,80883,erro_interno,err_internal_500,,False,1
4792,646050,80893,timeout,err_timeout_408,41,True,1
4793,646149,80907,timeout,err_gateway_timeout_504,18,True,1
4794,646150,80907,timeout,err_gateway_timeout_504,,False,2
4795,646196,80914,timeout,err_gateway_timeout_504,,False,1
4796,646218,80918,servico_indisponivel,err_maintenance,,False,1
4797,646324,80933,timeout,err_timeout_408,,False,1
4798,646384,80941,falha_autenticacao,err_credentials_invalid,52,True,1
4799,646410,80944,timeout,err_timeout_408,,False,1
4800,646584,80970,erro_interno,err_unexpected,,False,1
4801,646624,80976,timeout,err_timeout_408,47,True,1
4802,646712,80989,conexao_interrompida,err_connection_lost,71,True,1
4803,646741,80993,falha_autenticacao,err_auth_401,17,True,1
4804,646788,81001,falha_autenticacao,err_auth_401,22,True,1
4805,646808,81004,timeout,err_timeout_408,,False,1
4806,646871,81013,timeout,err_gateway_timeout_504,16,True,1
4807,647201,81054,timeout,err_gateway_timeout_504,,False,1
4808,647279,81064,erro_interno,err_internal_500,,False,1
4809,647293,81067,servico_indisponivel,err_maintenance,,False,1
4810,647316,81072,servico_indisponivel,err_service_503,,False,1
4811,647494,81098,timeout,err_timeout_408,26,True,1
4812,647607,81110,erro_interno,err_internal_500,,False,1
4813,647608,81110,erro_interno,err_unexpected,,False,2
4814,647617,81111,timeout,err_timeout_408,55,True,1
4815,647688,81121,timeout,err_gateway_timeout_504,,False,1
4816,647799,81137,timeout,err_gateway_timeout_504,26,True,1
4817,647883,81150,timeout,err_timeout_408,,False,1
4818,648127,81184,servico_indisponivel,err_maintenance,,False,1
4819,648131,81184,erro_interno,err_internal_500,27,True,1
4820,648137,81184,erro_interno,err_unexpected,124,True,1
4821,648212,81194,timeout,err_gateway_timeout_504,,False,1
4822,648217,81194,erro_interno,err_internal_500,,False,1
4823,648416,81219,timeout,err_timeout_408,27,True,1
4824,648460,81224,erro_interno,err_unexpected,55,True,1
4825,648580,81239,servico_indisponivel,err_maintenance,,False,1
4826,649150,81320,erro_interno,err_unexpected,39,True,1
4827,649288,81341,timeout,err_timeout_408,22,True,1
4828,649289,81341,falha_autenticacao,err_credentials_invalid,,False,2
4829,649292,81341,erro_interno,err_internal_500,66,True,1
4830,649393,81355,timeout,err_timeout_408,,False,1
4831,649399,81355,timeout,err_timeout_408,,False,1
4832,649438,81360,conexao_interrompida,err_network_unreachable,,False,1
4833,649503,81367,erro_interno,err_internal_500,16,True,1
4834,649542,81372,timeout,err_timeout_408,,False,1
4835,649681,81390,timeout,err_timeout_408,103,True,1
4836,649983,81433,timeout,err_timeout_408,91,True,1
4837,650028,81441,falha_autenticacao,err_credentials_invalid,28,True,1
4838,650203,81465,timeout,err_gateway_timeout_504,,False,1
4839,650235,81471,timeout,err_gateway_timeout_504,,False,1
4840,650408,81493,timeout,err_gateway_timeout_504,13,True,1
4841,650450,81498,timeout,err_gateway_timeout_504,22,True,1
4842,650454,81498,erro_interno,err_unexpected,8,True,1
4843,650565,81513,timeout,err_timeout_408,15,True,1
4844,650661,81526,servico_indisponivel,err_service_503,22,True,1
4845,650886,81558,timeout,err_gateway_timeout_504,,False,1
4846,650967,81569,timeout,err_gateway_timeout_504,,False,1
4847,651048,81580,timeout,err_gateway_timeout_504,69,True,1
4848,651180,81599,timeout,err_gateway_timeout_504,48,True,1
4849,651209,81603,timeout,err_gateway_timeout_504,50,True,1
4850,651222,81605,timeout,err_gateway_timeout_504,47,True,1
4851,651291,81613,timeout,err_gateway_timeout_504,,False,1
4852,651296,81614,erro_interno,err_internal_500,,False,1
4853,651726,81678,timeout,err_timeout_408,33,True,1
4854,651817,81690,erro_interno,err_unexpected,52,True,1
4855,651962,81712,erro_interno,err_internal_500,51,True,1
4856,651963,81712,timeout,err_timeout_408,66,True,2
4857,652098,81731,erro_interno,err_internal_500,,False,1
4858,652100,81731,timeout,err_gateway_timeout_504,,False,1
4859,652604,81800,conexao_interrompida,err_network_unreachable,,False,1
4860,652982,81852,timeout,err_gateway_timeout_504,68,True,1
4861,653171,81878,falha_autenticacao,err_credentials_invalid,,False,1
4862,653245,81890,timeout,err_timeout_408,25,True,1
4863,653406,81914,erro_interno,err_internal_500,,False,1
4864,653734,81956,falha_autenticacao,err_auth_401,13,True,1
4865,654028,81999,timeout,err_gateway_timeout_504,97,True,1
4866,654149,82013,erro_interno,err_unexpected,,False,1
4867,654412,82049,falha_autenticacao,err_auth_401,28,True,1
4868,654498,82058,timeout,err_gateway_timeout_504,48,True,1
4869,654584,82071,timeout,err_gateway_timeout_504,,False,1
4870,654667,82083,timeout,err_timeout_408,,False,1
4871,654794,82100,servico_indisponivel,err_service_503,,False,1
4872,654795,82100,falha_autenticacao,err_credentials_invalid,,False,2
4873,654803,82100,erro_interno,err_internal_500,20,True,1
4874,654834,82105,timeout,err_gateway_timeout_504,14,True,1
4875,654898,82114,conexao_interrompida,err_connection_lost,61,True,1
4876,655030,82133,timeout,err_gateway_timeout_504,,False,1
4877,655231,82158,timeout,err_gateway_timeout_504,,False,1
4878,655706,82220,timeout,err_gateway_timeout_504,,False,1
4879,655865,82244,erro_interno,err_internal_500,91,True,1
4880,655915,82251,timeout,err_timeout_408,50,True,1
4881,656046,82269,erro_interno,err_unexpected,,False,1
4882,656057,82270,timeout,err_gateway_timeout_504,,False,1
4883,656099,82278,falha_autenticacao,err_credentials_invalid,22,True,1
4884,656290,82306,timeout,err_gateway_timeout_504,,False,1
4885,656383,82319,timeout,err_timeout_408,29,True,1
4886,656448,82327,erro_interno,err_unexpected,55,True,1
4887,656472,82330,erro_interno,err_unexpected,26,True,1
4888,656478,82331,timeout,err_gateway_timeout_504,,False,1
4889,656485,82332,timeout,err_timeout_408,,False,1
4890,656489,82333,falha_autenticacao,err_auth_401,15,True,1
4891,656631,82352,timeout,err_timeout_408,126,True,1
4892,656689,82361,timeout,err_gateway_timeout_504,22,True,1
4893,656744,82369,timeout,err_gateway_timeout_504,,False,1
4894,656857,82384,timeout,err_timeout_408,67,True,1
4895,656877,82387,servico_indisponivel,err_service_503,,False,1
4896,657110,82421,timeout,err_gateway_timeout_504,16,True,1
4897,657125,82423,servico_indisponivel,err_maintenance,40,True,1
4898,657272,82445,erro_interno,err_unexpected,24,True,1
4899,657320,82450,erro_interno,err_internal_500,,False,1
4900,657398,82459,falha_autenticacao,err_auth_401,18,True,1
4901,657650,82498,timeout,err_timeout_408,35,True,1
4902,657769,82512,timeout,err_timeout_408,108,True,1
4903,657783,82513,timeout,err_gateway_timeout_504,,False,1
4904,657814,82517,conexao_interrompida,err_connection_lost,,False,1
4905,658059,82553,falha_autenticacao,err_credentials_invalid,19,True,1
4906,658074,82555,timeout,err_gateway_timeout_504,52,True,1
4907,658084,82556,timeout,err_gateway_timeout_504,52,True,1
4908,658111,82560,timeout,err_timeout_408,22,True,1
4909,658128,82562,timeout,err_timeout_408,92,True,1
4910,658153,82566,timeout,err_gateway_timeout_504,,False,1
4911,658161,82566,erro_interno,err_unexpected,,False,1
4912,658291,82582,erro_interno,err_internal_500,,False,1
4913,658373,82591,timeout,err_timeout_408,26,True,1
4914,658386,82593,falha_autenticacao,err_credentials_invalid,,False,1
4915,658472,82604,erro_interno,err_internal_500,,False,1
4916,658526,82610,falha_autenticacao,err_credentials_invalid,,False,1
4917,658571,82617,servico_indisponivel,err_service_503,64,True,1
4918,658780,82643,timeout,err_timeout_408,18,True,1
4919,658921,82665,falha_autenticacao,err_auth_401,,False,1
4920,658931,82667,erro_interno,err_unexpected,,False,1
4921,659018,82679,timeout,err_timeout_408,,False,1
4922,659190,82700,timeout,err_gateway_timeout_504,,False,1
4923,659193,82700,timeout,err_gateway_timeout_504,,False,1
4924,659286,82713,timeout,err_gateway_timeout_504,,False,1
4925,659376,82727,timeout,err_gateway_timeout_504,46,True,1
4926,659511,82747,timeout,err_gateway_timeout_504,,False,1
4927,659613,82760,falha_autenticacao,err_credentials_invalid,17,True,1
4928,659836,82788,erro_interno,err_unexpected,,False,1
4929,659933,82800,erro_interno,err_internal_500,,False,1
4930,659986,82808,timeout,err_timeout_408,23,True,1
4931,660004,82811,falha_autenticacao,err_auth_401,24,True,1
4932,660030,82814,timeout,err_gateway_timeout_504,,False,1
4933,660071,82821,falha_autenticacao,err_auth_401,13,True,1
4934,660166,82833,erro_interno,err_internal_500,,False,1
4935,660262,82848,timeout,err_timeout_408,66,True,1
4936,660302,82853,timeout,err_timeout_408,,False,1
4937,660327,82858,falha_autenticacao,err_credentials_invalid,,False,1
4938,660496,82880,timeout,err_gateway_timeout_504,92,True,1
4939,660509,82882,falha_autenticacao,err_auth_401,17,True,1
4940,660753,82915,timeout,err_timeout_408,39,True,1
4941,660827,82926,erro_interno,err_unexpected,,False,1
4942,660990,82947,servico_indisponivel,err_maintenance,,False,1
4943,661172,82968,timeout,err_timeout_408,42,True,1
4944,661221,82976,timeout,err_gateway_timeout_504,,False,1
4945,661229,82978,falha_autenticacao,err_credentials_invalid,,False,1
4946,661277,82986,timeout,err_gateway_timeout_504,35,True,1
4947,661285,82987,timeout,err_gateway_timeout_504,19,True,1
4948,661461,83012,erro_interno,err_unexpected,68,True,1
4949,661597,83029,erro_interno,err_internal_500,49,True,1
4950,661614,83031,timeout,err_timeout_408,,False,1
4951,661688,83043,timeout,err_gateway_timeout_504,30,True,1
4952,661773,83055,falha_autenticacao,err_credentials_invalid,,False,1
4953,661937,83077,falha_autenticacao,err_auth_401,,False,1
4954,662060,83092,erro_interno,err_unexpected,17,True,1
4955,662133,83103,timeout,err_timeout_408,18,True,1
4956,662277,83118,timeout,err_gateway_timeout_504,,False,1
4957,662309,83122,erro_interno,err_internal_500,,False,1
4958,662386,83133,timeout,err_timeout_408,29,True,1
4959,662443,83141,falha_autenticacao,err_auth_401,38,True,1
4960,662444,83141,timeout,err_gateway_timeout_504,,False,2
4961,662463,83144,servico_indisponivel,err_maintenance,,False,1
4962,662510,83150,timeout,err_timeout_408,,False,1
4963,662883,83204,timeout,err_gateway_timeout_504,23,True,1
4964,662994,83218,falha_autenticacao,err_credentials_invalid,14,True,1
4965,663035,83224,timeout,err_timeout_408,23,True,1
4966,663101,83233,timeout,err_timeout_408,40,True,1
4967,663308,83259,timeout,err_gateway_timeout_504,,False,1
4968,663488,83283,timeout,err_gateway_timeout_504,29,True,1
4969,663612,83302,timeout,err_timeout_408,43,True,1
4970,663650,83307,falha_autenticacao,err_credentials_invalid,30,True,1
4971,663661,83308,erro_interno,err_unexpected,,False,1
4972,663808,83327,falha_autenticacao,err_auth_401,18,True,1
4973,663876,83336,erro_interno,err_internal_500,,False,1
4974,663965,83349,erro_interno,err_internal_500,11,True,1
4975,664148,83372,timeout,err_gateway_timeout_504,,False,1
4976,664283,83393,falha_autenticacao,err_auth_401,24,True,1
4977,664289,83394,falha_autenticacao,err_credentials_invalid,50,True,1
4978,664489,83423,timeout,err_timeout_408,20,True,1
4979,664576,83433,falha_autenticacao,err_auth_401,16,True,1
4980,664689,83451,timeout,err_gateway_timeout_504,,False,1
4981,664698,83452,erro_interno,err_internal_500,46,True,1
4982,664821,83468,erro_interno,err_internal_500,,False,1
4983,665102,83506,timeout,err_timeout_408,,False,1
4984,665166,83516,timeout,err_gateway_timeout_504,38,True,1
4985,665447,83554,timeout,err_gateway_timeout_504,12,True,1
4986,665515,83563,servico_indisponivel,err_maintenance,21,True,1
4987,665703,83588,timeout,err_gateway_timeout_504,,False,1
4988,665720,83591,falha_autenticacao,err_credentials_invalid,,False,1
4989,665832,83606,timeout,err_gateway_timeout_504,19,True,1
4990,665836,83606,erro_interno,err_internal_500,19,True,1
4991,665856,83608,timeout,err_gateway_timeout_504,,False,1
4992,665905,83615,timeout,err_timeout_408,16,True,1
4993,665944,83621,timeout,err_gateway_timeout_504,,False,1
4994,666036,83632,falha_autenticacao,err_auth_401,20,True,1
4995,666065,83636,timeout,err_timeout_408,,False,1
4996,666083,83639,timeout,err_gateway_timeout_504,,False,1
4997,666103,83642,falha_autenticacao,err_auth_401,27,True,1
4998,666112,83642,erro_interno,err_internal_500,,False,1
4999,666154,83649,falha_autenticacao,err_credentials_invalid,,False,1
5000,666173,83651,erro_interno,err_unexpected,57,True,1
5001,666442,83691,falha_autenticacao,err_credentials_invalid,23,True,1
5002,666568,83708,falha_autenticacao,err_credentials_invalid,,False,1
5003,666606,83714,timeout,err_timeout_408,,False,1
5004,666618,83716,timeout,err_timeout_408,,False,1
5005,666710,83732,falha_autenticacao,err_auth_401,27,True,1
5006,666830,83747,falha_autenticacao,err_auth_401,22,True,1
5007,667048,83776,erro_interno,err_unexpected,58,True,1
5008,667143,83787,erro_interno,err_unexpected,24,True,1
5009,667296,83812,timeout,err_timeout_408,,False,1
5010,667662,83863,timeout,err_gateway_timeout_504,37,True,1
5011,667682,83866,timeout,err_timeout_408,93,True,1
5012,667826,83885,timeout,err_timeout_408,34,True,1
5013,667886,83894,falha_autenticacao,err_credentials_invalid,31,True,1
5014,668049,83919,erro_interno,err_unexpected,14,True,1
5015,668082,83924,timeout,err_timeout_408,42,True,1
5016,668134,83931,erro_interno,err_unexpected,89,True,1
5017,668450,83974,timeout,err_gateway_timeout_504,,False,1
5018,668617,83999,falha_autenticacao,err_credentials_invalid,21,True,1
5019,668618,83999,timeout,err_timeout_408,,False,2
5020,668808,84029,timeout,err_gateway_timeout_504,,False,1
5021,668917,84042,timeout,err_gateway_timeout_504,32,True,1
5022,669041,84059,timeout,err_timeout_408,,False,1
5023,669044,84060,timeout,err_gateway_timeout_504,17,True,1
5024,669091,84066,falha_autenticacao,err_credentials_invalid,,False,1
5025,669106,84068,falha_autenticacao,err_credentials_invalid,29,True,1
5026,669151,84074,servico_indisponivel,err_service_503,,False,1
5027,669200,84081,falha_autenticacao,err_auth_401,,False,1
5028,669475,84116,timeout,err_timeout_408,,False,1
5029,669516,84121,timeout,err_timeout_408,,False,1
5030,669517,84121,timeout,err_timeout_408,,False,2
5031,669716,84147,erro_interno,err_unexpected,,False,1
5032,669773,84156,timeout,err_timeout_408,,False,1
5033,669924,84177,timeout,err_gateway_timeout_504,,False,1
5034,670025,84191,timeout,err_gateway_timeout_504,,False,1
5035,670119,84205,timeout,err_timeout_408,,False,1
5036,670194,84217,falha_autenticacao,err_auth_401,20,True,1
5037,670216,84220,timeout,err_gateway_timeout_504,35,True,1
5038,670435,84252,timeout,err_gateway_timeout_504,,False,1
5039,670538,84267,falha_autenticacao,err_auth_401,,False,1
5040,670641,84280,timeout,err_timeout_408,22,True,1
5041,670724,84290,timeout,err_gateway_timeout_504,,False,1
5042,670725,84290,conexao_interrompida,err_network_unreachable,54,True,2
5043,670924,84316,timeout,err_gateway_timeout_504,,False,1
5044,670999,84328,timeout,err_timeout_408,23,True,1
5045,671006,84328,erro_interno,err_unexpected,,False,1
5046,671089,84341,timeout,err_gateway_timeout_504,29,True,1
5047,671090,84341,servico_indisponivel,err_service_503,,False,2
5048,671235,84364,erro_interno,err_unexpected,,False,1
5049,671239,84364,erro_interno,err_internal_500,,False,1
5050,671428,84390,timeout,err_gateway_timeout_504,34,True,1
5051,671566,84411,timeout,err_gateway_timeout_504,24,True,1
5052,671820,84444,timeout,err_gateway_timeout_504,39,True,1
5053,671876,84453,timeout,err_timeout_408,,False,1
5054,672050,84479,timeout,err_timeout_408,30,True,1
5055,672066,84482,timeout,err_gateway_timeout_504,17,True,1
5056,672289,84514,timeout,err_timeout_408,59,True,1
5057,672394,84528,timeout,err_gateway_timeout_504,61,True,1
5058,672492,84541,erro_interno,err_internal_500,85,True,1
5059,672564,84552,servico_indisponivel,err_maintenance,,False,1
5060,672595,84556,timeout,err_timeout_408,,False,1
5061,672635,84562,timeout,err_timeout_408,,False,1
5062,672928,84602,timeout,err_timeout_408,,False,1
5063,672983,84610,erro_interno,err_unexpected,34,True,1
5064,673006,84614,timeout,err_timeout_408,27,True,1
5065,673007,84614,timeout,err_timeout_408,,False,2
5066,673136,84633,falha_autenticacao,err_auth_401,16,True,1
5067,673213,84645,timeout,err_gateway_timeout_504,,False,1
5068,673332,84660,erro_interno,err_internal_500,,False,1
5069,673335,84661,timeout,err_timeout_408,,False,1
5070,673345,84662,timeout,err_gateway_timeout_504,14,True,1
5071,673503,84683,erro_interno,err_internal_500,104,True,1
5072,673504,84683,timeout,err_timeout_408,,False,2
5073,673561,84692,erro_interno,err_unexpected,,False,1
5074,673562,84693,servico_indisponivel,err_maintenance,,False,1
5075,673576,84695,timeout,err_gateway_timeout_504,43,True,1
5076,673622,84702,timeout,err_timeout_408,39,True,1
5077,673712,84712,erro_interno,err_unexpected,,False,1
5078,673843,84731,timeout,err_gateway_timeout_504,,False,1
5079,673954,84744,timeout,err_timeout_408,76,True,1
5080,673989,84750,timeout,err_gateway_timeout_504,,False,1
5081,674048,84757,erro_interno,err_unexpected,,False,1
5082,674100,84762,erro_interno,err_unexpected,19,True,1
5083,674210,84778,erro_interno,err_unexpected,35,True,1
5084,674486,84817,erro_interno,err_unexpected,,False,1
5085,674693,84844,erro_interno,err_internal_500,11,True,1
5086,674732,84849,timeout,err_gateway_timeout_504,,False,1
5087,674903,84873,timeout,err_timeout_408,,False,1
5088,674909,84875,falha_autenticacao,err_auth_401,15,True,1
5089,674912,84875,erro_interno,err_unexpected,,False,1
5090,674949,84880,timeout,err_timeout_408,49,True,1
5091,674998,84888,timeout,err_gateway_timeout_504,,False,1
5092,675181,84913,falha_autenticacao,err_credentials_invalid,19,True,1
5093,675318,84932,erro_interno,err_unexpected,,False,1
5094,675635,84975,erro_interno,err_internal_500,,False,1
5095,675650,84978,timeout,err_gateway_timeout_504,22,True,1
5096,675670,84981,timeout,err_gateway_timeout_504,,False,1
5097,675725,84988,timeout,err_timeout_408,55,True,1
5098,675858,85004,erro_interno,err_internal_500,65,True,1
5099,675859,85004,erro_interno,err_internal_500,,False,2
5100,676014,85025,servico_indisponivel,err_service_503,,False,1
5101,676069,85033,timeout,err_timeout_408,,False,1
5102,676140,85044,erro_interno,err_unexpected,39,True,1
5103,676260,85059,servico_indisponivel,err_service_503,,False,1
5104,676393,85077,timeout,err_gateway_timeout_504,,False,1
5105,676397,85078,timeout,err_gateway_timeout_504,21,True,1
5106,676442,85084,timeout,err_gateway_timeout_504,,False,1
5107,676488,85090,timeout,err_timeout_408,48,True,1
5108,676862,85141,timeout,err_gateway_timeout_504,18,True,1
5109,676993,85159,timeout,err_timeout_408,18,True,1
5110,677017,85162,timeout,err_timeout_408,31,True,1
5111,677055,85166,erro_interno,err_internal_500,,False,1
5112,677204,85189,timeout,err_timeout_408,29,True,1
5113,677225,85191,timeout,err_gateway_timeout_504,36,True,1
5114,677236,85193,erro_interno,err_unexpected,72,True,1
5115,677433,85221,falha_autenticacao,err_auth_401,9,True,1
5116,677464,85225,falha_autenticacao,err_credentials_invalid,13,True,1
5117,677538,85234,timeout,err_gateway_timeout_504,,False,1
5118,677596,85242,timeout,err_gateway_timeout_504,,False,1
5119,677616,85246,erro_interno,err_internal_500,64,True,1
5120,677751,85265,erro_interno,err_unexpected,,False,1
5121,677784,85269,timeout,err_timeout_408,20,True,1
5122,677828,85274,timeout,err_timeout_408,29,True,1
5123,678220,85329,falha_autenticacao,err_credentials_invalid,,False,1
5124,678242,85333,servico_indisponivel,err_service_503,,False,1
5125,678380,85355,timeout,err_gateway_timeout_504,88,True,1
5126,678691,85397,timeout,err_gateway_timeout_504,56,True,1
5127,678775,85409,erro_interno,err_unexpected,,False,1
5128,679136,85460,timeout,err_gateway_timeout_504,,False,1
5129,679153,85462,falha_autenticacao,err_credentials_invalid,16,True,1
5130,679195,85467,timeout,err_gateway_timeout_504,,False,1
5131,679240,85474,timeout,err_gateway_timeout_504,,False,1
5132,679621,85526,erro_interno,err_unexpected,,False,1
5133,679637,85528,timeout,err_gateway_timeout_504,,False,1
5134,679696,85534,erro_interno,err_unexpected,,False,1
5135,679704,85535,timeout,err_gateway_timeout_504,75,True,1
5136,679709,85535,timeout,err_timeout_408,,False,1
5137,679748,85541,falha_autenticacao,err_auth_401,,False,1
5138,679782,85547,falha_autenticacao,err_auth_401,36,True,1
5139,680139,85595,falha_autenticacao,err_credentials_invalid,,False,1
5140,680195,85602,timeout,err_gateway_timeout_504,,False,1
5141,680300,85614,erro_interno,err_internal_500,,False,1
5142,680359,85623,timeout,err_gateway_timeout_504,,False,1
5143,680360,85623,falha_autenticacao,err_credentials_invalid,39,True,2
5144,680607,85655,timeout,err_gateway_timeout_504,,False,1
5145,680746,85675,timeout,err_timeout_408,,False,1
5146,680934,85700,timeout,err_gateway_timeout_504,34,True,1
5147,680986,85707,servico_indisponivel,err_service_503,,False,1
5148,680989,85707,erro_interno,err_unexpected,,False,1
5149,681087,85720,erro_interno,err_unexpected,,False,1
5150,681256,85744,timeout,err_timeout_408,,False,1
5151,681502,85777,erro_interno,err_internal_500,47,True,1
5152,681618,85792,falha_autenticacao,err_auth_401,26,True,1
5153,681803,85818,erro_interno,err_internal_500,,False,1
5154,681954,85840,erro_interno,err_unexpected,,False,1
5155,682267,85885,servico_indisponivel,err_maintenance,,False,1
5156,682382,85902,falha_autenticacao,err_auth_401,,False,1
5157,682512,85924,timeout,err_timeout_408,23,True,1
5158,682610,85937,servico_indisponivel,err_maintenance,28,True,1
5159,682611,85937,falha_autenticacao,err_auth_401,,False,2
5160,682884,85976,timeout,err_gateway_timeout_504,,False,1
5161,683084,86005,erro_interno,err_internal_500,,False,1
5162,683248,86027,timeout,err_timeout_408,39,True,1
5163,683250,86027,erro_interno,err_unexpected,,False,1
5164,683542,86064,servico_indisponivel,err_maintenance,,False,1
5165,683551,86066,timeout,err_timeout_408,,False,1
5166,683634,86078,erro_interno,err_unexpected,,False,1
5167,683676,86085,timeout,err_gateway_timeout_504,,False,1
5168,684057,86133,timeout,err_gateway_timeout_504,,False,1
5169,684137,86144,erro_interno,err_internal_500,,False,1
5170,684188,86151,timeout,err_gateway_timeout_504,71,True,1
5171,684198,86152,erro_interno,err_unexpected,,False,1
5172,684336,86172,servico_indisponivel,err_maintenance,,False,1
5173,684514,86197,erro_interno,err_unexpected,55,True,1
5174,684588,86208,timeout,err_timeout_408,,False,1
5175,684629,86213,timeout,err_gateway_timeout_504,66,True,1
5176,684678,86219,timeout,err_gateway_timeout_504,30,True,1
5177,684708,86222,falha_autenticacao,err_credentials_invalid,,False,1
5178,685147,86287,timeout,err_gateway_timeout_504,,False,1
5179,685184,86293,timeout,err_timeout_408,,False,1
5180,685241,86301,falha_autenticacao,err_auth_401,18,True,1
5181,685442,86325,timeout,err_gateway_timeout_504,25,True,1
5182,685453,86326,erro_interno,err_unexpected,,False,1
5183,685483,86332,falha_autenticacao,err_auth_401,,False,1
5184,685508,86337,timeout,err_timeout_408,,False,1
5185,685575,86348,timeout,err_gateway_timeout_504,17,True,1
5186,685736,86372,falha_autenticacao,err_auth_401,,False,1
5187,685737,86373,timeout,err_timeout_408,,False,1
5188,685780,86377,erro_interno,err_unexpected,35,True,1
5189,685898,86394,timeout,err_timeout_408,29,True,1
5190,685980,86405,erro_interno,err_unexpected,48,True,1
5191,686000,86408,timeout,err_gateway_timeout_504,67,True,1
5192,686130,86427,servico_indisponivel,err_maintenance,,False,1
5193,686152,86431,timeout,err_gateway_timeout_504,26,True,1
5194,686212,86442,timeout,err_gateway_timeout_504,12,True,1
5195,686215,86442,timeout,err_timeout_408,,False,1
5196,686340,86460,falha_autenticacao,err_credentials_invalid,,False,1
5197,686386,86468,servico_indisponivel,err_service_503,61,True,1
5198,686409,86472,servico_indisponivel,err_maintenance,,False,1
5199,686554,86491,falha_autenticacao,err_auth_401,,False,1
5200,686879,86535,falha_autenticacao,err_auth_401,,False,1
5201,686928,86542,timeout,err_gateway_timeout_504,39,True,1
5202,687002,86553,falha_autenticacao,err_credentials_invalid,21,True,1
5203,687106,86566,falha_autenticacao,err_credentials_invalid,19,True,1
5204,687291,86590,timeout,err_gateway_timeout_504,30,True,1
5205,687437,86609,timeout,err_gateway_timeout_504,69,True,1
5206,687485,86616,servico_indisponivel,err_service_503,38,True,1
5207,687628,86636,timeout,err_timeout_408,36,True,1
5208,687857,86668,servico_indisponivel,err_maintenance,,False,1
5209,688037,86692,servico_indisponivel,err_maintenance,,False,1
5210,688040,86692,timeout,err_timeout_408,54,True,1
5211,688044,86693,timeout,err_gateway_timeout_504,,False,1
5212,688410,86745,timeout,err_timeout_408,33,True,1
5213,688417,86745,erro_interno,err_internal_500,107,True,1
5214,688483,86752,timeout,err_timeout_408,22,True,1
5215,688504,86756,timeout,err_timeout_408,39,True,1
5216,688599,86768,timeout,err_gateway_timeout_504,,False,1
5217,688673,86777,falha_autenticacao,err_credentials_invalid,12,True,1
5218,688730,86786,erro_interno,err_unexpected,18,True,1
5219,688946,86816,conexao_interrompida,err_connection_lost,,False,1
5220,688954,86817,timeout,err_gateway_timeout_504,,False,1
5221,689040,86828,erro_interno,err_unexpected,,False,1
5222,689186,86847,timeout,err_timeout_408,44,True,1
5223,689662,86914,timeout,err_timeout_408,,False,1
5224,689857,86939,timeout,err_timeout_408,,False,1
5225,689951,86954,timeout,err_timeout_408,,False,1
5226,690166,86982,falha_autenticacao,err_auth_401,17,True,1
5227,690258,86997,timeout,err_timeout_408,,False,1
5228,690267,86998,timeout,err_timeout_408,,False,1
5229,690359,87009,falha_autenticacao,err_credentials_invalid,30,True,1
5230,690771,87064,erro_interno,err_unexpected,37,True,1
5231,690838,87074,timeout,err_timeout_408,,False,1
5232,690915,87084,timeout,err_gateway_timeout_504,,False,1
5233,690976,87095,timeout,err_timeout_408,,False,1
5234,691064,87107,timeout,err_timeout_408,33,True,1
5235,691261,87137,timeout,err_timeout_408,,False,1
5236,691545,87173,timeout,err_timeout_408,,False,1
5237,691558,87175,erro_interno,err_unexpected,,False,1
5238,691753,87204,timeout,err_gateway_timeout_504,26,True,1
5239,691754,87204,falha_autenticacao,err_auth_401,38,True,2
5240,692089,87250,timeout,err_timeout_408,,False,1
5241,692207,87265,timeout,err_gateway_timeout_504,45,True,1
5242,692224,87267,servico_indisponivel,err_maintenance,,False,1
5243,692327,87281,timeout,err_timeout_408,20,True,1
5244,692349,87284,falha_autenticacao,err_credentials_invalid,35,True,1
5245,692354,87284,erro_interno,err_internal_500,,False,1
5246,692388,87290,timeout,err_gateway_timeout_504,27,True,1
5247,692394,87291,timeout,err_gateway_timeout_504,,False,1
5248,692411,87294,erro_interno,err_internal_500,76,True,1
5249,692731,87335,timeout,err_gateway_timeout_504,36,True,1
5250,692775,87340,timeout,err_gateway_timeout_504,28,True,1
5251,692797,87343,falha_autenticacao,err_credentials_invalid,,False,1
5252,692903,87358,timeout,err_timeout_408,16,True,1
5253,693161,87395,timeout,err_timeout_408,24,True,1
5254,693228,87405,falha_autenticacao,err_credentials_invalid,16,True,1
5255,693441,87433,erro_interno,err_internal_500,,False,1
5256,693590,87455,timeout,err_gateway_timeout_504,34,True,1
5257,693650,87461,erro_interno,err_unexpected,,False,1
5258,693722,87470,erro_interno,err_unexpected,,False,1
5259,694026,87515,timeout,err_timeout_408,,False,1
5260,694195,87536,erro_interno,err_unexpected,,False,1
5261,694350,87555,timeout,err_timeout_408,,False,1
5262,694351,87555,erro_interno,err_internal_500,,False,2
5263,694525,87578,timeout,err_gateway_timeout_504,,False,1
5264,694613,87591,timeout,err_timeout_408,24,True,1
5265,694614,87591,timeout,err_gateway_timeout_504,29,True,2
5266,694627,87593,timeout,err_gateway_timeout_504,74,True,1
5267,694687,87602,falha_autenticacao,err_auth_401,32,True,1
5268,694783,87615,timeout,err_timeout_408,47,True,1
5269,694819,87620,timeout,err_gateway_timeout_504,35,True,1
5270,694847,87623,timeout,err_timeout_408,23,True,1
5271,694978,87639,timeout,err_timeout_408,,False,1
5272,695168,87666,servico_indisponivel,err_maintenance,,False,1
5273,695272,87680,timeout,err_timeout_408,62,True,1
5274,695318,87687,falha_autenticacao,err_credentials_invalid,,False,1
5275,695434,87705,servico_indisponivel,err_service_503,,False,1
5276,695458,87709,timeout,err_timeout_408,,False,1
5277,695477,87712,erro_interno,err_unexpected,,False,1
5278,695506,87717,falha_autenticacao,err_auth_401,29,True,1
5279,695507,87717,timeout,err_timeout_408,34,True,2
5280,695639,87736,falha_autenticacao,err_credentials_invalid,,False,1
5281,695792,87759,timeout,err_timeout_408,,False,1
5282,695829,87763,erro_interno,err_unexpected,,False,1
5283,695898,87774,timeout,err_gateway_timeout_504,,False,1
5284,695926,87777,timeout,err_timeout_408,,False,1
5285,696075,87799,timeout,err_timeout_408,,False,1
5286,696353,87839,servico_indisponivel,err_service_503,,False,1
5287,696382,87843,timeout,err_timeout_408,,False,1
5288,696383,87844,timeout,err_timeout_408,,False,1
5289,696603,87874,timeout,err_timeout_408,,False,1
5290,696882,87915,timeout,err_gateway_timeout_504,42,True,1
5291,697023,87935,timeout,err_gateway_timeout_504,67,True,1
5292,697066,87941,conexao_interrompida,err_network_unreachable,,False,1
5293,697087,87945,timeout,err_timeout_408,,False,1
5294,697088,87946,servico_indisponivel,err_service_503,,False,1
5295,697141,87953,erro_interno,err_unexpected,,False,1
5296,697470,87998,falha_autenticacao,err_auth_401,,False,1
5297,697480,87999,conexao_interrompida,err_network_unreachable,135,True,1
5298,697695,88029,timeout,err_gateway_timeout_504,35,True,1
5299,697791,88042,falha_autenticacao,err_auth_401,41,True,1
5300,697827,88047,falha_autenticacao,err_credentials_invalid,,False,1
5301,697850,88050,timeout,err_gateway_timeout_504,,False,1
5302,697879,88055,timeout,err_timeout_408,40,True,1
5303,697885,88056,timeout,err_gateway_timeout_504,,False,1
5304,697924,88062,timeout,err_timeout_408,21,True,1
5305,698023,88074,timeout,err_timeout_408,45,True,1
5306,698256,88106,servico_indisponivel,err_service_503,32,True,1
5307,698257,88106,timeout,err_timeout_408,21,True,2
5308,698307,88113,timeout,err_gateway_timeout_504,47,True,1
5309,698344,88119,servico_indisponivel,err_service_503,,False,1
5310,698421,88129,timeout,err_timeout_408,,False,1
5311,698583,88152,timeout,err_gateway_timeout_504,24,True,1
5312,698601,88155,timeout,err_gateway_timeout_504,38,True,1
5313,698621,88158,falha_autenticacao,err_credentials_invalid,,False,1
5314,698686,88167,falha_autenticacao,err_auth_401,17,True,1
5315,698687,88167,timeout,err_gateway_timeout_504,17,True,2
5316,698713,88172,falha_autenticacao,err_auth_401,,False,1
5317,698758,88179,falha_autenticacao,err_credentials_invalid,,False,1
5318,698805,88186,timeout,err_timeout_408,23,True,1
5319,698875,88197,timeout,err_gateway_timeout_504,,False,1
5320,698896,88199,erro_interno,err_internal_500,,False,1
5321,698984,88211,timeout,err_gateway_timeout_504,50,True,1
5322,699056,88222,falha_autenticacao,err_credentials_invalid,,False,1
5323,699111,88231,timeout,err_timeout_408,36,True,1
5324,699175,88240,timeout,err_gateway_timeout_504,63,True,1
5325,699181,88241,timeout,err_timeout_408,23,True,1
5326,699182,88241,falha_autenticacao,err_auth_401,,False,2
5327,699242,88250,timeout,err_timeout_408,61,True,1
5328,699253,88252,falha_autenticacao,err_auth_401,19,True,1
5329,699324,88262,erro_interno,err_internal_500,120,True,1
5330,699365,88268,timeout,err_gateway_timeout_504,28,True,1
5331,699389,88271,timeout,err_gateway_timeout_504,35,True,1
5332,699408,88273,timeout,err_gateway_timeout_504,11,True,1
5333,699437,88277,timeout,err_gateway_timeout_504,,False,1
5334,699561,88295,falha_autenticacao,err_auth_401,,False,1
5335,699629,88305,falha_autenticacao,err_credentials_invalid,,False,1
5336,699679,88313,timeout,err_timeout_408,,False,1
5337,699735,88321,falha_autenticacao,err_auth_401,24,True,1
5338,699760,88323,erro_interno,err_unexpected,,False,1
5339,699775,88325,erro_interno,err_unexpected,13,True,1
5340,699861,88339,timeout,err_timeout_408,,False,1
5341,700459,88417,timeout,err_timeout_408,51,True,1
5342,700478,88419,timeout,err_gateway_timeout_504,47,True,1
5343,700557,88431,timeout,err_gateway_timeout_504,,False,1
5344,700720,88455,erro_interno,err_internal_500,31,True,1
5345,700733,88456,erro_interno,err_unexpected,10,True,1
5346,700796,88463,timeout,err_gateway_timeout_504,,False,1
5347,700937,88482,erro_interno,err_internal_500,,False,1
5348,701550,88568,falha_autenticacao,err_auth_401,,False,1
5349,701572,88572,timeout,err_gateway_timeout_504,,False,1
5350,701723,88593,timeout,err_gateway_timeout_504,,False,1
5351,701724,88593,timeout,err_gateway_timeout_504,28,True,2
5352,701743,88595,timeout,err_timeout_408,34,True,1
5353,701759,88598,timeout,err_gateway_timeout_504,,False,1
5354,701836,88606,timeout,err_timeout_408,11,True,1
5355,701864,88609,erro_interno,err_unexpected,,False,1
5356,701882,88612,falha_autenticacao,err_credentials_invalid,,False,1
5357,701890,88614,servico_indisponivel,err_maintenance,,False,1
5358,701931,88619,timeout,err_timeout_408,,False,1
5359,702241,88663,timeout,err_timeout_408,42,True,1
5360,702245,88664,timeout,err_timeout_408,,False,1
5361,702284,88668,timeout,err_gateway_timeout_504,,False,1
5362,702350,88677,erro_interno,err_unexpected,,False,1
5363,702382,88681,timeout,err_timeout_408,,False,1
5364,702491,88696,falha_autenticacao,err_auth_401,,False,1
5365,702586,88708,erro_interno,err_unexpected,,False,1
5366,702866,88746,timeout,err_gateway_timeout_504,111,True,1
5367,702909,88752,timeout,err_timeout_408,,False,1
5368,702948,88759,falha_autenticacao,err_auth_401,,False,1
5369,703048,88772,servico_indisponivel,err_service_503,,False,1
5370,703137,88783,erro_interno,err_internal_500,27,True,1
5371,703142,88784,timeout,err_timeout_408,,False,1
5372,703274,88800,servico_indisponivel,err_service_503,,False,1
5373,703344,88811,timeout,err_gateway_timeout_504,,False,1
5374,703470,88829,falha_autenticacao,err_credentials_invalid,26,True,1
5375,703689,88859,servico_indisponivel,err_maintenance,22,True,1
5376,703896,88888,erro_interno,err_unexpected,19,True,1
5377,703933,88893,timeout,err_timeout_408,98,True,1
5378,704028,88907,servico_indisponivel,err_maintenance,,False,1
5379,704099,88918,timeout,err_timeout_408,,False,1
5380,704188,88931,falha_autenticacao,err_auth_401,16,True,1
5381,704225,88935,erro_interno,err_unexpected,,False,1
5382,704308,88947,timeout,err_gateway_timeout_504,15,True,1
5383,704398,88958,falha_autenticacao,err_credentials_invalid,,False,1
5384,704613,88987,timeout,err_gateway_timeout_504,,False,1
5385,704623,88989,erro_interno,err_unexpected,,False,1
5386,704687,88998,erro_interno,err_unexpected,23,True,1
5387,704864,89023,timeout,err_gateway_timeout_504,14,True,1
5388,704912,89030,timeout,err_gateway_timeout_504,,False,1
5389,704928,89034,timeout,err_timeout_408,,False,1
5390,704943,89037,servico_indisponivel,err_service_503,,False,1
5391,705000,89044,timeout,err_gateway_timeout_504,59,True,1
5392,705246,89081,timeout,err_timeout_408,,False,1
5393,705381,89099,erro_interno,err_unexpected,,False,1
5394,705553,89124,falha_autenticacao,err_credentials_invalid,32,True,1
5395,705624,89134,falha_autenticacao,err_credentials_invalid,22,True,1
5396,705634,89135,timeout,err_timeout_408,20,True,1
5397,705768,89154,timeout,err_gateway_timeout_504,,False,1
5398,706137,89208,timeout,err_gateway_timeout_504,,False,1
5399,706154,89210,falha_autenticacao,err_credentials_invalid,21,True,1
5400,706226,89219,timeout,err_timeout_408,,False,1
5401,706261,89223,erro_interno,err_unexpected,,False,1
5402,706294,89228,timeout,err_gateway_timeout_504,,False,1
5403,706323,89232,timeout,err_gateway_timeout_504,,False,1
5404,706503,89258,falha_autenticacao,err_auth_401,26,True,1
5405,706515,89259,timeout,err_gateway_timeout_504,,False,1
5406,706844,89300,timeout,err_timeout_408,49,True,1
5407,706888,89307,servico_indisponivel,err_service_503,52,True,1
5408,707011,89323,timeout,err_gateway_timeout_504,26,True,1
5409,707029,89326,falha_autenticacao,err_credentials_invalid,,False,1
5410,707273,89358,erro_interno,err_internal_500,78,True,1
5411,707429,89379,timeout,err_timeout_408,19,True,1
5412,707475,89385,erro_interno,err_unexpected,18,True,1
5413,707504,89388,timeout,err_timeout_408,,False,1
5414,707505,89388,erro_interno,err_internal_500,52,True,2
5415,707597,89401,timeout,err_gateway_timeout_504,,False,1
5416,707626,89406,timeout,err_gateway_timeout_504,76,True,1
5417,707649,89410,timeout,err_gateway_timeout_504,36,True,1
5418,707650,89410,timeout,err_timeout_408,,False,2
5419,707664,89411,timeout,err_gateway_timeout_504,,False,1
5420,707694,89415,erro_interno,err_internal_500,,False,1
5421,707740,89421,timeout,err_gateway_timeout_504,,False,1
5422,707948,89452,timeout,err_timeout_408,,False,1
5423,707990,89456,timeout,err_gateway_timeout_504,,False,1
5424,708176,89480,timeout,err_timeout_408,29,True,1
5425,708228,89487,timeout,err_gateway_timeout_504,,False,1
5426,708424,89512,erro_interno,err_internal_500,57,True,1
5427,708581,89533,erro_interno,err_internal_500,13,True,1
5428,708604,89536,timeout,err_timeout_408,66,True,1
5429,708785,89562,falha_autenticacao,err_auth_401,15,True,1
5430,708877,89575,timeout,err_gateway_timeout_504,,False,1
5431,708905,89581,servico_indisponivel,err_maintenance,,False,1
5432,708955,89586,falha_autenticacao,err_auth_401,23,True,1
5433,708970,89588,timeout,err_gateway_timeout_504,,False,1
5434,709146,89612,falha_autenticacao,err_credentials_invalid,,False,1
5435,709178,89617,timeout,err_gateway_timeout_504,,False,1
5436,709284,89632,timeout,err_timeout_408,,False,1
5437,709403,89648,erro_interno,err_unexpected,,False,1
5438,709420,89650,timeout,err_timeout_408,119,True,1
5439,709503,89659,erro_interno,err_internal_500,17,True,1
5440,709518,89662,timeout,err_gateway_timeout_504,35,True,1
5441,709519,89662,timeout,err_timeout_408,,False,2
5442,709536,89664,timeout,err_gateway_timeout_504,15,True,1
5443,709541,89664,timeout,err_gateway_timeout_504,46,True,1
5444,709547,89665,timeout,err_gateway_timeout_504,36,True,1
5445,709562,89667,timeout,err_timeout_408,,False,1
5446,709845,89704,timeout,err_gateway_timeout_504,16,True,1
5447,709904,89712,timeout,err_timeout_408,18,True,1
5448,710132,89741,timeout,err_gateway_timeout_504,,False,1
5449,710159,89745,timeout,err_timeout_408,29,True,1
5450,710251,89756,falha_autenticacao,err_auth_401,15,True,1
5451,710302,89762,erro_interno,err_internal_500,,False,1
5452,710306,89763,timeout,err_timeout_408,,False,1
5453,710622,89809,timeout,err_gateway_timeout_504,,False,1
5454,710721,89823,erro_interno,err_unexpected,,False,1
5455,710747,89826,timeout,err_timeout_408,82,True,1
5456,710793,89833,timeout,err_timeout_408,,False,1
5457,710843,89841,timeout,err_timeout_408,,False,1
5458,710923,89853,timeout,err_gateway_timeout_504,40,True,1
5459,711072,89875,timeout,err_timeout_408,44,True,1
5460,711075,89875,timeout,err_timeout_408,128,True,1
5461,711117,89880,falha_autenticacao,err_auth_401,21,True,1
5462,711134,89882,timeout,err_timeout_408,46,True,1
5463,711368,89913,erro_interno,err_unexpected,,False,1
5464,711376,89913,timeout,err_timeout_408,42,True,1
5465,711497,89931,timeout,err_gateway_timeout_504,20,True,1
5466,711615,89950,timeout,err_gateway_timeout_504,,False,1
5467,711788,89977,timeout,err_gateway_timeout_504,122,True,1
5468,711812,89980,erro_interno,err_internal_500,,False,1
5469,711869,89990,timeout,err_gateway_timeout_504,,False,1
5470,711929,89997,timeout,err_gateway_timeout_504,57,True,1
5471,711935,89998,erro_interno,err_unexpected,,False,1
5472,712031,90010,timeout,err_timeout_408,,False,1
5473,712116,90022,timeout,err_gateway_timeout_504,22,True,1
5474,712149,90026,timeout,err_timeout_408,,False,1
5475,712425,90065,timeout,err_gateway_timeout_504,,False,1
5476,712595,90087,timeout,err_gateway_timeout_504,,False,1
5477,712729,90108,falha_autenticacao,err_credentials_invalid,35,True,1
5478,712820,90122,timeout,err_gateway_timeout_504,,False,1
5479,712918,90137,falha_autenticacao,err_credentials_invalid,,False,1
5480,712943,90141,erro_interno,err_unexpected,,False,1
5481,713012,90150,timeout,err_gateway_timeout_504,20,True,1
5482,713022,90151,conexao_interrompida,err_connection_lost,,False,1
5483,713352,90199,timeout,err_gateway_timeout_504,,False,1
5484,713589,90234,timeout,err_gateway_timeout_504,,False,1
5485,713612,90237,erro_interno,err_unexpected,19,True,1
5486,713680,90248,falha_autenticacao,err_auth_401,,False,1
5487,713742,90258,timeout,err_gateway_timeout_504,,False,1
5488,713756,90260,timeout,err_timeout_408,,False,1
5489,713794,90266,timeout,err_gateway_timeout_504,41,True,1
5490,713851,90272,servico_indisponivel,err_service_503,,False,1
5491,713924,90282,timeout,err_gateway_timeout_504,,False,1
5492,713925,90283,falha_autenticacao,err_credentials_invalid,23,True,1
5493,713983,90289,erro_interno,err_unexpected,,False,1
5494,714029,90295,erro_interno,err_internal_500,12,True,1
5495,714062,90298,timeout,err_timeout_408,39,True,1
5496,714115,90306,timeout,err_gateway_timeout_504,17,True,1
5497,714171,90313,erro_interno,err_unexpected,,False,1
5498,714257,90323,timeout,err_timeout_408,,False,1
5499,714267,90324,timeout,err_timeout_408,,False,1
5500,714300,90328,timeout,err_gateway_timeout_504,,False,1
5501,714352,90335,falha_autenticacao,err_credentials_invalid,18,True,1
5502,714436,90346,falha_autenticacao,err_auth_401,,False,1
5503,714477,90352,servico_indisponivel,err_maintenance,16,True,1
5504,714520,90358,timeout,err_gateway_timeout_504,29,True,1
5505,714524,90358,erro_interno,err_internal_500,,False,1
5506,714674,90380,falha_autenticacao,err_credentials_invalid,,False,1
5507,714704,90383,erro_interno,err_unexpected,,False,1
5508,714899,90412,timeout,err_gateway_timeout_504,19,True,1
5509,714926,90414,timeout,err_timeout_408,43,True,1
5510,715073,90436,timeout,err_timeout_408,,False,1
5511,715139,90448,timeout,err_gateway_timeout_504,27,True,1
5512,715198,90456,timeout,err_timeout_408,,False,1
5513,715236,90462,timeout,err_timeout_408,,False,1
5514,715694,90522,timeout,err_timeout_408,41,True,1
5515,715759,90532,falha_autenticacao,err_credentials_invalid,,False,1
5516,715808,90539,timeout,err_timeout_408,22,True,1
5517,715830,90542,erro_interno,err_unexpected,150,True,1
5518,715994,90567,erro_interno,err_unexpected,,False,1
5519,716037,90571,timeout,err_timeout_408,,False,1
5520,716090,90580,erro_interno,err_unexpected,,False,1
5521,716448,90629,timeout,err_timeout_408,,False,1
5522,716563,90646,timeout,err_timeout_408,,False,1
5523,716577,90648,falha_autenticacao,err_credentials_invalid,,False,1
5524,716612,90653,erro_interno,err_internal_500,,False,1
5525,716715,90667,falha_autenticacao,err_credentials_invalid,23,True,1
5526,716746,90670,erro_interno,err_internal_500,,False,1
5527,716762,90672,timeout,err_gateway_timeout_504,40,True,1
5528,716779,90674,timeout,err_timeout_408,61,True,1
5529,716823,90681,falha_autenticacao,err_credentials_invalid,17,True,1
5530,716824,90681,timeout,err_gateway_timeout_504,,False,2
5531,717132,90720,falha_autenticacao,err_credentials_invalid,13,True,1
5532,717166,90724,erro_interno,err_internal_500,,False,1
5533,717267,90738,erro_interno,err_internal_500,,False,1
5534,717391,90754,timeout,err_timeout_408,39,True,1
5535,717507,90771,erro_interno,err_unexpected,48,True,1
5536,717522,90773,timeout,err_timeout_408,,False,1
5537,717618,90787,timeout,err_gateway_timeout_504,28,True,1
5538,717641,90791,timeout,err_timeout_408,,False,1
5539,717729,90800,timeout,err_timeout_408,20,True,1
5540,718040,90844,timeout,err_gateway_timeout_504,32,True,1
5541,718041,90844,falha_autenticacao,err_credentials_invalid,,False,2
5542,718148,90857,timeout,err_timeout_408,,False,1
5543,718202,90863,timeout,err_timeout_408,,False,1
5544,718209,90864,servico_indisponivel,err_maintenance,,False,1
5545,718302,90875,timeout,err_timeout_408,,False,1
5546,718376,90885,timeout,err_timeout_408,27,True,1
5547,718388,90886,timeout,err_gateway_timeout_504,19,True,1
5548,718576,90913,timeout,err_timeout_408,,False,1
5549,718611,90920,servico_indisponivel,err_maintenance,,False,1
5550,718622,90922,timeout,err_gateway_timeout_504,18,True,1
5551,718628,90923,timeout,err_timeout_408,,False,1
5552,718780,90942,falha_autenticacao,err_credentials_invalid,,False,1
5553,719091,90985,timeout,err_gateway_timeout_504,30,True,1
5554,719149,90992,falha_autenticacao,err_credentials_invalid,25,True,1
5555,719203,90997,timeout,err_gateway_timeout_504,,False,1
5556,719350,91017,timeout,err_timeout_408,100,True,1
5557,719742,91070,timeout,err_timeout_408,50,True,1
5558,719759,91072,timeout,err_gateway_timeout_504,80,True,1
5559,720028,91106,timeout,err_gateway_timeout_504,,False,1
5560,720079,91113,timeout,err_gateway_timeout_504,,False,1
5561,720109,91117,timeout,err_timeout_408,34,True,1
5562,720119,91118,falha_autenticacao,err_auth_401,15,True,1
5563,720197,91129,timeout,err_timeout_408,25,True,1
5564,720200,91129,timeout,err_timeout_408,,False,1
5565,720427,91159,erro_interno,err_internal_500,,False,1
5566,720531,91172,falha_autenticacao,err_credentials_invalid,11,True,1
5567,720608,91180,timeout,err_timeout_408,20,True,1
5568,720846,91211,timeout,err_timeout_408,,False,1
5569,720969,91227,timeout,err_timeout_408,29,True,1
5570,721063,91240,falha_autenticacao,err_auth_401,37,True,1
5571,721066,91240,timeout,err_timeout_408,,False,1
5572,721166,91252,timeout,err_gateway_timeout_504,66,True,1
5573,721862,91347,falha_autenticacao,err_auth_401,16,True,1
5574,721979,91361,timeout,err_timeout_408,14,True,1
5575,722030,91369,servico_indisponivel,err_service_503,,False,1
5576,722093,91376,erro_interno,err_internal_500,12,True,1
5577,722147,91384,timeout,err_timeout_408,26,True,1
5578,722331,91409,erro_interno,err_unexpected,,False,1
5579,722352,91412,timeout,err_gateway_timeout_504,82,True,1
5580,722358,91413,falha_autenticacao,err_auth_401,27,True,1
5581,722396,91418,erro_interno,err_internal_500,,False,1
5582,722559,91440,falha_autenticacao,err_auth_401,12,True,1
5583,722667,91454,erro_interno,err_internal_500,,False,1
5584,722802,91473,timeout,err_gateway_timeout_504,,False,1
5585,722817,91476,timeout,err_timeout_408,,False,1
5586,722969,91498,timeout,err_timeout_408,,False,1
5587,722989,91501,falha_autenticacao,err_auth_401,,False,1
5588,723260,91536,timeout,err_timeout_408,41,True,1
5589,723274,91537,timeout,err_gateway_timeout_504,33,True,1
5590,723282,91538,servico_indisponivel,err_maintenance,,False,1
5591,723383,91551,timeout,err_gateway_timeout_504,,False,1
5592,723511,91571,falha_autenticacao,err_credentials_invalid,26,True,1
5593,723553,91576,servico_indisponivel,err_maintenance,,False,1
5594,723962,91634,falha_autenticacao,err_auth_401,,False,1
5595,724117,91655,timeout,err_gateway_timeout_504,22,True,1
5596,724220,91669,timeout,err_timeout_408,,False,1
5597,724225,91669,servico_indisponivel,err_maintenance,,False,1
5598,724345,91685,timeout,err_gateway_timeout_504,,False,1
5599,724480,91706,erro_interno,err_unexpected,,False,1
5600,724505,91709,timeout,err_timeout_408,24,True,1
5601,724511,91710,timeout,err_timeout_408,22,True,1
5602,724720,91736,timeout,err_timeout_408,,False,1
5603,724728,91738,falha_autenticacao,err_auth_401,52,True,1
5604,724745,91740,erro_interno,err_internal_500,,False,1
5605,724811,91750,timeout,err_gateway_timeout_504,25,True,1
5606,724970,91772,timeout,err_gateway_timeout_504,29,True,1
5607,725101,91792,timeout,err_gateway_timeout_504,40,True,1
5608,725400,91834,servico_indisponivel,err_service_503,,False,1
5609,725434,91839,timeout,err_gateway_timeout_504,,False,1
5610,725531,91853,erro_interno,err_unexpected,,False,1
5611,725631,91867,timeout,err_timeout_408,,False,1
5612,725643,91869,falha_autenticacao,err_auth_401,,False,1
5613,725757,91887,timeout,err_timeout_408,,False,1
5614,725769,91888,servico_indisponivel,err_service_503,,False,1
5615,725904,91907,timeout,err_timeout_408,,False,1
5616,726001,91922,falha_autenticacao,err_credentials_invalid,23,True,1
5617,726173,91947,erro_interno,err_unexpected,,False,1
5618,726277,91961,servico_indisponivel,err_service_503,,False,1
5619,726330,91967,servico_indisponivel,err_maintenance,,False,1
5620,726333,91968,erro_interno,err_internal_500,,False,1
5621,726459,91985,erro_interno,err_internal_500,,False,1
5622,726524,91995,erro_interno,err_unexpected,46,True,1
5623,726538,91998,falha_autenticacao,err_auth_401,28,True,1
5624,726775,92030,timeout,err_gateway_timeout_504,,False,1
5625,726794,92033,timeout,err_gateway_timeout_504,,False,1
5626,726832,92038,erro_interno,err_internal_500,,False,1
5627,726882,92045,erro_interno,err_internal_500,,False,1
5628,727096,92073,timeout,err_gateway_timeout_504,32,True,1
5629,727142,92080,timeout,err_gateway_timeout_504,,False,1
5630,727261,92096,timeout,err_gateway_timeout_504,,False,1
5631,727354,92109,falha_autenticacao,err_credentials_invalid,9,True,1
5632,727417,92117,erro_interno,err_internal_500,47,True,1
5633,727529,92132,falha_autenticacao,err_credentials_invalid,17,True,1
5634,727753,92165,timeout,err_gateway_timeout_504,,False,1
5635,727761,92167,falha_autenticacao,err_auth_401,,False,1
5636,727842,92177,falha_autenticacao,err_auth_401,22,True,1
5637,727926,92188,erro_interno,err_unexpected,,False,1
5638,728110,92214,timeout,err_timeout_408,28,True,1
5639,728130,92217,erro_interno,err_internal_500,,False,1
5640,728169,92224,timeout,err_gateway_timeout_504,,False,1
5641,728240,92235,timeout,err_gateway_timeout_504,30,True,1
5642,728425,92261,falha_autenticacao,err_auth_401,14,True,1
5643,728456,92265,timeout,err_gateway_timeout_504,,False,1
5644,728463,92266,timeout,err_gateway_timeout_504,,False,1
5645,728557,92278,timeout,err_gateway_timeout_504,64,True,1
5646,728718,92304,timeout,err_gateway_timeout_504,,False,1
5647,728802,92318,erro_interno,err_unexpected,,False,1
5648,729049,92351,falha_autenticacao,err_auth_401,11,True,1
5649,729321,92386,timeout,err_gateway_timeout_504,39,True,1
5650,729522,92412,timeout,err_timeout_408,47,True,1
5651,729594,92423,falha_autenticacao,err_credentials_invalid,25,True,1
5652,729600,92424,falha_autenticacao,err_auth_401,25,True,1
5653,729628,92427,timeout,err_timeout_408,,False,1
5654,729839,92455,timeout,err_gateway_timeout_504,,False,1
5655,730127,92494,erro_interno,err_unexpected,,False,1
5656,730522,92547,timeout,err_timeout_408,,False,1
5657,730567,92553,erro_interno,err_internal_500,,False,1
5658,730599,92558,timeout,err_gateway_timeout_504,,False,1
5659,730781,92586,timeout,err_timeout_408,57,True,1
5660,731140,92640,falha_autenticacao,err_auth_401,,False,1
5661,731326,92666,servico_indisponivel,err_service_503,,False,1
5662,731367,92671,timeout,err_timeout_408,35,True,1
5663,731533,92696,timeout,err_timeout_408,83,True,1
5664,731702,92720,erro_interno,err_unexpected,91,True,1
5665,731778,92729,timeout,err_gateway_timeout_504,,False,1
5666,731810,92735,falha_autenticacao,err_credentials_invalid,16,True,1
5667,731860,92740,timeout,err_timeout_408,,False,1
5668,732175,92781,falha_autenticacao,err_auth_401,33,True,1
5669,732430,92816,erro_interno,err_unexpected,15,True,1
5670,732434,92816,conexao_interrompida,err_network_unreachable,,False,1
5671,732490,92825,falha_autenticacao,err_credentials_invalid,35,True,1
5672,732499,92826,erro_interno,err_unexpected,,False,1
5673,732514,92828,timeout,err_timeout_408,,False,1
5674,732793,92867,timeout,err_timeout_408,,False,1
5675,732801,92868,falha_autenticacao,err_credentials_invalid,18,True,1
5676,733131,92911,falha_autenticacao,err_credentials_invalid,19,True,1
5677,733523,92966,servico_indisponivel,err_maintenance,,False,1
5678,733648,92985,timeout,err_gateway_timeout_504,,False,1
5679,733712,92993,falha_autenticacao,err_auth_401,,False,1
5680,733722,92995,servico_indisponivel,err_service_503,,False,1
5681,733844,93013,timeout,err_gateway_timeout_504,45,True,1
5682,733845,93013,timeout,err_gateway_timeout_504,39,True,2
5683,733868,93017,servico_indisponivel,err_service_503,,False,1
5684,733909,93022,falha_autenticacao,err_auth_401,28,True,1
5685,734186,93058,falha_autenticacao,err_auth_401,,False,1
5686,734188,93058,erro_interno,err_unexpected,,False,1
5687,734310,93076,falha_autenticacao,err_credentials_invalid,,False,1
5688,734355,93082,timeout,err_timeout_408,37,True,1
5689,734532,93107,erro_interno,err_unexpected,,False,1
5690,734574,93111,timeout,err_gateway_timeout_504,,False,1
5691,734811,93145,servico_indisponivel,err_service_503,53,True,1
5692,734817,93145,erro_interno,err_unexpected,,False,1
5693,734839,93149,timeout,err_timeout_408,,False,1
5694,734934,93163,falha_autenticacao,err_credentials_invalid,,False,1
5695,734957,93165,timeout,err_timeout_408,,False,1
5696,735018,93174,falha_autenticacao,err_auth_401,,False,1
5697,735190,93198,timeout,err_timeout_408,,False,1
5698,735378,93224,timeout,err_timeout_408,,False,1
5699,735560,93245,timeout,err_gateway_timeout_504,,False,1
5700,735641,93258,timeout,err_timeout_408,36,True,1
5701,735704,93268,timeout,err_gateway_timeout_504,,False,1
5702,735705,93269,timeout,err_timeout_408,29,True,1
5703,735732,93273,timeout,err_timeout_408,,False,1
5704,735737,93274,erro_interno,err_unexpected,36,True,1
5705,736001,93313,timeout,err_gateway_timeout_504,56,True,1
5706,736032,93317,timeout,err_timeout_408,57,True,1
5707,736110,93328,erro_interno,err_internal_500,32,True,1
5708,736410,93367,timeout,err_timeout_408,,False,1
5709,736547,93385,falha_autenticacao,err_credentials_invalid,,False,1
5710,736643,93399,falha_autenticacao,err_credentials_invalid,,False,1
5711,737032,93458,timeout,err_gateway_timeout_504,,False,1
5712,737048,93460,timeout,err_gateway_timeout_504,69,True,1
5713,737123,93470,timeout,err_gateway_timeout_504,,False,1
5714,737150,93473,timeout,err_timeout_408,106,True,1
5715,737380,93502,falha_autenticacao,err_auth_401,27,True,1
5716,737406,93505,falha_autenticacao,err_auth_401,18,True,1
5717,737516,93518,erro_interno,err_unexpected,,False,1
5718,737626,93532,erro_interno,err_unexpected,,False,1
5719,737750,93549,timeout,err_gateway_timeout_504,,False,1
5720,737807,93556,erro_interno,err_internal_500,,False,1
5721,737812,93557,timeout,err_gateway_timeout_504,,False,1
5722,737937,93577,timeout,err_gateway_timeout_504,57,True,1
5723,738045,93590,falha_autenticacao,err_auth_401,,False,1
5724,738323,93632,timeout,err_gateway_timeout_504,,False,1
5725,738378,93641,timeout,err_gateway_timeout_504,,False,1
5726,738394,93644,timeout,err_timeout_408,22,True,1
5727,738405,93646,timeout,err_gateway_timeout_504,,False,1
5728,738504,93661,falha_autenticacao,err_credentials_invalid,18,True,1
5729,738570,93670,timeout,err_gateway_timeout_504,38,True,1
5730,738706,93689,timeout,err_gateway_timeout_504,,False,1
5731,738800,93703,falha_autenticacao,err_credentials_invalid,,False,1
5732,738831,93708,timeout,err_timeout_408,12,True,1
5733,738864,93712,timeout,err_gateway_timeout_504,26,True,1
5734,739006,93731,timeout,err_gateway_timeout_504,,False,1
5735,739164,93756,timeout,err_gateway_timeout_504,,False,1
5736,739381,93786,timeout,err_timeout_408,,False,1
5737,739468,93797,erro_interno,err_internal_500,,False,1
5738,739506,93802,erro_interno,err_unexpected,,False,1
5739,739591,93813,erro_interno,err_unexpected,,False,1
5740,739737,93832,timeout,err_gateway_timeout_504,,False,1
5741,740030,93875,timeout,err_timeout_408,21,True,1
5742,740128,93886,servico_indisponivel,err_service_503,,False,1
5743,740178,93891,timeout,err_timeout_408,47,True,1
5744,740265,93903,timeout,err_timeout_408,24,True,1
5745,740348,93913,timeout,err_timeout_408,,False,1
5746,740432,93925,timeout,err_gateway_timeout_504,,False,1
5747,740461,93928,erro_interno,err_unexpected,,False,1
5748,740512,93936,falha_autenticacao,err_credentials_invalid,14,True,1
5749,740523,93938,timeout,err_gateway_timeout_504,,False,1
5750,740555,93942,timeout,err_timeout_408,22,True,1
5751,740577,93945,erro_interno,err_internal_500,,False,1
5752,740944,93990,timeout,err_gateway_timeout_504,,False,1
5753,741033,94003,timeout,err_gateway_timeout_504,,False,1
5754,741052,94006,erro_interno,err_unexpected,42,True,1
5755,741119,94014,erro_interno,err_internal_500,46,True,1
5756,741188,94026,servico_indisponivel,err_service_503,68,True,1
5757,741189,94026,erro_interno,err_internal_500,62,True,2
5758,741190,94026,timeout,err_timeout_408,,False,3
5759,741377,94051,timeout,err_gateway_timeout_504,,False,1
5760,741529,94072,timeout,err_gateway_timeout_504,27,True,1
5761,741611,94083,timeout,err_gateway_timeout_504,,False,1
5762,741686,94096,timeout,err_gateway_timeout_504,,False,1
5763,741949,94131,timeout,err_timeout_408,44,True,1
5764,741964,94133,timeout,err_gateway_timeout_504,32,True,1
5765,742123,94155,falha_autenticacao,err_auth_401,20,True,1
5766,742299,94180,timeout,err_gateway_timeout_504,,False,1
5767,742375,94192,timeout,err_timeout_408,26,True,1
5768,742758,94240,erro_interno,err_internal_500,92,True,1
5769,742835,94248,timeout,err_timeout_408,,False,1
5770,742919,94260,timeout,err_gateway_timeout_504,,False,1
5771,742933,94262,timeout,err_gateway_timeout_504,21,True,1
5772,743018,94276,servico_indisponivel,err_maintenance,,False,1
5773,743252,94309,falha_autenticacao,err_credentials_invalid,,False,1
5774,743298,94317,timeout,err_timeout_408,51,True,1
5775,743318,94319,erro_interno,err_internal_500,16,True,1
5776,743392,94329,falha_autenticacao,err_auth_401,,False,1
5777,743454,94339,timeout,err_gateway_timeout_504,,False,1
5778,743473,94342,falha_autenticacao,err_auth_401,,False,1
5779,743517,94347,falha_autenticacao,err_auth_401,,False,1
5780,743571,94352,timeout,err_gateway_timeout_504,21,True,1
5781,743622,94360,timeout,err_gateway_timeout_504,46,True,1
5782,743681,94368,timeout,err_gateway_timeout_504,18,True,1
5783,743748,94378,erro_interno,err_internal_500,,False,1
5784,743857,94393,erro_interno,err_unexpected,,False,1
5785,743878,94396,timeout,err_timeout_408,17,True,1
5786,743999,94412,timeout,err_gateway_timeout_504,16,True,1
5787,744042,94418,falha_autenticacao,err_credentials_invalid,18,True,1
5788,744076,94423,erro_interno,err_unexpected,,False,1
5789,744153,94434,timeout,err_gateway_timeout_504,32,True,1
5790,744156,94434,timeout,err_timeout_408,,False,1
5791,744157,94434,timeout,err_timeout_408,,False,2
5792,744275,94450,erro_interno,err_internal_500,,False,1
5793,744398,94465,timeout,err_gateway_timeout_504,,False,1
5794,744442,94471,timeout,err_timeout_408,36,True,1
5795,744544,94486,timeout,err_gateway_timeout_504,57,True,1
5796,744576,94490,erro_interno,err_internal_500,,False,1
5797,744620,94496,falha_autenticacao,err_credentials_invalid,19,True,1
5798,744632,94497,timeout,err_gateway_timeout_504,,False,1
5799,744647,94500,timeout,err_timeout_408,,False,1
5800,744810,94521,timeout,err_timeout_408,,False,1
5801,744836,94525,conexao_interrompida,err_network_unreachable,,False,1
5802,744903,94533,timeout,err_gateway_timeout_504,54,True,1
5803,745074,94557,falha_autenticacao,err_credentials_invalid,19,True,1
5804,745101,94561,timeout,err_timeout_408,32,True,1
5805,745221,94576,timeout,err_timeout_408,,False,1
5806,745263,94580,timeout,err_gateway_timeout_504,30,True,1
5807,745355,94593,erro_interno,err_unexpected,,False,1
5808,745902,94672,erro_interno,err_unexpected,,False,1
5809,745935,94677,timeout,err_gateway_timeout_504,29,True,1
5810,746242,94723,timeout,err_timeout_408,,False,1
5811,746620,94781,timeout,err_gateway_timeout_504,26,True,1
5812,746621,94781,timeout,err_timeout_408,28,True,2
5813,746627,94782,falha_autenticacao,err_credentials_invalid,14,True,1
5814,746725,94793,timeout,err_gateway_timeout_504,55,True,1
5815,746794,94801,timeout,err_gateway_timeout_504,,False,1
5816,746809,94804,falha_autenticacao,err_auth_401,25,True,1
5817,746895,94815,falha_autenticacao,err_auth_401,16,True,1
5818,746978,94827,timeout,err_timeout_408,25,True,1
5819,747233,94861,timeout,err_timeout_408,21,True,1
5820,747253,94864,timeout,err_timeout_408,,False,1
5821,747273,94868,timeout,err_gateway_timeout_504,17,True,1
5822,747279,94869,timeout,err_gateway_timeout_504,29,True,1
5823,747280,94869,falha_autenticacao,err_auth_401,,False,2
5824,747582,94917,falha_autenticacao,err_credentials_invalid,19,True,1
5825,747703,94933,falha_autenticacao,err_credentials_invalid,35,True,1
5826,747704,94933,timeout,err_gateway_timeout_504,,False,2
5827,747826,94951,servico_indisponivel,err_maintenance,,False,1
5828,747851,94954,erro_interno,err_internal_500,16,True,1
5829,747909,94964,falha_autenticacao,err_auth_401,,False,1
5830,747964,94971,timeout,err_gateway_timeout_504,,False,1
5831,747969,94972,falha_autenticacao,err_credentials_invalid,,False,1
5832,748006,94977,timeout,err_timeout_408,,False,1
5833,748079,94989,timeout,err_timeout_408,37,True,1
5834,748283,95017,erro_interno,err_internal_500,,False,1
5835,748352,95026,timeout,err_timeout_408,45,True,1
5836,748382,95029,timeout,err_timeout_408,98,True,1
5837,748411,95033,timeout,err_timeout_408,,False,1
5838,748412,95033,falha_autenticacao,err_auth_401,16,True,2
5839,748504,95046,timeout,err_timeout_408,65,True,1
5840,748608,95061,falha_autenticacao,err_auth_401,,False,1
5841,748680,95072,falha_autenticacao,err_auth_401,,False,1
5842,748693,95075,servico_indisponivel,err_maintenance,,False,1
5843,748730,95079,erro_interno,err_internal_500,25,True,1
5844,748957,95109,timeout,err_gateway_timeout_504,,False,1
5845,748988,95114,falha_autenticacao,err_auth_401,23,True,1
5846,749003,95116,timeout,err_gateway_timeout_504,17,True,1
5847,749011,95117,timeout,err_timeout_408,14,True,1
5848,749278,95155,servico_indisponivel,err_maintenance,,False,1
5849,749513,95188,timeout,err_timeout_408,29,True,1
5850,749537,95191,timeout,err_timeout_408,22,True,1
5851,749635,95204,timeout,err_gateway_timeout_504,,False,1
5852,749771,95221,erro_interno,err_internal_500,,False,1
5853,749868,95233,timeout,err_timeout_408,,False,1
5854,749982,95250,timeout,err_timeout_408,22,True,1
5855,749983,95250,timeout,err_timeout_408,,False,2
5856,750027,95258,falha_autenticacao,err_auth_401,,False,1
5857,750237,95286,timeout,err_timeout_408,,False,1
5858,750533,95330,timeout,err_timeout_408,,False,1
5859,750534,95331,timeout,err_timeout_408,28,True,1
5860,750645,95347,timeout,err_timeout_408,23,True,1
5861,750693,95354,falha_autenticacao,err_auth_401,16,True,1
5862,750842,95376,timeout,err_timeout_408,,False,1
5863,750922,95386,timeout,err_timeout_408,49,True,1
5864,751032,95403,erro_interno,err_internal_500,,False,1
5865,751073,95409,timeout,err_gateway_timeout_504,14,True,1
5866,751100,95413,timeout,err_timeout_408,18,True,1
5867,751177,95425,falha_autenticacao,err_auth_401,,False,1
5868,751185,95427,servico_indisponivel,err_maintenance,15,True,1
5869,751206,95429,timeout,err_timeout_408,,False,1
5870,751230,95433,timeout,err_timeout_408,39,True,1
5871,751378,95452,falha_autenticacao,err_credentials_invalid,24,True,1
5872,751459,95462,timeout,err_gateway_timeout_504,57,True,1
5873,751563,95477,timeout,err_timeout_408,18,True,1
5874,751627,95484,erro_interno,err_unexpected,,False,1
5875,751937,95526,timeout,err_timeout_408,,False,1
5876,751999,95536,timeout,err_timeout_408,48,True,1
5877,752035,95541,erro_interno,err_internal_500,,False,1
5878,752044,95543,timeout,err_gateway_timeout_504,,False,1
5879,752166,95561,timeout,err_timeout_408,26,True,1
5880,752230,95570,timeout,err_timeout_408,,False,1
5881,752236,95571,timeout,err_gateway_timeout_504,,False,1
5882,752327,95583,falha_autenticacao,err_credentials_invalid,,False,1
5883,752395,95595,falha_autenticacao,err_credentials_invalid,,False,1
5884,752550,95616,erro_interno,err_internal_500,24,True,1
5885,752553,95616,timeout,err_timeout_408,23,True,1
5886,752576,95618,erro_interno,err_internal_500,,False,1
5887,752623,95623,falha_autenticacao,err_auth_401,33,True,1
5888,752680,95631,timeout,err_gateway_timeout_504,18,True,1
5889,752743,95639,timeout,err_timeout_408,,False,1
5890,752780,95645,timeout,err_gateway_timeout_504,28,True,1
5891,752877,95657,timeout,err_timeout_408,74,True,1
5892,752881,95658,timeout,err_timeout_408,36,True,1
5893,752904,95660,timeout,err_timeout_408,45,True,1
5894,753075,95686,erro_interno,err_unexpected,,False,1
5895,753078,95686,timeout,err_gateway_timeout_504,21,True,1
5896,753133,95695,erro_interno,err_internal_500,,False,1
5897,753155,95699,timeout,err_gateway_timeout_504,,False,1
5898,753290,95722,timeout,err_timeout_408,23,True,1
5899,753291,95722,timeout,err_timeout_408,43,True,2
5900,753314,95724,erro_interno,err_unexpected,53,True,1
5901,753329,95726,timeout,err_timeout_408,40,True,1
5902,753341,95727,timeout,err_gateway_timeout_504,22,True,1
5903,753353,95728,servico_indisponivel,err_maintenance,,False,1
5904,753472,95744,servico_indisponivel,err_service_503,19,True,1
5905,753599,95757,erro_interno,err_unexpected,,False,1
5906,753753,95780,timeout,err_gateway_timeout_504,,False,1
5907,753761,95782,falha_autenticacao,err_auth_401,17,True,1
5908,753791,95787,timeout,err_gateway_timeout_504,,False,1
5909,753803,95789,timeout,err_timeout_408,,False,1
5910,753861,95798,timeout,err_timeout_408,19,True,1
5911,753886,95802,timeout,err_timeout_408,,False,1
5912,753968,95813,falha_autenticacao,err_credentials_invalid,,False,1
5913,754007,95817,erro_interno,err_unexpected,,False,1
5914,754078,95826,timeout,err_timeout_408,37,True,1
5915,754081,95826,timeout,err_gateway_timeout_504,,False,1
5916,754109,95830,servico_indisponivel,err_service_503,,False,1
5917,754345,95862,erro_interno,err_internal_500,16,True,1
5918,754349,95862,timeout,err_timeout_408,92,True,1
5919,754482,95878,erro_interno,err_internal_500,36,True,1
5920,754518,95883,timeout,err_gateway_timeout_504,,False,1
5921,754642,95900,falha_autenticacao,err_auth_401,,False,1
5922,754675,95905,conexao_interrompida,err_connection_lost,,False,1
5923,754709,95910,timeout,err_gateway_timeout_504,,False,1
5924,754758,95918,erro_interno,err_internal_500,,False,1
5925,754770,95919,erro_interno,err_unexpected,,False,1
5926,754821,95926,falha_autenticacao,err_credentials_invalid,,False,1
5927,754890,95936,timeout,err_gateway_timeout_504,,False,1
5928,754904,95938,servico_indisponivel,err_service_503,,False,1
5929,755003,95952,timeout,err_timeout_408,13,True,1
5930,755015,95953,timeout,err_timeout_408,,False,1
5931,755043,95957,timeout,err_timeout_408,,False,1
5932,755091,95965,erro_interno,err_unexpected,110,True,1
5933,755123,95970,erro_interno,err_unexpected,76,True,1
5934,755126,95970,erro_interno,err_internal_500,80,True,1
5935,755192,95981,erro_interno,err_internal_500,,False,1
5936,755269,95994,erro_interno,err_unexpected,,False,1
5937,755426,96016,timeout,err_gateway_timeout_504,,False,1
5938,755435,96016,timeout,err_gateway_timeout_504,107,True,1
5939,755441,96017,timeout,err_timeout_408,24,True,1
5940,755565,96036,timeout,err_timeout_408,,False,1
5941,755730,96055,erro_interno,err_internal_500,,False,1
5942,755735,96056,erro_interno,err_unexpected,,False,1
5943,755784,96062,falha_autenticacao,err_auth_401,16,True,1
5944,755789,96062,erro_interno,err_unexpected,,False,1
5945,755815,96066,erro_interno,err_unexpected,11,True,1
5946,755929,96080,servico_indisponivel,err_service_503,,False,1
5947,755930,96080,timeout,err_gateway_timeout_504,,False,2
5948,755950,96083,timeout,err_timeout_408,20,True,1
5949,756030,96096,timeout,err_timeout_408,,False,1
5950,756078,96104,erro_interno,err_internal_500,,False,1
5951,756214,96119,falha_autenticacao,err_auth_401,,False,1
5952,756413,96148,erro_interno,err_internal_500,68,True,1
5953,756537,96164,erro_interno,err_internal_500,,False,1
5954,756546,96165,timeout,err_timeout_408,62,True,1
5955,756552,96166,timeout,err_gateway_timeout_504,23,True,1
5956,756581,96170,timeout,err_timeout_408,,False,1
5957,756636,96177,timeout,err_gateway_timeout_504,17,True,1
5958,756677,96183,timeout,err_timeout_408,,False,1
5959,756763,96195,falha_autenticacao,err_auth_401,,False,1
5960,756863,96208,timeout,err_timeout_408,52,True,1
5961,756930,96216,timeout,err_timeout_408,,False,1
5962,757098,96237,erro_interno,err_internal_500,98,True,1
5963,757433,96285,timeout,err_timeout_408,,False,1
5964,757482,96292,timeout,err_timeout_408,99,True,1
5965,757677,96318,falha_autenticacao,err_auth_401,36,True,1
5966,757834,96342,erro_interno,err_unexpected,84,True,1
5967,757897,96352,timeout,err_gateway_timeout_504,,False,1
5968,757898,96352,falha_autenticacao,err_credentials_invalid,29,True,2
5969,757934,96357,servico_indisponivel,err_maintenance,,False,1
5970,758017,96370,erro_interno,err_internal_500,,False,1
5971,758035,96372,erro_interno,err_internal_500,,False,1
5972,758115,96383,falha_autenticacao,err_auth_401,23,True,1
5973,758122,96383,timeout,err_timeout_408,73,True,1
5974,758193,96393,timeout,err_timeout_408,,False,1
5975,758593,96449,erro_interno,err_internal_500,86,True,1
5976,758699,96462,timeout,err_timeout_408,68,True,1
5977,759098,96512,timeout,err_gateway_timeout_504,,False,1
5978,759124,96516,falha_autenticacao,err_credentials_invalid,42,True,1
5979,759141,96518,timeout,err_timeout_408,33,True,1
5980,759541,96571,timeout,err_timeout_408,,False,1
5981,759673,96591,timeout,err_timeout_408,,False,1
5982,759739,96601,falha_autenticacao,err_auth_401,,False,1
5983,759762,96604,erro_interno,err_internal_500,90,True,1
5984,759800,96609,timeout,err_timeout_408,36,True,1
5985,759847,96617,falha_autenticacao,err_credentials_invalid,,False,1
5986,759881,96621,erro_interno,err_internal_500,77,True,1
5987,759906,96625,erro_interno,err_unexpected,,False,1
5988,759951,96632,falha_autenticacao,err_credentials_invalid,,False,1
5989,759954,96632,erro_interno,err_unexpected,,False,1
5990,759956,96632,timeout,err_timeout_408,59,True,1
5991,760013,96640,timeout,err_gateway_timeout_504,,False,1
5992,760016,96640,timeout,err_timeout_408,89,True,1
5993,760069,96648,timeout,err_gateway_timeout_504,,False,1
5994,760158,96659,erro_interno,err_unexpected,,False,1
5995,760206,96665,timeout,err_gateway_timeout_504,,False,1
5996,760217,96667,timeout,err_gateway_timeout_504,,False,1
5997,760254,96674,timeout,err_timeout_408,18,True,1
5998,760328,96683,falha_autenticacao,err_auth_401,20,True,1
5999,760329,96683,timeout,err_timeout_408,,False,2
6000,760390,96690,timeout,err_gateway_timeout_504,,False,1
6001,760517,96705,erro_interno,err_internal_500,,False,1
6002,760745,96738,timeout,err_timeout_408,33,True,1
6003,761418,96840,erro_interno,err_unexpected,,False,1
6004,761506,96853,erro_interno,err_internal_500,,False,1
6005,761516,96855,timeout,err_gateway_timeout_504,,False,1
6006,761600,96865,timeout,err_timeout_408,68,True,1
6007,761673,96875,timeout,err_gateway_timeout_504,,False,1
6008,761763,96889,erro_interno,err_unexpected,92,True,1
6009,761924,96911,falha_autenticacao,err_auth_401,14,True,1
6010,761985,96918,erro_interno,err_unexpected,,False,1
6011,762014,96923,timeout,err_gateway_timeout_504,,False,1
6012,762015,96923,timeout,err_gateway_timeout_504,,False,2
6013,762034,96925,timeout,err_gateway_timeout_504,19,True,1
6014,762154,96942,timeout,err_gateway_timeout_504,,False,1
6015,762197,96949,erro_interno,err_internal_500,,False,1
6016,762202,96950,timeout,err_timeout_408,21,True,1
6017,762332,96967,timeout,err_gateway_timeout_504,,False,1
6018,762387,96975,erro_interno,err_unexpected,40,True,1
6019,762635,97012,timeout,err_gateway_timeout_504,,False,1
6020,762744,97028,timeout,err_timeout_408,25,True,1
6021,762822,97041,servico_indisponivel,err_service_503,,False,1
6022,762846,97045,timeout,err_timeout_408,30,True,1
6023,762869,97049,falha_autenticacao,err_auth_401,20,True,1
6024,762998,97065,timeout,err_gateway_timeout_504,37,True,1
6025,763038,97070,falha_autenticacao,err_credentials_invalid,25,True,1
6026,763112,97079,erro_interno,err_internal_500,80,True,1
6027,763180,97088,timeout,err_timeout_408,73,True,1
6028,763323,97108,timeout,err_timeout_408,148,True,1
6029,763438,97124,erro_interno,err_internal_500,27,True,1
6030,763524,97137,falha_autenticacao,err_auth_401,21,True,1
6031,763549,97140,erro_interno,err_internal_500,,False,1
6032,763756,97170,erro_interno,err_unexpected,,False,1
6033,763768,97172,servico_indisponivel,err_maintenance,,False,1
6034,763797,97176,erro_interno,err_unexpected,,False,1
6035,763998,97203,timeout,err_timeout_408,,False,1
6036,764066,97213,falha_autenticacao,err_auth_401,20,True,1
6037,764177,97229,falha_autenticacao,err_auth_401,,False,1
6038,764192,97232,timeout,err_gateway_timeout_504,,False,1
6039,764227,97239,servico_indisponivel,err_maintenance,108,True,1
6040,764249,97242,timeout,err_gateway_timeout_504,,False,1
6041,764335,97253,falha_autenticacao,err_auth_401,22,True,1
6042,764385,97261,erro_interno,err_unexpected,17,True,1
6043,764426,97266,erro_interno,err_internal_500,114,True,1
6044,764539,97285,erro_interno,err_unexpected,,False,1
6045,764558,97288,timeout,err_timeout_408,48,True,1
6046,764630,97299,timeout,err_timeout_408,28,True,1
6047,764651,97301,timeout,err_gateway_timeout_504,,False,1
6048,764741,97314,timeout,err_timeout_408,,False,1
6049,764743,97314,erro_interno,err_unexpected,,False,1
6050,764901,97335,timeout,err_timeout_408,,False,1
6051,764963,97345,timeout,err_gateway_timeout_504,,False,1
6052,765005,97353,timeout,err_gateway_timeout_504,,False,1
6053,765024,97356,timeout,err_timeout_408,70,True,1
6054,765062,97361,timeout,err_timeout_408,,False,1
6055,765151,97371,erro_interno,err_unexpected,,False,1
6056,765248,97382,timeout,err_gateway_timeout_504,,False,1
6057,765519,97418,erro_interno,err_internal_500,,False,1
6058,765625,97433,timeout,err_timeout_408,,False,1
6059,765745,97453,timeout,err_gateway_timeout_504,17,True,1
6060,765846,97467,erro_interno,err_unexpected,,False,1
6061,765863,97469,servico_indisponivel,err_service_503,,False,1
6062,765978,97486,timeout,err_gateway_timeout_504,19,True,1
6063,766126,97505,falha_autenticacao,err_credentials_invalid,32,True,1
6064,766293,97527,timeout,err_timeout_408,45,True,1
6065,766425,97546,erro_interno,err_unexpected,82,True,1
6066,766544,97562,erro_interno,err_unexpected,,False,1
6067,766779,97590,timeout,err_gateway_timeout_504,33,True,1
6068,766787,97591,timeout,err_timeout_408,,False,1
6069,766956,97615,timeout,err_timeout_408,,False,1
6070,767019,97622,timeout,err_timeout_408,52,True,1
6071,767043,97625,timeout,err_gateway_timeout_504,28,True,1
6072,767354,97668,erro_interno,err_internal_500,,False,1
6073,767404,97675,timeout,err_gateway_timeout_504,,False,1
6074,767779,97725,timeout,err_timeout_408,39,True,1
6075,767897,97742,timeout,err_gateway_timeout_504,,False,1
6076,767959,97751,erro_interno,err_unexpected,,False,1
6077,768055,97765,falha_autenticacao,err_auth_401,17,True,1
6078,768855,97882,timeout,err_gateway_timeout_504,19,True,1
6079,768874,97884,erro_interno,err_unexpected,73,True,1
6080,768928,97891,timeout,err_timeout_408,19,True,1
6081,769024,97906,servico_indisponivel,err_service_503,80,True,1
6082,769071,97912,erro_interno,err_internal_500,,False,1
6083,769084,97915,timeout,err_gateway_timeout_504,,False,1
6084,769180,97927,timeout,err_timeout_408,,False,1
6085,769239,97935,falha_autenticacao,err_auth_401,,False,1
6086,769305,97947,timeout,err_timeout_408,22,True,1
6087,769387,97957,erro_interno,err_unexpected,17,True,1
6088,769494,97972,erro_interno,err_unexpected,52,True,1
6089,769536,97977,timeout,err_gateway_timeout_504,,False,1
6090,769551,97979,timeout,err_timeout_408,,False,1
6091,769575,97983,timeout,err_timeout_408,33,True,1
6092,769821,98016,servico_indisponivel,err_service_503,,False,1
6093,769827,98018,timeout,err_timeout_408,,False,1
6094,769837,98020,erro_interno,err_unexpected,,False,1
6095,770033,98045,timeout,err_gateway_timeout_504,,False,1
6096,770097,98056,servico_indisponivel,err_maintenance,17,True,1
6097,770130,98060,servico_indisponivel,err_maintenance,,False,1
6098,770146,98062,timeout,err_timeout_408,,False,1
6099,770181,98067,timeout,err_gateway_timeout_504,,False,1
6100,770182,98067,timeout,err_timeout_408,,False,2
6101,770203,98070,timeout,err_gateway_timeout_504,,False,1
6102,770247,98077,falha_autenticacao,err_credentials_invalid,,False,1
6103,770248,98078,timeout,err_gateway_timeout_504,,False,1
6104,770272,98081,erro_interno,err_internal_500,15,True,1
6105,770393,98100,timeout,err_timeout_408,53,True,1
6106,770416,98102,servico_indisponivel,err_service_503,95,True,1
6107,770476,98111,timeout,err_timeout_408,64,True,1
6108,770695,98141,falha_autenticacao,err_auth_401,,False,1
6109,770769,98151,erro_interno,err_unexpected,,False,1
6110,770793,98154,timeout,err_timeout_408,,False,1
6111,771006,98182,timeout,err_timeout_408,83,True,1
6112,771154,98203,timeout,err_timeout_408,,False,1
6113,771207,98210,falha_autenticacao,err_credentials_invalid,,False,1
6114,771475,98243,timeout,err_timeout_408,123,True,1
6115,771554,98255,timeout,err_gateway_timeout_504,18,True,1
6116,771717,98279,falha_autenticacao,err_auth_401,17,True,1
6117,771771,98286,falha_autenticacao,err_auth_401,,False,1
6118,771928,98306,erro_interno,err_unexpected,,False,1
6119,771952,98310,timeout,err_timeout_408,,False,1
6120,771954,98310,timeout,err_timeout_408,,False,1
6121,771978,98313,timeout,err_timeout_408,31,True,1
6122,772076,98326,timeout,err_timeout_408,,False,1
6123,772231,98346,erro_interno,err_unexpected,40,True,1
6124,772602,98394,servico_indisponivel,err_maintenance,,False,1
6125,772665,98402,timeout,err_timeout_408,32,True,1
6126,772666,98402,timeout,err_gateway_timeout_504,45,True,2
6127,772667,98402,falha_autenticacao,err_credentials_invalid,,False,3
6128,772715,98410,falha_autenticacao,err_auth_401,,False,1
6129,772856,98429,timeout,err_gateway_timeout_504,,False,1
6130,772925,98439,servico_indisponivel,err_service_503,,False,1
6131,772949,98443,timeout,err_timeout_408,34,True,1
6132,773012,98451,falha_autenticacao,err_credentials_invalid,,False,1
6133,773202,98476,timeout,err_timeout_408,67,True,1
6134,773445,98512,servico_indisponivel,err_service_503,72,True,1
6135,773466,98514,erro_interno,err_unexpected,97,True,1
6136,773469,98514,erro_interno,err_internal_500,84,True,1
6137,773728,98550,timeout,err_timeout_408,58,True,1
6138,773732,98551,timeout,err_timeout_408,,False,1
6139,773983,98590,timeout,err_timeout_408,61,True,1
6140,774090,98603,erro_interno,err_unexpected,,False,1
6141,774191,98618,erro_interno,err_unexpected,47,True,1
6142,774224,98622,falha_autenticacao,err_auth_401,,False,1
6143,774544,98665,erro_interno,err_unexpected,,False,1
6144,774594,98670,erro_interno,err_internal_500,,False,1
6145,774619,98674,timeout,err_gateway_timeout_504,,False,1
6146,774631,98675,erro_interno,err_internal_500,,False,1
6147,774850,98708,timeout,err_gateway_timeout_504,79,True,1
6148,774887,98714,falha_autenticacao,err_credentials_invalid,36,True,1
6149,774925,98719,erro_interno,err_internal_500,21,True,1
6150,774986,98727,timeout,err_timeout_408,,False,1
6151,774996,98729,timeout,err_gateway_timeout_504,,False,1
6152,775010,98731,erro_interno,err_unexpected,62,True,1
6153,775057,98737,falha_autenticacao,err_credentials_invalid,,False,1
6154,775091,98743,timeout,err_gateway_timeout_504,,False,1
6155,775129,98749,timeout,err_gateway_timeout_504,,False,1
6156,775222,98763,timeout,err_timeout_408,51,True,1
6157,775227,98763,timeout,err_gateway_timeout_504,,False,1
6158,775407,98788,erro_interno,err_internal_500,,False,1
6159,775442,98794,falha_autenticacao,err_credentials_invalid,18,True,1
6160,775516,98807,timeout,err_timeout_408,38,True,1
6161,775588,98818,erro_interno,err_internal_500,57,True,1
6162,775589,98818,timeout,err_gateway_timeout_504,,False,2
6163,775618,98821,servico_indisponivel,err_service_503,,False,1
6164,775636,98824,timeout,err_gateway_timeout_504,18,True,1
6165,775672,98829,timeout,err_gateway_timeout_504,20,True,1
6166,775713,98834,erro_interno,err_internal_500,,False,1
6167,775736,98836,erro_interno,err_unexpected,,False,1
6168,775821,98847,timeout,err_gateway_timeout_504,,False,1
6169,776029,98875,timeout,err_timeout_408,87,True,1
6170,776074,98881,falha_autenticacao,err_credentials_invalid,31,True,1
6171,776171,98893,falha_autenticacao,err_credentials_invalid,31,True,1
6172,776172,98893,servico_indisponivel,err_maintenance,,False,2
6173,776212,98900,timeout,err_gateway_timeout_504,54,True,1
6174,776335,98918,falha_autenticacao,err_auth_401,24,True,1
6175,776385,98923,servico_indisponivel,err_maintenance,94,True,1
6176,776432,98931,timeout,err_timeout_408,18,True,1
6177,776788,98976,erro_interno,err_internal_500,38,True,1
6178,776808,98979,timeout,err_timeout_408,32,True,1
6179,776809,98979,timeout,err_timeout_408,,False,2
6180,776835,98985,falha_autenticacao,err_auth_401,25,True,1
6181,776836,98985,falha_autenticacao,err_auth_401,34,True,2
6182,776840,98985,erro_interno,err_unexpected,,False,1
6183,776959,99001,erro_interno,err_internal_500,,False,1
6184,777154,99028,erro_interno,err_internal_500,,False,1
6185,777193,99033,timeout,err_timeout_408,,False,1
6186,777266,99042,timeout,err_timeout_408,,False,1
6187,777295,99046,falha_autenticacao,err_auth_401,18,True,1
6188,777650,99092,falha_autenticacao,err_credentials_invalid,30,True,1
6189,777707,99100,erro_interno,err_internal_500,104,True,1
6190,777843,99119,timeout,err_timeout_408,18,True,1
6191,777866,99123,timeout,err_timeout_408,26,True,1
6192,777889,99127,timeout,err_timeout_408,37,True,1
6193,777893,99127,erro_interno,err_unexpected,,False,1
6194,777896,99127,timeout,err_timeout_408,111,True,1
6195,777995,99141,timeout,err_gateway_timeout_504,31,True,1
6196,778025,99146,timeout,err_timeout_408,,False,1
6197,778036,99149,falha_autenticacao,err_auth_401,24,True,1
6198,778090,99156,timeout,err_gateway_timeout_504,21,True,1
6199,778260,99181,falha_autenticacao,err_auth_401,,False,1
6200,778510,99221,timeout,err_gateway_timeout_504,,False,1
6201,778667,99242,timeout,err_gateway_timeout_504,,False,1
6202,778816,99263,falha_autenticacao,err_credentials_invalid,,False,1
6203,779376,99343,timeout,err_gateway_timeout_504,,False,1
6204,779387,99345,timeout,err_gateway_timeout_504,,False,1
6205,779441,99352,erro_interno,err_unexpected,,False,1
6206,779459,99354,erro_interno,err_unexpected,47,True,1
6207,779478,99356,timeout,err_gateway_timeout_504,48,True,1
6208,779488,99357,timeout,err_gateway_timeout_504,,False,1
6209,779489,99357,timeout,err_gateway_timeout_504,109,True,2
6210,779491,99357,erro_interno,err_internal_500,,False,1
6211,779538,99363,timeout,err_gateway_timeout_504,,False,1
6212,779554,99365,erro_interno,err_internal_500,,False,1
6213,779645,99377,timeout,err_timeout_408,,False,1
6214,779676,99382,timeout,err_gateway_timeout_504,27,True,1
6215,779771,99396,timeout,err_gateway_timeout_504,17,True,1
6216,779786,99398,timeout,err_gateway_timeout_504,,False,1
6217,779823,99402,timeout,err_gateway_timeout_504,,False,1
6218,779928,99417,falha_autenticacao,err_credentials_invalid,19,True,1
6219,779977,99425,timeout,err_gateway_timeout_504,50,True,1
6220,780065,99440,falha_autenticacao,err_auth_401,32,True,1
6221,780183,99455,timeout,err_timeout_408,29,True,1
6222,780293,99470,timeout,err_timeout_408,71,True,1
6223,780343,99477,erro_interno,err_unexpected,,False,1
6224,780375,99481,falha_autenticacao,err_auth_401,,False,1
6225,780488,99495,timeout,err_timeout_408,,False,1
6226,780585,99512,timeout,err_timeout_408,40,True,1
6227,780649,99521,timeout,err_gateway_timeout_504,42,True,1
6228,780704,99529,falha_autenticacao,err_auth_401,28,True,1
6229,780788,99540,timeout,err_gateway_timeout_504,,False,1
6230,780808,99544,timeout,err_gateway_timeout_504,522,True,1
6231,781164,99597,timeout,err_timeout_408,14,True,1
6232,781287,99615,servico_indisponivel,err_service_503,14,True,1
6233,781347,99622,timeout,err_gateway_timeout_504,,False,1
6234,781477,99639,timeout,err_gateway_timeout_504,,False,1
6235,781687,99667,timeout,err_gateway_timeout_504,42,True,1
6236,781863,99690,timeout,err_timeout_408,42,True,1
6237,781864,99690,timeout,err_timeout_408,,False,2
6238,781865,99690,timeout,err_timeout_408,,False,3
6239,782052,99717,timeout,err_gateway_timeout_504,21,True,1
6240,782080,99720,timeout,err_gateway_timeout_504,,False,1
6241,782114,99726,timeout,err_timeout_408,20,True,1
6242,782350,99759,timeout,err_timeout_408,21,True,1
6243,782397,99765,timeout,err_timeout_408,35,True,1
6244,782506,99778,erro_interno,err_unexpected,12,True,1
6245,782576,99788,timeout,err_gateway_timeout_504,,False,1
6246,782603,99791,timeout,err_timeout_408,17,True,1
6247,782630,99795,timeout,err_timeout_408,30,True,1
6248,782689,99803,falha_autenticacao,err_credentials_invalid,30,True,1
6249,782690,99803,timeout,err_timeout_408,,False,2
6250,782721,99807,timeout,err_gateway_timeout_504,,False,1
6251,782869,99827,falha_autenticacao,err_credentials_invalid,,False,1
6252,782874,99828,erro_interno,err_unexpected,23,True,1
6253,783043,99850,erro_interno,err_unexpected,,False,1
6254,783175,99869,timeout,err_timeout_408,22,True,1
6255,783486,99909,falha_autenticacao,err_credentials_invalid,,False,1
6256,783535,99916,timeout,err_gateway_timeout_504,81,True,1
6257,783717,99939,timeout,err_gateway_timeout_504,,False,1
6258,783725,99941,falha_autenticacao,err_credentials_invalid,10,True,1
6259,783887,99962,timeout,err_timeout_408,45,True,1
6260,783943,99969,falha_autenticacao,err_auth_401,,False,1
6261,783984,99976,timeout,err_timeout_408,,False,1
6262,784100,99992,timeout,err_timeout_408,,False,1
6263,784102,99992,erro_interno,err_unexpected,58,True,1
6264,784125,99996,falha_autenticacao,err_credentials_invalid,19,True,1
6265,784333,100025,erro_interno,err_internal_500,52,True,1
6266,784337,100025,erro_interno,err_unexpected,16,True,1
6267,784344,100026,erro_interno,err_unexpected,44,True,1
6268,784442,100041,erro_interno,err_internal_500,,False,1
6269,784459,100044,timeout,err_gateway_timeout_504,19,True,1
6270,784593,100065,timeout,err_timeout_408,,False,1
6271,784666,100076,erro_interno,err_unexpected,,False,1
6272,784704,100082,timeout,err_gateway_timeout_504,17,True,1
6273,784898,100109,timeout,err_timeout_408,,False,1
6274,784916,100111,erro_interno,err_unexpected,,False,1
6275,784963,100119,timeout,err_timeout_408,,False,1
6276,785113,100141,timeout,err_timeout_408,30,True,1
6277,785172,100147,timeout,err_timeout_408,,False,1
6278,785275,100162,servico_indisponivel,err_service_503,,False,1
6279,785367,100175,timeout,err_gateway_timeout_504,,False,1
6280,785477,100193,timeout,err_gateway_timeout_504,,False,1
6281,785504,100196,timeout,err_timeout_408,39,True,1
6282,785529,100200,timeout,err_gateway_timeout_504,,False,1
6283,785554,100202,erro_interno,err_unexpected,,False,1
6284,785709,100220,erro_interno,err_unexpected,51,True,1
6285,785748,100226,timeout,err_timeout_408,,False,1
6286,785762,100228,erro_interno,err_internal_500,55,True,1
6287,785782,100231,falha_autenticacao,err_credentials_invalid,,False,1
6288,785842,100240,timeout,err_timeout_408,,False,1
6289,785850,100242,timeout,err_timeout_408,,False,1
6290,786103,100279,timeout,err_gateway_timeout_504,32,True,1
6291,786109,100280,falha_autenticacao,err_auth_401,15,True,1
6292,786208,100292,falha_autenticacao,err_credentials_invalid,,False,1
6293,786282,100302,erro_interno,err_internal_500,72,True,1
6294,786297,100304,falha_autenticacao,err_credentials_invalid,,False,1
6295,786314,100306,timeout,err_timeout_408,57,True,1
6296,786673,100356,timeout,err_timeout_408,35,True,1
6297,786913,100389,falha_autenticacao,err_auth_401,33,True,1
6298,786965,100396,timeout,err_timeout_408,,False,1
6299,786993,100400,timeout,err_timeout_408,78,True,1
6300,787194,100426,timeout,err_timeout_408,,False,1
6301,787211,100428,erro_interno,err_unexpected,109,True,1
6302,787316,100442,timeout,err_timeout_408,,False,1
6303,787455,100460,timeout,err_timeout_408,,False,1
6304,787588,100478,timeout,err_timeout_408,,False,1
6305,787688,100489,falha_autenticacao,err_credentials_invalid,,False,1
6306,787857,100514,servico_indisponivel,err_service_503,,False,1
6307,788344,100587,erro_interno,err_internal_500,36,True,1
6308,788369,100591,timeout,err_timeout_408,25,True,1
6309,788496,100609,timeout,err_gateway_timeout_504,25,True,1
6310,788717,100637,timeout,err_gateway_timeout_504,24,True,1
6311,788721,100638,servico_indisponivel,err_service_503,,False,1
6312,788722,100638,servico_indisponivel,err_service_503,24,True,2
6313,788751,100643,erro_interno,err_internal_500,,False,1
6314,788757,100644,timeout,err_timeout_408,24,True,1
6315,788852,100657,erro_interno,err_internal_500,,False,1
6316,788900,100663,timeout,err_gateway_timeout_504,16,True,1
6317,788939,100667,timeout,err_timeout_408,25,True,1
6318,789076,100685,timeout,err_timeout_408,,False,1
6319,789150,100695,timeout,err_gateway_timeout_504,,False,1
6320,789570,100744,timeout,err_timeout_408,,False,1
6321,789604,100749,servico_indisponivel,err_maintenance,,False,1
6322,789633,100753,timeout,err_timeout_408,,False,1
6323,789636,100753,timeout,err_gateway_timeout_504,92,True,1
6324,789901,100789,timeout,err_timeout_408,,False,1
6325,790088,100814,servico_indisponivel,err_maintenance,,False,1
6326,790239,100834,falha_autenticacao,err_credentials_invalid,16,True,1
6327,790360,100850,timeout,err_timeout_408,,False,1
6328,790443,100862,erro_interno,err_unexpected,130,True,1
6329,790511,100871,timeout,err_gateway_timeout_504,19,True,1
6330,790597,100884,falha_autenticacao,err_auth_401,19,True,1
6331,790876,100922,timeout,err_gateway_timeout_504,24,True,1
6332,790911,100927,erro_interno,err_internal_500,15,True,1
6333,790982,100938,falha_autenticacao,err_credentials_invalid,,False,1
6334,791079,100952,timeout,err_timeout_408,20,True,1
6335,791134,100960,falha_autenticacao,err_credentials_invalid,19,True,1
6336,791166,100965,timeout,err_timeout_408,,False,1
6337,791186,100967,servico_indisponivel,err_service_503,,False,1
6338,791251,100976,erro_interno,err_internal_500,,False,1
6339,791599,101026,timeout,err_timeout_408,20,True,1
6340,791696,101038,timeout,err_timeout_408,20,True,1
6341,792272,101115,timeout,err_gateway_timeout_504,23,True,1
6342,792308,101120,timeout,err_timeout_408,,False,1
6343,792394,101131,timeout,err_timeout_408,47,True,1
6344,792395,101131,timeout,err_gateway_timeout_504,70,True,2
6345,792761,101184,timeout,err_timeout_408,40,True,1
6346,792908,101206,falha_autenticacao,err_credentials_invalid,,False,1
6347,792919,101208,erro_interno,err_internal_500,,False,1
6348,793200,101250,timeout,err_timeout_408,,False,1
6349,793247,101256,timeout,err_timeout_408,,False,1
6350,793355,101272,timeout,err_timeout_408,59,True,1
6351,793411,101279,timeout,err_timeout_408,,False,1
6352,793456,101284,erro_interno,err_internal_500,148,True,1
6353,793490,101289,servico_indisponivel,err_service_503,,False,1
6354,794027,101361,timeout,err_timeout_408,,False,1
6355,794034,101362,erro_interno,err_unexpected,,False,1
6356,794063,101367,timeout,err_gateway_timeout_504,,False,1
6357,794345,101404,timeout,err_gateway_timeout_504,,False,1
6358,794528,101430,erro_interno,err_unexpected,,False,1
6359,794563,101435,erro_interno,err_unexpected,114,True,1
6360,794720,101455,falha_autenticacao,err_credentials_invalid,10,True,1
6361,794952,101484,timeout,err_timeout_408,,False,1
6362,795054,101497,servico_indisponivel,err_service_503,,False,1
6363,795179,101516,erro_interno,err_internal_500,,False,1
6364,795228,101523,falha_autenticacao,err_credentials_invalid,15,True,1
6365,795355,101541,timeout,err_gateway_timeout_504,,False,1
6366,795376,101543,erro_interno,err_internal_500,,False,1
6367,795466,101559,timeout,err_timeout_408,34,True,1
6368,795474,101559,erro_interno,err_internal_500,,False,1
6369,795521,101566,timeout,err_gateway_timeout_504,,False,1
6370,795529,101567,timeout,err_timeout_408,24,True,1
6371,795566,101571,timeout,err_timeout_408,23,True,1
6372,795625,101578,erro_interno,err_internal_500,,False,1
6373,795730,101592,timeout,err_timeout_408,,False,1
6374,795740,101594,erro_interno,err_unexpected,,False,1
6375,795758,101597,servico_indisponivel,err_service_503,,False,1
6376,795814,101606,falha_autenticacao,err_credentials_invalid,,False,1
6377,795833,101609,falha_autenticacao,err_credentials_invalid,,False,1
6378,796091,101645,timeout,err_gateway_timeout_504,,False,1
6379,796104,101646,servico_indisponivel,err_maintenance,,False,1
6380,796107,101646,erro_interno,err_internal_500,56,True,1
6381,796216,101662,falha_autenticacao,err_credentials_invalid,17,True,1
6382,796247,101664,timeout,err_gateway_timeout_504,44,True,1
6383,796292,101670,timeout,err_timeout_408,,False,1
6384,796409,101682,timeout,err_timeout_408,,False,1
6385,796514,101696,erro_interno,err_internal_500,,False,1
6386,796733,101723,erro_interno,err_unexpected,128,True,1
6387,796805,101732,timeout,err_gateway_timeout_504,16,True,1
6388,796808,101732,timeout,err_timeout_408,41,True,1
6389,797000,101761,timeout,err_timeout_408,,False,1
6390,797128,101781,erro_interno,err_unexpected,,False,1
6391,797224,101794,servico_indisponivel,err_maintenance,,False,1
6392,797263,101800,timeout,err_gateway_timeout_504,23,True,1
6393,797451,101826,erro_interno,err_unexpected,,False,1
6394,797492,101833,timeout,err_timeout_408,,False,1
6395,797512,101836,falha_autenticacao,err_credentials_invalid,40,True,1
6396,797522,101837,servico_indisponivel,err_maintenance,,False,1
6397,797848,101883,timeout,err_timeout_408,,False,1
6398,797918,101893,erro_interno,err_unexpected,65,True,1
6399,797959,101899,timeout,err_timeout_408,,False,1
6400,798003,101906,timeout,err_gateway_timeout_504,,False,1
6401,798107,101920,timeout,err_gateway_timeout_504,40,True,1
6402,798144,101924,timeout,err_timeout_408,,False,1
6403,798228,101936,conexao_interrompida,err_connection_lost,95,True,1
6404,798351,101954,timeout,err_timeout_408,,False,1
6405,798487,101974,timeout,err_timeout_408,21,True,1
6406,798599,101987,timeout,err_gateway_timeout_504,,False,1
6407,798605,101988,falha_autenticacao,err_credentials_invalid,,False,1
6408,798696,102001,timeout,err_gateway_timeout_504,,False,1
6409,798801,102015,falha_autenticacao,err_credentials_invalid,38,True,1
6410,798802,102015,falha_autenticacao,err_auth_401,37,True,2
6411,798943,102035,timeout,err_gateway_timeout_504,,False,1
6412,799175,102065,erro_interno,err_internal_500,,False,1
6413,799283,102079,timeout,err_gateway_timeout_504,14,True,1
6414,799526,102113,falha_autenticacao,err_auth_401,42,True,1
6415,799706,102136,erro_interno,err_unexpected,,False,1
6416,799716,102138,falha_autenticacao,err_credentials_invalid,,False,1
6417,799856,102158,timeout,err_gateway_timeout_504,,False,1
6418,799914,102167,falha_autenticacao,err_credentials_invalid,50,True,1
6419,800125,102195,timeout,err_timeout_408,,False,1
6420,800140,102198,timeout,err_timeout_408,26,True,1
6421,800205,102204,erro_interno,err_unexpected,,False,1
6422,800312,102218,timeout,err_gateway_timeout_504,,False,1
6423,800339,102222,erro_interno,err_unexpected,,False,1
6424,800479,102242,timeout,err_gateway_timeout_504,,False,1
6425,800637,102262,falha_autenticacao,err_credentials_invalid,,False,1
6426,800692,102271,servico_indisponivel,err_service_503,,False,1
6427,800780,102282,erro_interno,err_unexpected,19,True,1
6428,800801,102285,timeout,err_timeout_408,,False,1
6429,800802,102285,falha_autenticacao,err_auth_401,39,True,2
6430,800911,102301,conexao_interrompida,err_connection_lost,84,True,1
6431,801096,102325,timeout,err_timeout_408,58,True,1
6432,801102,102326,timeout,err_gateway_timeout_504,,False,1
6433,801152,102333,timeout,err_timeout_408,50,True,1
6434,801326,102356,falha_autenticacao,err_auth_401,,False,1
6435,801463,102375,timeout,err_gateway_timeout_504,,False,1
6436,801517,102382,erro_interno,err_internal_500,66,True,1
6437,801587,102391,timeout,err_timeout_408,,False,1
6438,801743,102413,falha_autenticacao,err_auth_401,,False,1
6439,801844,102427,servico_indisponivel,err_maintenance,,False,1
6440,801901,102435,timeout,err_timeout_408,,False,1
6441,801978,102447,timeout,err_timeout_408,18,True,1
6442,802001,102449,erro_interno,err_unexpected,,False,1
6443,802079,102463,servico_indisponivel,err_service_503,,False,1
6444,802332,102499,timeout,err_timeout_408,,False,1
6445,802399,102509,timeout,err_gateway_timeout_504,21,True,1
6446,802404,102509,timeout,err_gateway_timeout_504,,False,1
6447,802483,102522,timeout,err_timeout_408,81,True,1
6448,802524,102528,timeout,err_gateway_timeout_504,,False,1
6449,802525,102529,falha_autenticacao,err_auth_401,,False,1
6450,802613,102539,timeout,err_timeout_408,17,True,1
6451,802647,102544,conexao_interrompida,err_connection_lost,,False,1
6452,802840,102572,timeout,err_timeout_408,,False,1
6453,802873,102577,erro_interno,err_unexpected,69,True,1
6454,803003,102596,falha_autenticacao,err_credentials_invalid,,False,1
6455,803052,102605,timeout,err_gateway_timeout_504,,False,1
6456,803388,102651,erro_interno,err_internal_500,,False,1
6457,803463,102662,falha_autenticacao,err_auth_401,,False,1
6458,803799,102705,timeout,err_gateway_timeout_504,24,True,1
6459,803919,102722,timeout,err_gateway_timeout_504,,False,1
6460,803945,102726,erro_interno,err_unexpected,54,True,1
6461,803981,102730,erro_interno,err_internal_500,10,True,1
6462,804056,102739,erro_interno,err_unexpected,,False,1
6463,804072,102741,timeout,err_gateway_timeout_504,63,True,1
6464,804107,102745,erro_interno,err_unexpected,32,True,1
6465,804123,102748,falha_autenticacao,err_auth_401,,False,1
6466,804224,102763,erro_interno,err_internal_500,106,True,1
6467,804546,102806,falha_autenticacao,err_credentials_invalid,,False,1
6468,804649,102821,servico_indisponivel,err_maintenance,,False,1
6469,804701,102826,erro_interno,err_unexpected,63,True,1
6470,805065,102877,timeout,err_gateway_timeout_504,99,True,1
6471,805163,102890,conexao_interrompida,err_network_unreachable,49,True,1
6472,805466,102930,timeout,err_timeout_408,,False,1
6473,805490,102934,falha_autenticacao,err_auth_401,15,True,1
6474,805621,102952,servico_indisponivel,err_maintenance,,False,1
6475,805790,102977,servico_indisponivel,err_service_503,,False,1
6476,805997,103006,timeout,err_gateway_timeout_504,50,True,1
6477,806024,103010,timeout,err_timeout_408,,False,1
6478,806058,103016,falha_autenticacao,err_auth_401,,False,1
6479,806163,103031,timeout,err_gateway_timeout_504,15,True,1
6480,806225,103039,erro_interno,err_internal_500,,False,1
6481,806292,103048,timeout,err_timeout_408,,False,1
6482,806342,103054,timeout,err_timeout_408,44,True,1
6483,806346,103055,timeout,err_gateway_timeout_504,,False,1
6484,806373,103059,erro_interno,err_unexpected,42,True,1
6485,806424,103067,erro_interno,err_internal_500,81,True,1
6486,806610,103091,erro_interno,err_unexpected,,False,1
6487,807130,103163,erro_interno,err_internal_500,,False,1
6488,807180,103169,erro_interno,err_unexpected,,False,1
6489,807226,103177,timeout,err_timeout_408,,False,1
6490,807231,103178,timeout,err_gateway_timeout_504,62,True,1
6491,807251,103181,timeout,err_gateway_timeout_504,,False,1
6492,807273,103185,timeout,err_gateway_timeout_504,,False,1
6493,807351,103196,timeout,err_gateway_timeout_504,39,True,1
6494,807354,103196,timeout,err_gateway_timeout_504,85,True,1
6495,807441,103206,timeout,err_gateway_timeout_504,,False,1
6496,807494,103212,timeout,err_timeout_408,,False,1
6497,807672,103238,falha_autenticacao,err_auth_401,,False,1
6498,807805,103256,timeout,err_timeout_408,24,True,1
6499,807806,103256,falha_autenticacao,err_auth_401,25,True,2
6500,807916,103268,erro_interno,err_internal_500,14,True,1
6501,807931,103270,erro_interno,err_internal_500,11,True,1
6502,807950,103273,falha_autenticacao,err_auth_401,,False,1
6503,807997,103280,falha_autenticacao,err_auth_401,35,True,1
6504,808212,103310,servico_indisponivel,err_maintenance,14,True,1
6505,808301,103324,timeout,err_gateway_timeout_504,,False,1
6506,808355,103332,falha_autenticacao,err_credentials_invalid,,False,1
6507,808381,103335,timeout,err_gateway_timeout_504,65,True,1
6508,808508,103350,erro_interno,err_internal_500,22,True,1
6509,808654,103370,timeout,err_timeout_408,24,True,1
6510,808740,103381,erro_interno,err_internal_500,,False,1
6511,808818,103393,falha_autenticacao,err_auth_401,,False,1
6512,808927,103408,conexao_interrompida,err_connection_lost,,False,1
6513,809124,103438,falha_autenticacao,err_credentials_invalid,,False,1
6514,809281,103461,timeout,err_timeout_408,,False,1
6515,809303,103464,timeout,err_gateway_timeout_504,129,True,1
6516,809337,103469,falha_autenticacao,err_auth_401,26,True,1
6517,809633,103508,erro_interno,err_internal_500,63,True,1
6518,809708,103520,timeout,err_timeout_408,,False,1
6519,809827,103537,servico_indisponivel,err_maintenance,,False,1
6520,809893,103547,timeout,err_timeout_408,,False,1
6521,809919,103551,falha_autenticacao,err_credentials_invalid,17,True,1
6522,810000,103561,erro_interno,err_internal_500,,False,1
6523,810170,103583,falha_autenticacao,err_auth_401,,False,1
6524,810349,103610,erro_interno,err_unexpected,,False,1
6525,810557,103637,timeout,err_gateway_timeout_504,,False,1
6526,810619,103646,timeout,err_timeout_408,18,True,1
6527,810650,103650,erro_interno,err_internal_500,,False,1
6528,810741,103663,timeout,err_timeout_408,,False,1
6529,810890,103685,erro_interno,err_unexpected,86,True,1
6530,810976,103698,falha_autenticacao,err_auth_401,32,True,1
6531,810977,103698,falha_autenticacao,err_auth_401,36,True,2
6532,810978,103698,falha_autenticacao,err_credentials_invalid,,False,3
6533,811014,103704,timeout,err_timeout_408,98,True,1
6534,811138,103721,timeout,err_timeout_408,75,True,1
6535,811190,103728,timeout,err_gateway_timeout_504,,False,1
6536,811369,103753,timeout,err_timeout_408,,False,1
6537,811410,103759,falha_autenticacao,err_credentials_invalid,,False,1
6538,811440,103762,timeout,err_gateway_timeout_504,32,True,1
6539,811574,103779,erro_interno,err_internal_500,28,True,1
6540,811662,103792,timeout,err_gateway_timeout_504,,False,1
6541,811795,103812,timeout,err_timeout_408,57,True,1
6542,811864,103822,erro_interno,err_unexpected,,False,1
6543,811976,103837,timeout,err_gateway_timeout_504,,False,1
6544,811997,103840,falha_autenticacao,err_auth_401,37,True,1
6545,812096,103854,timeout,err_gateway_timeout_504,,False,1
6546,812263,103880,timeout,err_timeout_408,24,True,1
6547,812607,103923,erro_interno,err_unexpected,,False,1
6548,812651,103931,timeout,err_timeout_408,26,True,1
6549,812746,103943,timeout,err_timeout_408,74,True,1
6550,812990,103980,falha_autenticacao,err_credentials_invalid,32,True,1
6551,813046,103987,servico_indisponivel,err_maintenance,,False,1
6552,813202,104009,falha_autenticacao,err_credentials_invalid,,False,1
6553,813298,104026,erro_interno,err_internal_500,,False,1
6554,813403,104040,timeout,err_gateway_timeout_504,,False,1
6555,813426,104043,timeout,err_gateway_timeout_504,24,True,1
6556,813509,104055,timeout,err_timeout_408,38,True,1
6557,813546,104060,erro_interno,err_unexpected,11,True,1
6558,813691,104079,timeout,err_timeout_408,39,True,1
6559,813764,104089,timeout,err_timeout_408,,False,1
6560,813835,104099,erro_interno,err_internal_500,,False,1
6561,813901,104106,timeout,err_timeout_408,87,True,1
6562,813922,104108,timeout,err_timeout_408,,False,1
6563,814249,104154,timeout,err_gateway_timeout_504,,False,1
6564,814259,104155,conexao_interrompida,err_connection_lost,69,True,1
6565,814276,104157,timeout,err_timeout_408,,False,1
6566,814277,104157,timeout,err_timeout_408,29,True,2
6567,814319,104162,servico_indisponivel,err_service_503,,False,1
6568,814328,104163,timeout,err_timeout_408,67,True,1
6569,814343,104165,timeout,err_gateway_timeout_504,,False,1
6570,814524,104188,timeout,err_timeout_408,102,True,1
6571,814539,104190,timeout,err_timeout_408,,False,1
6572,814631,104204,erro_interno,err_unexpected,60,True,1
6573,814716,104218,timeout,err_gateway_timeout_504,40,True,1
6574,814840,104235,timeout,err_timeout_408,9,True,1
6575,814891,104241,timeout,err_timeout_408,,False,1
6576,814955,104249,falha_autenticacao,err_auth_401,35,True,1
6577,814987,104254,timeout,err_timeout_408,,False,1
6578,814990,104254,erro_interno,err_internal_500,59,True,1
6579,815110,104271,timeout,err_gateway_timeout_504,,False,1
6580,815445,104320,timeout,err_gateway_timeout_504,38,True,1
6581,815478,104324,timeout,err_gateway_timeout_504,39,True,1
6582,815522,104329,timeout,err_gateway_timeout_504,74,True,1
6583,815523,104329,erro_interno,err_unexpected,,False,2
6584,815631,104345,falha_autenticacao,err_auth_401,31,True,1
6585,815716,104359,timeout,err_timeout_408,27,True,1
6586,815717,104359,falha_autenticacao,err_credentials_invalid,22,True,2
6587,815785,104368,servico_indisponivel,err_service_503,50,True,1
6588,815986,104396,falha_autenticacao,err_credentials_invalid,,False,1
6589,816150,104420,falha_autenticacao,err_credentials_invalid,28,True,1
6590,816255,104434,falha_autenticacao,err_auth_401,33,True,1
6591,816283,104437,timeout,err_gateway_timeout_504,,False,1
6592,816343,104444,erro_interno,err_internal_500,147,True,1
6593,816392,104450,timeout,err_gateway_timeout_504,20,True,1
6594,816458,104457,timeout,err_timeout_408,,False,1
6595,816615,104478,erro_interno,err_unexpected,,False,1
6596,816681,104488,timeout,err_gateway_timeout_504,158,True,1
6597,816886,104516,timeout,err_timeout_408,,False,1
6598,816892,104517,servico_indisponivel,err_maintenance,16,True,1
6599,817226,104564,timeout,err_timeout_408,42,True,1
6600,817286,104573,conexao_interrompida,err_network_unreachable,107,True,1
6601,817299,104575,falha_autenticacao,err_credentials_invalid,25,True,1
6602,817672,104629,timeout,err_gateway_timeout_504,18,True,1
6603,817725,104637,timeout,err_timeout_408,,False,1
6604,818454,104744,timeout,err_timeout_408,110,True,1
6605,818753,104786,timeout,err_timeout_408,,False,1
6606,818763,104788,servico_indisponivel,err_maintenance,,False,1
6607,818878,104805,timeout,err_timeout_408,23,True,1
6608,818966,104816,falha_autenticacao,err_auth_401,,False,1
6609,819030,104826,falha_autenticacao,err_credentials_invalid,14,True,1
6610,819036,104827,falha_autenticacao,err_auth_401,,False,1
6611,819096,104837,falha_autenticacao,err_credentials_invalid,,False,1
6612,819214,104855,servico_indisponivel,err_maintenance,,False,1
6613,819352,104874,timeout,err_timeout_408,20,True,1
6614,819616,104909,timeout,err_timeout_408,,False,1
6615,819620,104910,erro_interno,err_internal_500,,False,1
6616,819895,104950,erro_interno,err_internal_500,,False,1
6617,819931,104956,timeout,err_timeout_408,15,True,1
6618,819988,104964,timeout,err_timeout_408,27,True,1
6619,820048,104971,conexao_interrompida,err_network_unreachable,,False,1
6620,820199,104992,timeout,err_gateway_timeout_504,27,True,1
6621,820318,105009,erro_interno,err_unexpected,,False,1
6622,820386,105020,timeout,err_timeout_408,,False,1
6623,820409,105023,falha_autenticacao,err_credentials_invalid,16,True,1
6624,820410,105023,timeout,err_timeout_408,,False,2
6625,820451,105029,conexao_interrompida,err_connection_lost,56,True,1
6626,820551,105044,falha_autenticacao,err_credentials_invalid,15,True,1
6627,820627,105055,falha_autenticacao,err_credentials_invalid,39,True,1
6628,820667,105060,timeout,err_timeout_408,,False,1
6629,820769,105074,timeout,err_timeout_408,41,True,1
6630,821052,105112,timeout,err_gateway_timeout_504,27,True,1
6631,821091,105118,falha_autenticacao,err_auth_401,30,True,1
6632,821104,105120,falha_autenticacao,err_auth_401,,False,1
6633,821444,105172,timeout,err_timeout_408,,False,1
6634,821538,105184,timeout,err_gateway_timeout_504,,False,1
6635,821539,105184,timeout,err_gateway_timeout_504,29,True,2
6636,821667,105203,timeout,err_gateway_timeout_504,,False,1
6637,821818,105222,timeout,err_timeout_408,,False,1
6638,821846,105225,erro_interno,err_unexpected,14,True,1
6639,821863,105228,erro_interno,err_internal_500,,False,1
6640,821917,105235,timeout,err_timeout_408,,False,1
6641,822059,105257,falha_autenticacao,err_credentials_invalid,59,True,1
6642,822155,105268,erro_interno,err_unexpected,,False,1
6643,822331,105289,erro_interno,err_unexpected,40,True,1
6644,822419,105300,timeout,err_timeout_408,,False,1
6645,822429,105302,timeout,err_gateway_timeout_504,30,True,1
6646,822693,105341,falha_autenticacao,err_credentials_invalid,31,True,1
6647,822935,105378,timeout,err_timeout_408,,False,1
6648,823129,105404,falha_autenticacao,err_auth_401,,False,1
6649,823269,105422,timeout,err_timeout_408,31,True,1
6650,823463,105445,timeout,err_timeout_408,86,True,1
6651,823523,105454,servico_indisponivel,err_service_503,,False,1
6652,823602,105464,timeout,err_gateway_timeout_504,33,True,1
6653,823677,105474,falha_autenticacao,err_credentials_invalid,22,True,1
6654,823786,105486,timeout,err_gateway_timeout_504,35,True,1
6655,823797,105488,falha_autenticacao,err_credentials_invalid,,False,1
6656,823926,105509,timeout,err_timeout_408,,False,1
6657,824032,105525,falha_autenticacao,err_credentials_invalid,,False,1
6658,824093,105534,erro_interno,err_unexpected,,False,1
6659,824213,105550,erro_interno,err_internal_500,40,True,1
6660,824430,105581,erro_interno,err_internal_500,,False,1
6661,824435,105582,timeout,err_gateway_timeout_504,,False,1
6662,824518,105595,timeout,err_gateway_timeout_504,,False,1
6663,824536,105598,timeout,err_timeout_408,17,True,1
6664,824666,105619,timeout,err_timeout_408,19,True,1
6665,824753,105631,timeout,err_timeout_408,104,True,1
6666,824786,105635,erro_interno,err_internal_500,,False,1
6667,824798,105636,timeout,err_timeout_408,,False,1
6668,824956,105659,timeout,err_gateway_timeout_504,69,True,1
6669,825218,105696,timeout,err_timeout_408,,False,1
6670,825264,105702,falha_autenticacao,err_auth_401,34,True,1
6671,825393,105720,falha_autenticacao,err_auth_401,19,True,1
6672,825401,105721,falha_autenticacao,err_auth_401,16,True,1
6673,825423,105724,erro_interno,err_internal_500,35,True,1
6674,825534,105740,erro_interno,err_unexpected,45,True,1
6675,825784,105777,falha_autenticacao,err_credentials_invalid,28,True,1
6676,825795,105779,timeout,err_gateway_timeout_504,,False,1
6677,825821,105782,falha_autenticacao,err_credentials_invalid,13,True,1
6678,825824,105782,erro_interno,err_internal_500,22,True,1
6679,825841,105784,timeout,err_timeout_408,89,True,1
6680,825844,105784,timeout,err_timeout_408,41,True,1
6681,825984,105803,erro_interno,err_internal_500,55,True,1
6682,825991,105803,timeout,err_gateway_timeout_504,,False,1
6683,826012,105806,timeout,err_timeout_408,,False,1
6684,826226,105833,erro_interno,err_internal_500,,False,1
6685,826249,105837,falha_autenticacao,err_auth_401,24,True,1
6686,826433,105860,erro_interno,err_unexpected,49,True,1
6687,826721,105899,timeout,err_gateway_timeout_504,,False,1
6688,826938,105928,timeout,err_gateway_timeout_504,,False,1
6689,827006,105939,timeout,err_timeout_408,18,True,1
6690,827108,105953,erro_interno,err_internal_500,8,True,1
6691,827115,105954,timeout,err_gateway_timeout_504,,False,1
6692,827733,106038,erro_interno,err_internal_500,,False,1
6693,827819,106051,timeout,err_gateway_timeout_504,,False,1
6694,828010,106077,erro_interno,err_internal_500,,False,1
6695,828154,106094,timeout,err_timeout_408,169,True,1
6696,828284,106111,servico_indisponivel,err_maintenance,,False,1
6697,828288,106112,falha_autenticacao,err_auth_401,23,True,1
6698,828380,106125,timeout,err_gateway_timeout_504,42,True,1
6699,828480,106140,timeout,err_timeout_408,,False,1
6700,828584,106156,falha_autenticacao,err_credentials_invalid,,False,1
6701,828669,106171,timeout,err_gateway_timeout_504,,False,1
6702,828672,106172,erro_interno,err_internal_500,,False,1
6703,828812,106192,timeout,err_gateway_timeout_504,,False,1
6704,828983,106215,falha_autenticacao,err_credentials_invalid,,False,1
6705,829152,106238,erro_interno,err_internal_500,53,True,1
6706,829168,106239,erro_interno,err_internal_500,142,True,1
6707,829254,106252,servico_indisponivel,err_maintenance,,False,1
6708,829398,106272,erro_interno,err_unexpected,,False,1
6709,829575,106293,timeout,err_timeout_408,90,True,1
6710,829622,106299,timeout,err_gateway_timeout_504,,False,1
6711,829625,106300,timeout,err_timeout_408,,False,1
6712,829776,106323,timeout,err_timeout_408,,False,1
6713,829916,106341,timeout,err_timeout_408,34,True,1
6714,829984,106350,timeout,err_gateway_timeout_504,67,True,1
6715,830091,106364,erro_interno,err_internal_500,38,True,1
6716,830294,106392,timeout,err_gateway_timeout_504,,False,1
6717,830295,106393,timeout,err_gateway_timeout_504,24,True,1
6718,830303,106394,timeout,err_timeout_408,,False,1
6719,830410,106408,falha_autenticacao,err_auth_401,20,True,1
6720,830434,106411,servico_indisponivel,err_service_503,,False,1
6721,830435,106411,timeout,err_timeout_408,96,True,2
6722,830446,106413,timeout,err_timeout_408,15,True,1
6723,830458,106414,timeout,err_gateway_timeout_504,97,True,1
6724,830466,106415,timeout,err_gateway_timeout_504,,False,1
6725,830523,106421,timeout,err_gateway_timeout_504,26,True,1
6726,830810,106459,timeout,err_gateway_timeout_504,20,True,1
6727,830830,106462,timeout,err_timeout_408,35,True,1
6728,830991,106484,timeout,err_gateway_timeout_504,,False,1
6729,831067,106497,falha_autenticacao,err_credentials_invalid,,False,1
6730,831112,106503,timeout,err_gateway_timeout_504,17,True,1
6731,831304,106532,timeout,err_timeout_408,,False,1
6732,831309,106532,timeout,err_gateway_timeout_504,,False,1
6733,831336,106535,timeout,err_gateway_timeout_504,,False,1
6734,831344,106537,falha_autenticacao,err_auth_401,22,True,1
6735,831407,106545,timeout,err_timeout_408,21,True,1
6736,831432,106549,timeout,err_timeout_408,,False,1
6737,831628,106577,timeout,err_timeout_408,30,True,1
6738,831644,106580,timeout,err_gateway_timeout_504,,False,1
6739,831735,106594,falha_autenticacao,err_credentials_invalid,,False,1
6740,831745,106596,timeout,err_timeout_408,,False,1
6741,831886,106617,timeout,err_timeout_408,,False,1
6742,831924,106623,erro_interno,err_internal_500,56,True,1
6743,832039,106637,erro_interno,err_internal_500,,False,1
6744,832044,106638,falha_autenticacao,err_auth_401,18,True,1
6745,832045,106638,timeout,err_timeout_408,,False,2
6746,832074,106642,falha_autenticacao,err_auth_401,32,True,1
6747,832082,106643,timeout,err_timeout_408,,False,1
6748,832142,106653,timeout,err_gateway_timeout_504,,False,1
6749,832219,106663,timeout,err_timeout_408,54,True,1
6750,832252,106669,timeout,err_timeout_408,,False,1
6751,832403,106691,falha_autenticacao,err_credentials_invalid,15,True,1
6752,832518,106707,erro_interno,err_internal_500,32,True,1
6753,832709,106737,timeout,err_timeout_408,87,True,1
6754,832957,106771,erro_interno,err_unexpected,10,True,1
6755,832970,106771,erro_interno,err_unexpected,17,True,1
6756,833029,106780,conexao_interrompida,err_network_unreachable,508,True,1
6757,833035,106781,timeout,err_timeout_408,26,True,1
6758,833105,106790,timeout,err_gateway_timeout_504,34,True,1
6759,833170,106798,timeout,err_timeout_408,,False,1
6760,833231,106806,falha_autenticacao,err_auth_401,41,True,1
6761,833290,106816,falha_autenticacao,err_auth_401,15,True,1
6762,833291,106816,timeout,err_timeout_408,18,True,2
6763,833383,106829,timeout,err_gateway_timeout_504,25,True,1
6764,833611,106856,servico_indisponivel,err_service_503,,False,1
6765,833710,106871,timeout,err_timeout_408,29,True,1
6766,833731,106873,timeout,err_timeout_408,,False,1
6767,833744,106875,falha_autenticacao,err_credentials_invalid,22,True,1
6768,833850,106890,falha_autenticacao,err_credentials_invalid,,False,1
6769,833970,106908,timeout,err_gateway_timeout_504,22,True,1
6770,834282,106947,erro_interno,err_internal_500,,False,1
6771,834288,106948,timeout,err_timeout_408,,False,1
6772,834309,106950,erro_interno,err_unexpected,76,True,1
6773,834341,106955,timeout,err_gateway_timeout_504,92,True,1
6774,834385,106960,timeout,err_timeout_408,,False,1
6775,834396,106962,timeout,err_gateway_timeout_504,17,True,1
6776,834493,106976,falha_autenticacao,err_auth_401,16,True,1
6777,834627,106993,erro_interno,err_internal_500,,False,1
6778,834632,106993,timeout,err_gateway_timeout_504,,False,1
6779,834726,107007,timeout,err_timeout_408,,False,1
6780,834862,107028,timeout,err_timeout_408,40,True,1
6781,834886,107031,erro_interno,err_unexpected,,False,1
6782,834893,107032,servico_indisponivel,err_maintenance,,False,1
6783,834907,107033,erro_interno,err_internal_500,,False,1
6784,834931,107036,erro_interno,err_internal_500,15,True,1
6785,835067,107054,timeout,err_timeout_408,16,True,1
6786,835109,107059,servico_indisponivel,err_maintenance,,False,1
6787,835120,107062,timeout,err_timeout_408,28,True,1
6788,835123,107062,erro_interno,err_unexpected,38,True,1
6789,835128,107062,servico_indisponivel,err_service_503,,False,1
6790,835184,107070,timeout,err_gateway_timeout_504,,False,1
6791,835302,107086,erro_interno,err_internal_500,63,True,1
6792,835340,107091,falha_autenticacao,err_credentials_invalid,24,True,1
6793,835414,107100,timeout,err_gateway_timeout_504,,False,1
6794,835586,107119,erro_interno,err_internal_500,67,True,1
6795,835671,107131,timeout,err_gateway_timeout_504,31,True,1
6796,835745,107140,timeout,err_timeout_408,,False,1
6797,836193,107202,timeout,err_gateway_timeout_504,,False,1
6798,836408,107228,timeout,err_gateway_timeout_504,47,True,1
6799,836441,107232,servico_indisponivel,err_service_503,,False,1
6800,836529,107243,timeout,err_gateway_timeout_504,,False,1
6801,836729,107274,timeout,err_gateway_timeout_504,,False,1
6802,836799,107285,erro_interno,err_internal_500,,False,1
6803,836866,107295,erro_interno,err_internal_500,,False,1
6804,836946,107307,erro_interno,err_internal_500,,False,1
6805,836956,107308,servico_indisponivel,err_service_503,,False,1
6806,837112,107327,timeout,err_gateway_timeout_504,71,True,1
6807,837202,107338,timeout,err_gateway_timeout_504,61,True,1
6808,837267,107346,erro_interno,err_internal_500,109,True,1
6809,837633,107395,timeout,err_gateway_timeout_504,32,True,1
6810,837634,107395,servico_indisponivel,err_service_503,,False,2
6811,837845,107425,timeout,err_timeout_408,,False,1
6812,838005,107451,timeout,err_timeout_408,14,True,1
6813,838016,107453,falha_autenticacao,err_credentials_invalid,,False,1
6814,838023,107454,timeout,err_timeout_408,76,True,1
6815,838036,107456,falha_autenticacao,err_auth_401,,False,1
6816,838041,107457,erro_interno,err_internal_500,58,True,1
6817,838087,107464,erro_interno,err_unexpected,45,True,1
6818,838088,107464,timeout,err_timeout_408,51,True,2
6819,838093,107464,erro_interno,err_internal_500,76,True,1
6820,838094,107464,timeout,err_gateway_timeout_504,,False,2
6821,838196,107479,timeout,err_gateway_timeout_504,,False,1
6822,839011,107595,falha_autenticacao,err_auth_401,,False,1
6823,839179,107620,timeout,err_gateway_timeout_504,15,True,1
6824,839304,107636,timeout,err_gateway_timeout_504,,False,1
6825,839520,107668,falha_autenticacao,err_auth_401,18,True,1
6826,839576,107675,timeout,err_gateway_timeout_504,66,True,1
6827,839580,107676,timeout,err_gateway_timeout_504,,False,1
6828,839620,107682,timeout,err_timeout_408,85,True,1
6829,839835,107712,erro_interno,err_unexpected,,False,1
6830,839888,107720,timeout,err_timeout_408,,False,1
6831,839896,107721,timeout,err_timeout_408,,False,1
6832,840477,107795,timeout,err_timeout_408,21,True,1
6833,840527,107802,timeout,err_timeout_408,,False,1
6834,840528,107802,timeout,err_timeout_408,,False,2
6835,840641,107817,timeout,err_gateway_timeout_504,,False,1
6836,840654,107819,erro_interno,err_unexpected,,False,1
6837,840655,107819,erro_interno,err_internal_500,,False,2
6838,840702,107827,falha_autenticacao,err_credentials_invalid,,False,1
6839,840781,107838,timeout,err_gateway_timeout_504,77,True,1
6840,840891,107855,erro_interno,err_unexpected,,False,1
6841,840987,107866,timeout,err_timeout_408,46,True,1
6842,841002,107868,erro_interno,err_unexpected,32,True,1
6843,841280,107905,servico_indisponivel,err_service_503,,False,1
6844,841428,107924,timeout,err_timeout_408,,False,1
6845,841524,107939,timeout,err_timeout_408,,False,1
6846,841644,107957,timeout,err_timeout_408,,False,1
6847,841751,107971,erro_interno,err_internal_500,56,True,1
6848,841967,107998,falha_autenticacao,err_auth_401,20,True,1
6849,841968,107998,timeout,err_timeout_408,48,True,2
6850,842174,108027,falha_autenticacao,err_auth_401,25,True,1
6851,842377,108057,timeout,err_timeout_408,43,True,1
6852,842384,108057,erro_interno,err_unexpected,29,True,1
6853,842462,108068,falha_autenticacao,err_auth_401,13,True,1
6854,842575,108084,erro_interno,err_unexpected,,False,1
6855,842656,108094,erro_interno,err_unexpected,,False,1
6856,842752,108109,timeout,err_timeout_408,,False,1
6857,842926,108130,erro_interno,err_internal_500,,False,1
6858,843065,108150,falha_autenticacao,err_credentials_invalid,,False,1
6859,843222,108172,timeout,err_gateway_timeout_504,,False,1
6860,843246,108175,falha_autenticacao,err_credentials_invalid,,False,1
6861,843277,108180,timeout,err_gateway_timeout_504,86,True,1
6862,843550,108218,timeout,err_timeout_408,,False,1
6863,843575,108223,timeout,err_gateway_timeout_504,24,True,1
6864,843576,108223,timeout,err_timeout_408,,False,2
6865,843601,108227,timeout,err_gateway_timeout_504,13,True,1
6866,843683,108236,timeout,err_timeout_408,55,True,1
6867,843686,108236,timeout,err_gateway_timeout_504,,False,1
6868,843750,108243,conexao_interrompida,err_connection_lost,,False,1
6869,843756,108244,timeout,err_gateway_timeout_504,16,True,1
6870,843766,108245,timeout,err_timeout_408,38,True,1
6871,843849,108255,timeout,err_timeout_408,,False,1
6872,843968,108272,falha_autenticacao,err_auth_401,20,True,1
6873,843974,108273,timeout,err_gateway_timeout_504,,False,1
6874,844007,108277,timeout,err_gateway_timeout_504,,False,1
6875,844037,108281,falha_autenticacao,err_credentials_invalid,13,True,1
6876,844121,108292,timeout,err_timeout_408,29,True,1
6877,844122,108292,timeout,err_timeout_408,,False,2
6878,844176,108300,timeout,err_gateway_timeout_504,,False,1
6879,844282,108316,falha_autenticacao,err_credentials_invalid,,False,1
6880,844291,108317,erro_interno,err_internal_500,45,True,1
6881,844415,108334,erro_interno,err_unexpected,,False,1
6882,844424,108335,servico_indisponivel,err_service_503,,False,1
6883,844619,108360,timeout,err_timeout_408,,False,1
6884,844637,108362,erro_interno,err_unexpected,,False,1
6885,844730,108374,timeout,err_timeout_408,,False,1
6886,844974,108407,timeout,err_gateway_timeout_504,49,True,1
6887,844990,108410,timeout,err_gateway_timeout_504,14,True,1
6888,845004,108411,erro_interno,err_internal_500,57,True,1
6889,845103,108425,timeout,err_gateway_timeout_504,22,True,1
6890,845171,108434,falha_autenticacao,err_credentials_invalid,,False,1
6891,845269,108448,timeout,err_timeout_408,41,True,1
6892,845574,108486,falha_autenticacao,err_credentials_invalid,,False,1
6893,845678,108500,timeout,err_timeout_408,31,True,1
6894,845854,108525,timeout,err_timeout_408,62,True,1
6895,845968,108542,timeout,err_timeout_408,41,True,1
6896,846004,108546,erro_interno,err_unexpected,,False,1
6897,846253,108582,timeout,err_timeout_408,33,True,1
6898,846269,108585,servico_indisponivel,err_service_503,,False,1
6899,846279,108587,erro_interno,err_unexpected,53,True,1
6900,846381,108602,falha_autenticacao,err_auth_401,,False,1
6901,846634,108635,falha_autenticacao,err_credentials_invalid,19,True,1
6902,846774,108656,timeout,err_timeout_408,89,True,1
6903,846793,108658,timeout,err_gateway_timeout_504,41,True,1
6904,846870,108671,erro_interno,err_unexpected,,False,1
6905,847154,108710,servico_indisponivel,err_service_503,,False,1
6906,847179,108714,erro_interno,err_unexpected,19,True,1
6907,847509,108760,servico_indisponivel,err_maintenance,,False,1
6908,847607,108776,timeout,err_timeout_408,,False,1
6909,847723,108794,falha_autenticacao,err_credentials_invalid,35,True,1
6910,847771,108801,timeout,err_timeout_408,,False,1
6911,847794,108805,timeout,err_gateway_timeout_504,23,True,1
6912,847800,108806,falha_autenticacao,err_auth_401,17,True,1
6913,847828,108811,timeout,err_timeout_408,,False,1
6914,847850,108814,timeout,err_gateway_timeout_504,,False,1
6915,847980,108833,conexao_interrompida,err_network_unreachable,,False,1
6916,848134,108858,timeout,err_gateway_timeout_504,,False,1
6917,848402,108894,falha_autenticacao,err_credentials_invalid,22,True,1
6918,848431,108898,servico_indisponivel,err_service_503,,False,1
6919,848529,108913,servico_indisponivel,err_maintenance,,False,1
6920,848903,108961,erro_interno,err_unexpected,13,True,1
6921,849067,108983,erro_interno,err_unexpected,,False,1
6922,849176,108999,timeout,err_gateway_timeout_504,,False,1
6923,849218,109005,servico_indisponivel,err_service_503,,False,1
6924,849225,109005,timeout,err_timeout_408,45,True,1
6925,849234,109007,timeout,err_timeout_408,19,True,1
6926,849251,109009,timeout,err_gateway_timeout_504,20,True,1
6927,849293,109016,erro_interno,err_unexpected,,False,1
6928,849297,109017,timeout,err_timeout_408,18,True,1
6929,849356,109025,timeout,err_gateway_timeout_504,,False,1
6930,849459,109038,timeout,err_gateway_timeout_504,28,True,1
6931,849465,109038,erro_interno,err_unexpected,,False,1
6932,849619,109059,timeout,err_gateway_timeout_504,,False,1
6933,849708,109071,erro_interno,err_internal_500,,False,1
6934,849788,109081,erro_interno,err_unexpected,59,True,1
6935,849841,109089,erro_interno,err_internal_500,,False,1
6936,850005,109112,falha_autenticacao,err_credentials_invalid,15,True,1
6937,850059,109119,servico_indisponivel,err_maintenance,31,True,1
6938,850114,109125,timeout,err_timeout_408,,False,1
6939,850378,109161,falha_autenticacao,err_auth_401,30,True,1
6940,850532,109184,timeout,err_timeout_408,,False,1
6941,850587,109190,timeout,err_timeout_408,47,True,1
6942,850590,109190,erro_interno,err_unexpected,,False,1
6943,850933,109240,erro_interno,err_internal_500,,False,1
6944,850951,109243,timeout,err_gateway_timeout_504,,False,1
6945,851041,109256,timeout,err_timeout_408,,False,1
6946,851155,109273,erro_interno,err_internal_500,,False,1
6947,851188,109278,timeout,err_gateway_timeout_504,37,True,1
6948,851254,109287,falha_autenticacao,err_auth_401,,False,1
6949,851410,109307,timeout,err_gateway_timeout_504,,False,1
6950,851581,109331,falha_autenticacao,err_credentials_invalid,,False,1
6951,851840,109366,erro_interno,err_unexpected,11,True,1
6952,851849,109367,erro_interno,err_internal_500,,False,1
6953,851860,109368,erro_interno,err_unexpected,,False,1
6954,851890,109372,timeout,err_gateway_timeout_504,,False,1
6955,852242,109421,timeout,err_gateway_timeout_504,19,True,1
6956,852426,109446,falha_autenticacao,err_auth_401,23,True,1
6957,852538,109460,erro_interno,err_unexpected,8,True,1
6958,852603,109469,timeout,err_gateway_timeout_504,,False,1
6959,852638,109473,erro_interno,err_internal_500,,False,1
6960,852755,109489,falha_autenticacao,err_auth_401,37,True,1
6961,852773,109490,timeout,err_timeout_408,,False,1
6962,852812,109497,falha_autenticacao,err_credentials_invalid,18,True,1
6963,852829,109499,servico_indisponivel,err_maintenance,,False,1
6964,852986,109524,timeout,err_gateway_timeout_504,,False,1
6965,853013,109528,servico_indisponivel,err_maintenance,36,True,1
6966,853246,109562,timeout,err_gateway_timeout_504,29,True,1
6967,853291,109568,timeout,err_gateway_timeout_504,39,True,1
6968,853294,109568,erro_interno,err_internal_500,69,True,1
6969,853401,109582,timeout,err_gateway_timeout_504,,False,1
6970,853607,109611,timeout,err_timeout_408,33,True,1
6971,853627,109614,falha_autenticacao,err_auth_401,29,True,1
6972,853679,109621,timeout,err_gateway_timeout_504,16,True,1
6973,853761,109632,erro_interno,err_internal_500,59,True,1
6974,854156,109686,timeout,err_gateway_timeout_504,31,True,1
6975,854157,109686,timeout,err_timeout_408,40,True,2
6976,854225,109695,erro_interno,err_internal_500,,False,1
6977,854237,109696,servico_indisponivel,err_service_503,,False,1
6978,854277,109701,timeout,err_gateway_timeout_504,73,True,1
6979,854283,109702,timeout,err_timeout_408,20,True,1
6980,854284,109702,timeout,err_timeout_408,,False,2
6981,854319,109706,falha_autenticacao,err_auth_401,28,True,1
6982,854348,109710,falha_autenticacao,err_credentials_invalid,26,True,1
6983,854355,109710,erro_interno,err_unexpected,,False,1
6984,854356,109710,erro_interno,err_unexpected,87,True,2
6985,854459,109726,timeout,err_gateway_timeout_504,,False,1
6986,854540,109738,falha_autenticacao,err_credentials_invalid,23,True,1
6987,854755,109768,erro_interno,err_unexpected,,False,1
6988,854763,109769,erro_interno,err_internal_500,,False,1
6989,854771,109770,conexao_interrompida,err_network_unreachable,,False,1
6990,855037,109806,timeout,err_timeout_408,,False,1
6991,855053,109808,erro_interno,err_internal_500,56,True,1
6992,855079,109811,erro_interno,err_internal_500,,False,1
6993,855223,109831,timeout,err_timeout_408,18,True,1
6994,855240,109833,falha_autenticacao,err_credentials_invalid,,False,1
6995,855402,109855,timeout,err_gateway_timeout_504,,False,1
6996,855505,109867,timeout,err_timeout_408,23,True,1
6997,855558,109875,timeout,err_timeout_408,19,True,1
6998,855574,109878,falha_autenticacao,err_credentials_invalid,24,True,1
6999,855594,109881,timeout,err_timeout_408,,False,1
7000,855611,109884,erro_interno,err_internal_500,,False,1
7001,855615,109885,timeout,err_gateway_timeout_504,,False,1
7002,855625,109886,erro_interno,err_unexpected,,False,1
7003,855636,109889,timeout,err_gateway_timeout_504,,False,1
7004,855735,109902,erro_interno,err_unexpected,12,True,1
7005,855768,109907,erro_interno,err_internal_500,73,True,1
7006,855790,109910,erro_interno,err_unexpected,,False,1
7007,855828,109915,timeout,err_gateway_timeout_504,108,True,1
7008,856081,109948,erro_interno,err_unexpected,,False,1
7009,856146,109960,timeout,err_gateway_timeout_504,26,True,1
7010,856160,109961,timeout,err_timeout_408,57,True,1
7011,856349,109987,timeout,err_timeout_408,147,True,1
7012,856368,109989,erro_interno,err_unexpected,64,True,1
7013,856501,110009,timeout,err_gateway_timeout_504,,False,1
7014,856580,110022,falha_autenticacao,err_credentials_invalid,,False,1
7015,856585,110023,erro_interno,err_internal_500,54,True,1
7016,856902,110065,erro_interno,err_internal_500,,False,1
7017,856943,110070,timeout,err_gateway_timeout_504,62,True,1
7018,856972,110074,conexao_interrompida,err_connection_lost,81,True,1
7019,856985,110076,falha_autenticacao,err_auth_401,,False,1
7020,857012,110079,falha_autenticacao,err_credentials_invalid,,False,1
7021,857029,110081,erro_interno,err_internal_500,,False,1
7022,857054,110085,timeout,err_gateway_timeout_504,,False,1
7023,857094,110091,erro_interno,err_internal_500,43,True,1
7024,857425,110139,servico_indisponivel,err_maintenance,,False,1
7025,857534,110153,servico_indisponivel,err_maintenance,21,True,1
7026,857615,110163,falha_autenticacao,err_credentials_invalid,,False,1
7027,857787,110186,timeout,err_timeout_408,37,True,1
7028,858077,110229,timeout,err_timeout_408,19,True,1
7029,858106,110233,erro_interno,err_internal_500,,False,1
7030,858652,110305,timeout,err_timeout_408,,False,1
7031,858768,110323,falha_autenticacao,err_auth_401,18,True,1
7032,858904,110342,timeout,err_timeout_408,28,True,1
7033,858961,110350,timeout,err_timeout_408,86,True,1
7034,859105,110373,timeout,err_gateway_timeout_504,,False,1
7035,859148,110379,timeout,err_gateway_timeout_504,,False,1
7036,859188,110384,timeout,err_gateway_timeout_504,,False,1
7037,859415,110414,erro_interno,err_internal_500,111,True,1
7038,859419,110415,falha_autenticacao,err_auth_401,,False,1
7039,859434,110418,timeout,err_timeout_408,,False,1
7040,859473,110424,timeout,err_gateway_timeout_504,,False,1
7041,859650,110447,timeout,err_timeout_408,,False,1
7042,859690,110452,timeout,err_gateway_timeout_504,25,True,1
7043,859717,110456,timeout,err_timeout_408,18,True,1
7044,859730,110458,servico_indisponivel,err_maintenance,,False,1
7045,859976,110489,falha_autenticacao,err_auth_401,,False,1
7046,860039,110498,falha_autenticacao,err_credentials_invalid,22,True,1
7047,860101,110509,timeout,err_timeout_408,19,True,1
7048,860224,110525,erro_interno,err_internal_500,,False,1
7049,860503,110567,timeout,err_timeout_408,,False,1
7050,860685,110592,timeout,err_gateway_timeout_504,81,True,1
7051,860797,110607,timeout,err_timeout_408,28,True,1
7052,860837,110612,servico_indisponivel,err_maintenance,,False,1
7053,860991,110630,erro_interno,err_unexpected,,False,1
7054,861040,110635,erro_interno,err_internal_500,32,True,1
7055,861109,110645,timeout,err_gateway_timeout_504,,False,1
7056,861175,110652,timeout,err_timeout_408,65,True,1
7057,861372,110680,timeout,err_timeout_408,71,True,1
7058,861597,110714,timeout,err_gateway_timeout_504,45,True,1
7059,861607,110716,erro_interno,err_internal_500,8,True,1
7060,861695,110726,timeout,err_timeout_408,19,True,1
7061,861727,110729,timeout,err_gateway_timeout_504,69,True,1
7062,861732,110729,erro_interno,err_unexpected,,False,1
7063,861856,110746,servico_indisponivel,err_maintenance,107,True,1
7064,861899,110752,falha_autenticacao,err_credentials_invalid,,False,1
7065,861949,110757,erro_interno,err_internal_500,,False,1
7066,862007,110764,erro_interno,err_unexpected,,False,1
7067,862008,110764,timeout,err_gateway_timeout_504,,False,2
7068,862018,110766,falha_autenticacao,err_auth_401,37,True,1
7069,862221,110796,timeout,err_timeout_408,,False,1
7070,862243,110800,timeout,err_timeout_408,29,True,1
7071,862362,110816,conexao_interrompida,err_connection_lost,,False,1
7072,862384,110820,servico_indisponivel,err_service_503,,False,1
7073,862420,110825,timeout,err_timeout_408,,False,1
7074,862589,110852,servico_indisponivel,err_service_503,23,True,1
7075,862636,110858,timeout,err_gateway_timeout_504,,False,1
7076,862641,110859,servico_indisponivel,err_service_503,,False,1
7077,862667,110862,timeout,err_gateway_timeout_504,26,True,1
7078,862708,110868,falha_autenticacao,err_auth_401,,False,1
7079,862782,110877,falha_autenticacao,err_credentials_invalid,36,True,1
7080,862783,110877,falha_autenticacao,err_credentials_invalid,,False,2
7081,862816,110881,timeout,err_gateway_timeout_504,15,True,1
7082,862817,110881,falha_autenticacao,err_credentials_invalid,,False,2
7083,862858,110888,timeout,err_timeout_408,,False,1
7084,863148,110929,timeout,err_timeout_408,39,True,1
7085,863167,110931,servico_indisponivel,err_maintenance,,False,1
7086,863316,110953,timeout,err_timeout_408,,False,1
7087,863324,110954,falha_autenticacao,err_auth_401,40,True,1
7088,863382,110961,falha_autenticacao,err_credentials_invalid,35,True,1
7089,863468,110974,timeout,err_gateway_timeout_504,31,True,1
7090,863774,111013,timeout,err_timeout_408,64,True,1
7091,863775,111013,erro_interno,err_unexpected,,False,2
7092,863831,111020,falha_autenticacao,err_credentials_invalid,,False,1
7093,863850,111023,timeout,err_gateway_timeout_504,,False,1
7094,863958,111041,falha_autenticacao,err_credentials_invalid,,False,1
7095,863969,111044,falha_autenticacao,err_credentials_invalid,,False,1
7096,863980,111045,erro_interno,err_unexpected,39,True,1
7097,864139,111065,erro_interno,err_unexpected,,False,1
7098,864223,111079,timeout,err_gateway_timeout_504,17,True,1
7099,864263,111084,timeout,err_timeout_408,,False,1
7100,864365,111098,timeout,err_gateway_timeout_504,,False,1
7101,864394,111102,falha_autenticacao,err_credentials_invalid,,False,1
7102,864395,111103,servico_indisponivel,err_service_503,,False,1
7103,864446,111112,timeout,err_gateway_timeout_504,,False,1
7104,864563,111128,timeout,err_timeout_408,,False,1
7105,864619,111136,timeout,err_timeout_408,141,True,1
7106,864839,111167,timeout,err_gateway_timeout_504,35,True,1
7107,864917,111176,timeout,err_gateway_timeout_504,,False,1
7108,864921,111177,erro_interno,err_unexpected,,False,1
7109,864978,111187,erro_interno,err_unexpected,,False,1
7110,864991,111190,timeout,err_timeout_408,24,True,1
7111,865065,111201,timeout,err_timeout_408,,False,1
7112,865420,111252,timeout,err_timeout_408,,False,1
7113,865421,111253,timeout,err_timeout_408,33,True,1
7114,865426,111253,erro_interno,err_internal_500,206,True,1
7115,865758,111300,timeout,err_timeout_408,,False,1
7116,866013,111337,servico_indisponivel,err_service_503,,False,1
7117,866068,111345,timeout,err_gateway_timeout_504,19,True,1
7118,866158,111358,falha_autenticacao,err_credentials_invalid,23,True,1
7119,866174,111359,timeout,err_timeout_408,,False,1
7120,866422,111395,falha_autenticacao,err_credentials_invalid,,False,1
7121,866449,111400,falha_autenticacao,err_credentials_invalid,21,True,1
7122,866501,111407,timeout,err_gateway_timeout_504,,False,1
7123,866552,111413,timeout,err_gateway_timeout_504,40,True,1
7124,866565,111415,falha_autenticacao,err_auth_401,,False,1
7125,866577,111417,conexao_interrompida,err_connection_lost,,False,1
7126,866666,111429,falha_autenticacao,err_auth_401,13,True,1
7127,866942,111466,timeout,err_timeout_408,15,True,1
7128,866988,111473,falha_autenticacao,err_auth_401,30,True,1
7129,866992,111473,erro_interno,err_internal_500,,False,1
7130,867117,111493,timeout,err_gateway_timeout_504,31,True,1
7131,867237,111510,falha_autenticacao,err_auth_401,,False,1
7132,867308,111521,erro_interno,err_unexpected,70,True,1
7133,867312,111522,servico_indisponivel,err_service_503,25,True,1
7134,867353,111528,timeout,err_gateway_timeout_504,45,True,1
7135,867450,111544,timeout,err_timeout_408,24,True,1
7136,867590,111563,falha_autenticacao,err_credentials_invalid,19,True,1
7137,867797,111591,timeout,err_timeout_408,,False,1
7138,867902,111605,timeout,err_gateway_timeout_504,28,True,1
7139,867905,111605,timeout,err_timeout_408,35,True,1
7140,868041,111622,timeout,err_gateway_timeout_504,30,True,1
7141,868217,111647,erro_interno,err_unexpected,,False,1
7142,868248,111652,falha_autenticacao,err_credentials_invalid,54,True,1
7143,868369,111670,timeout,err_timeout_408,45,True,1
7144,868370,111670,timeout,err_gateway_timeout_504,89,True,2
7145,868397,111673,erro_interno,err_internal_500,,False,1
7146,868427,111676,erro_interno,err_internal_500,35,True,1
7147,868431,111677,timeout,err_timeout_408,,False,1
7148,868458,111680,timeout,err_timeout_408,,False,1
7149,868596,111703,timeout,err_timeout_408,30,True,1
7150,868682,111716,erro_interno,err_internal_500,,False,1
7151,868725,111722,erro_interno,err_unexpected,41,True,1
7152,868735,111723,timeout,err_timeout_408,,False,1
7153,868842,111736,timeout,err_timeout_408,,False,1
7154,868987,111755,falha_autenticacao,err_credentials_invalid,18,True,1
7155,869358,111809,falha_autenticacao,err_auth_401,17,True,1
7156,869431,111819,timeout,err_gateway_timeout_504,20,True,1
7157,869639,111848,falha_autenticacao,err_auth_401,,False,1
7158,869805,111872,timeout,err_gateway_timeout_504,,False,1
7159,869904,111885,timeout,err_gateway_timeout_504,90,True,1
7160,869937,111891,timeout,err_gateway_timeout_504,,False,1
7161,869978,111896,servico_indisponivel,err_maintenance,,False,1
7162,870065,111906,timeout,err_timeout_408,76,True,1
7163,870068,111906,timeout,err_gateway_timeout_504,96,True,1
7164,870183,111922,timeout,err_timeout_408,,False,1
7165,870195,111924,timeout,err_gateway_timeout_504,19,True,1
7166,870237,111929,servico_indisponivel,err_maintenance,,False,1
7167,870252,111931,timeout,err_timeout_408,,False,1
7168,870307,111938,timeout,err_gateway_timeout_504,89,True,1
7169,870619,111981,falha_autenticacao,err_auth_401,17,True,1
7170,870775,112002,timeout,err_gateway_timeout_504,42,True,1
7171,870862,112014,falha_autenticacao,err_credentials_invalid,10,True,1
7172,870918,112021,timeout,err_timeout_408,,False,1
7173,871030,112036,timeout,err_gateway_timeout_504,62,True,1
7174,871094,112045,erro_interno,err_unexpected,,False,1
7175,871253,112069,timeout,err_timeout_408,32,True,1
7176,871264,112071,servico_indisponivel,err_service_503,,False,1
7177,871265,112072,falha_autenticacao,err_credentials_invalid,,False,1
7178,871290,112077,timeout,err_timeout_408,,False,1
7179,871306,112079,erro_interno,err_internal_500,,False,1
7180,871349,112086,falha_autenticacao,err_credentials_invalid,16,True,1
7181,871352,112086,erro_interno,err_internal_500,,False,1
7182,871491,112109,timeout,err_timeout_408,26,True,1
7183,871505,112110,timeout,err_gateway_timeout_504,30,True,1
7184,871508,112110,erro_interno,err_internal_500,,False,1
7185,871514,112111,erro_interno,err_unexpected,,False,1
7186,871653,112130,falha_autenticacao,err_credentials_invalid,,False,1
7187,871654,112131,timeout,err_gateway_timeout_504,23,True,1
7188,871657,112131,erro_interno,err_unexpected,,False,1
7189,871701,112137,erro_interno,err_unexpected,,False,1
7190,871726,112140,timeout,err_timeout_408,26,True,1
7191,871840,112155,falha_autenticacao,err_credentials_invalid,,False,1
7192,871905,112164,erro_interno,err_internal_500,,False,1
7193,871948,112170,timeout,err_gateway_timeout_504,39,True,1
7194,871961,112172,timeout,err_gateway_timeout_504,,False,1
7195,872015,112180,timeout,err_timeout_408,31,True,1
7196,872057,112187,timeout,err_gateway_timeout_504,,False,1
7197,872291,112219,falha_autenticacao,err_credentials_invalid,13,True,1
7198,872315,112222,timeout,err_gateway_timeout_504,103,True,1
7199,872536,112252,erro_interno,err_unexpected,98,True,1
7200,872587,112260,falha_autenticacao,err_auth_401,32,True,1
7201,872627,112265,timeout,err_timeout_408,68,True,1
7202,872631,112266,timeout,err_timeout_408,,False,1
7203,872659,112270,timeout,err_timeout_408,,False,1
7204,872689,112274,falha_autenticacao,err_credentials_invalid,33,True,1
7205,872692,112274,timeout,err_timeout_408,,False,1
7206,872790,112286,erro_interno,err_unexpected,,False,1
7207,872824,112291,timeout,err_gateway_timeout_504,,False,1
7208,872842,112294,timeout,err_gateway_timeout_504,,False,1
7209,873133,112334,timeout,err_timeout_408,,False,1
7210,873206,112344,timeout,err_gateway_timeout_504,18,True,1
7211,873212,112345,timeout,err_gateway_timeout_504,14,True,1
7212,873400,112372,timeout,err_timeout_408,46,True,1
7213,873640,112405,conexao_interrompida,err_network_unreachable,,False,1
7214,873741,112420,falha_autenticacao,err_credentials_invalid,22,True,1
7215,873823,112431,timeout,err_timeout_408,,False,1
7216,873845,112435,falha_autenticacao,err_credentials_invalid,22,True,1
7217,873867,112437,erro_interno,err_unexpected,,False,1
7218,873868,112437,timeout,err_timeout_408,103,True,1
7219,874145,112473,timeout,err_timeout_408,,False,1
7220,874336,112501,erro_interno,err_unexpected,,False,1
7221,874340,112502,servico_indisponivel,err_service_503,,False,1
7222,874394,112509,timeout,err_timeout_408,,False,1
7223,874417,112511,erro_interno,err_internal_500,21,True,1
7224,874523,112525,timeout,err_timeout_408,79,True,1
7225,874621,112540,timeout,err_gateway_timeout_504,,False,1
7226,875095,112607,timeout,err_gateway_timeout_504,,False,1
7227,875437,112655,timeout,err_gateway_timeout_504,17,True,1
7228,875570,112672,erro_interno,err_internal_500,,False,1
7229,875575,112672,timeout,err_gateway_timeout_504,,False,1
7230,875605,112678,timeout,err_gateway_timeout_504,,False,1
7231,875649,112686,timeout,err_gateway_timeout_504,,False,1
7232,875675,112690,timeout,err_timeout_408,19,True,1
7233,875679,112691,falha_autenticacao,err_auth_401,,False,1
7234,875817,112710,falha_autenticacao,err_credentials_invalid,19,True,1
7235,875917,112721,timeout,err_timeout_408,34,True,1
7236,875999,112732,timeout,err_gateway_timeout_504,,False,1
7237,876110,112748,erro_interno,err_unexpected,,False,1
7238,876195,112757,servico_indisponivel,err_service_503,97,True,1
7239,876297,112772,timeout,err_timeout_408,19,True,1
7240,876383,112783,timeout,err_gateway_timeout_504,24,True,1
7241,876883,112852,timeout,err_timeout_408,51,True,1
7242,876988,112864,timeout,err_gateway_timeout_504,33,True,1
7243,877020,112869,timeout,err_gateway_timeout_504,,False,1
7244,877047,112874,timeout,err_timeout_408,,False,1
7245,877164,112892,timeout,err_timeout_408,25,True,1
7246,877175,112894,timeout,err_timeout_408,,False,1
7247,877220,112900,timeout,err_gateway_timeout_504,,False,1
7248,877326,112912,falha_autenticacao,err_auth_401,,False,1
7249,877348,112916,erro_interno,err_internal_500,,False,1
7250,877813,112976,timeout,err_gateway_timeout_504,31,True,1
7251,878052,113012,timeout,err_timeout_408,36,True,1
7252,878053,113012,timeout,err_timeout_408,44,True,2
7253,878201,113033,erro_interno,err_internal_500,78,True,1
7254,878265,113042,timeout,err_gateway_timeout_504,,False,1
7255,878510,113079,servico_indisponivel,err_service_503,,False,1
7256,878536,113082,erro_interno,err_unexpected,,False,1
7257,878609,113092,timeout,err_timeout_408,34,True,1
7258,879149,113163,erro_interno,err_internal_500,,False,1
7259,879206,113168,timeout,err_timeout_408,,False,1
7260,879232,113172,timeout,err_gateway_timeout_504,,False,1
7261,879244,113174,timeout,err_timeout_408,,False,1
7262,879387,113194,erro_interno,err_internal_500,,False,1
7263,879574,113222,falha_autenticacao,err_credentials_invalid,20,True,1
7264,879587,113224,timeout,err_gateway_timeout_504,26,True,1
7265,879588,113224,timeout,err_timeout_408,,False,2
7266,879627,113230,timeout,err_gateway_timeout_504,,False,1
7267,879686,113239,servico_indisponivel,err_maintenance,,False,1
7268,879689,113239,erro_interno,err_unexpected,,False,1
7269,879783,113255,timeout,err_timeout_408,20,True,1
7270,879873,113268,timeout,err_timeout_408,84,True,1
7271,879904,113272,timeout,err_gateway_timeout_504,,False,1
7272,880485,113351,falha_autenticacao,err_auth_401,33,True,1
7273,880631,113370,erro_interno,err_internal_500,,False,1
7274,880705,113379,falha_autenticacao,err_credentials_invalid,,False,1
7275,880706,113380,servico_indisponivel,err_maintenance,,False,1
7276,880877,113405,timeout,err_gateway_timeout_504,,False,1
7277,880879,113405,conexao_interrompida,err_network_unreachable,112,True,1
7278,880910,113409,erro_interno,err_internal_500,,False,1
7279,881165,113445,servico_indisponivel,err_maintenance,,False,1
7280,881208,113451,timeout,err_gateway_timeout_504,42,True,1
7281,881235,113455,erro_interno,err_internal_500,,False,1
7282,881288,113463,erro_interno,err_internal_500,,False,1
7283,881339,113470,timeout,err_timeout_408,,False,1
7284,881459,113485,erro_interno,err_internal_500,,False,1
7285,881479,113488,erro_interno,err_internal_500,,False,1
7286,881530,113496,timeout,err_gateway_timeout_504,24,True,1
7287,881580,113503,timeout,err_gateway_timeout_504,,False,1
7288,881631,113510,timeout,err_gateway_timeout_504,,False,1
7289,881678,113516,timeout,err_gateway_timeout_504,28,True,1
7290,881692,113519,timeout,err_timeout_408,34,True,1
7291,881758,113528,erro_interno,err_internal_500,,False,1
7292,881790,113533,falha_autenticacao,err_credentials_invalid,40,True,1
7293,881800,113534,falha_autenticacao,err_credentials_invalid,34,True,1
7294,881916,113548,erro_interno,err_internal_500,,False,1
7295,882069,113571,falha_autenticacao,err_auth_401,26,True,1
7296,882100,113575,timeout,err_gateway_timeout_504,,False,1
7297,882121,113578,falha_autenticacao,err_credentials_invalid,,False,1
7298,882392,113614,falha_autenticacao,err_credentials_invalid,,False,1
7299,882453,113625,timeout,err_timeout_408,,False,1
7300,882640,113650,falha_autenticacao,err_auth_401,28,True,1
7301,882734,113665,timeout,err_timeout_408,,False,1
7302,882767,113670,timeout,err_gateway_timeout_504,,False,1
7303,882842,113678,timeout,err_gateway_timeout_504,,False,1
7304,882852,113680,timeout,err_gateway_timeout_504,,False,1
7305,882997,113699,timeout,err_gateway_timeout_504,,False,1
7306,883103,113712,timeout,err_gateway_timeout_504,,False,1
7307,883119,113716,falha_autenticacao,err_credentials_invalid,27,True,1
7308,883135,113719,timeout,err_timeout_408,22,True,1
7309,883151,113721,erro_interno,err_internal_500,,False,1
7310,883269,113738,timeout,err_gateway_timeout_504,34,True,1
7311,883416,113758,falha_autenticacao,err_credentials_invalid,16,True,1
7312,883446,113761,timeout,err_timeout_408,22,True,1
7313,883468,113764,erro_interno,err_unexpected,43,True,1
7314,883537,113774,timeout,err_timeout_408,48,True,1
7315,883629,113785,conexao_interrompida,err_network_unreachable,71,True,1
7316,883690,113793,timeout,err_timeout_408,,False,1
7317,883822,113809,falha_autenticacao,err_credentials_invalid,35,True,1
7318,883823,113809,falha_autenticacao,err_auth_401,31,True,2
7319,883824,113809,timeout,err_timeout_408,,False,3
7320,883911,113820,timeout,err_gateway_timeout_504,30,True,1
7321,884448,113896,timeout,err_gateway_timeout_504,72,True,1
7322,884492,113903,timeout,err_timeout_408,,False,1
7323,884555,113913,timeout,err_gateway_timeout_504,,False,1
7324,884558,113913,erro_interno,err_internal_500,112,True,1
7325,884595,113919,timeout,err_timeout_408,,False,1
7326,884625,113923,timeout,err_gateway_timeout_504,72,True,1
7327,884823,113948,falha_autenticacao,err_credentials_invalid,,False,1
7328,884896,113959,timeout,err_gateway_timeout_504,19,True,1
7329,884930,113964,timeout,err_timeout_408,28,True,1
7330,884957,113968,erro_interno,err_unexpected,46,True,1
7331,885174,113996,timeout,err_timeout_408,88,True,1
7332,885314,114013,falha_autenticacao,err_auth_401,,False,1
7333,885487,114038,servico_indisponivel,err_service_503,,False,1
7334,885601,114055,erro_interno,err_internal_500,,False,1
7335,885614,114057,timeout,err_timeout_408,,False,1
7336,885690,114066,servico_indisponivel,err_maintenance,,False,1
7337,885730,114071,timeout,err_gateway_timeout_504,,False,1
7338,885796,114080,timeout,err_gateway_timeout_504,,False,1
7339,885933,114100,timeout,err_timeout_408,48,True,1
7340,885940,114100,timeout,err_gateway_timeout_504,81,True,1
7341,885941,114100,timeout,err_timeout_408,72,True,2
7342,886009,114109,timeout,err_timeout_408,70,True,1
7343,886150,114129,timeout,err_timeout_408,41,True,1
7344,886191,114135,erro_interno,err_internal_500,,False,1
7345,886250,114145,timeout,err_timeout_408,,False,1
7346,886273,114147,timeout,err_gateway_timeout_504,,False,1
7347,886314,114154,timeout,err_gateway_timeout_504,34,True,1
7348,886509,114181,erro_interno,err_internal_500,12,True,1
7349,886522,114184,timeout,err_timeout_408,41,True,1
7350,886527,114184,timeout,err_timeout_408,,False,1
7351,886704,114208,falha_autenticacao,err_auth_401,28,True,1
7352,886705,114208,servico_indisponivel,err_service_503,,False,2
7353,886726,114210,timeout,err_timeout_408,,False,1
7354,886728,114210,servico_indisponivel,err_maintenance,,False,1
7355,886750,114213,timeout,err_timeout_408,,False,1
7356,886843,114228,timeout,err_timeout_408,19,True,1
7357,886993,114249,erro_interno,err_unexpected,102,True,1
7358,886997,114250,servico_indisponivel,err_maintenance,,False,1
7359,887047,114258,timeout,err_gateway_timeout_504,,False,1
7360,887240,114283,timeout,err_timeout_408,37,True,1
7361,887275,114287,timeout,err_gateway_timeout_504,,False,1
7362,887388,114304,timeout,err_timeout_408,,False,1
7363,887538,114326,timeout,err_gateway_timeout_504,88,True,1
7364,887539,114326,timeout,err_timeout_408,,False,2
7365,887766,114355,erro_interno,err_internal_500,23,True,1
7366,887929,114376,timeout,err_timeout_408,64,True,1
7367,888081,114397,falha_autenticacao,err_auth_401,18,True,1
7368,888209,114416,timeout,err_gateway_timeout_504,,False,1
7369,888212,114416,timeout,err_gateway_timeout_504,,False,1
7370,888605,114468,erro_interno,err_unexpected,,False,1
7371,888801,114495,timeout,err_gateway_timeout_504,83,True,1
7372,888829,114500,falha_autenticacao,err_auth_401,15,True,1
7373,888975,114521,erro_interno,err_unexpected,,False,1
7374,889046,114530,erro_interno,err_internal_500,,False,1
7375,889147,114545,erro_interno,err_unexpected,,False,1
7376,889237,114558,timeout,err_timeout_408,67,True,1
7377,889271,114563,falha_autenticacao,err_credentials_invalid,20,True,1
7378,889364,114577,timeout,err_gateway_timeout_504,95,True,1
7379,889542,114600,conexao_interrompida,err_connection_lost,89,True,1
7380,889557,114602,falha_autenticacao,err_credentials_invalid,,False,1
7381,889642,114615,timeout,err_gateway_timeout_504,,False,1
7382,889671,114619,erro_interno,err_internal_500,14,True,1
7383,889871,114649,erro_interno,err_unexpected,65,True,1
7384,890074,114673,timeout,err_gateway_timeout_504,,False,1
7385,890161,114685,timeout,err_timeout_408,,False,1
7386,890616,114749,timeout,err_timeout_408,41,True,1
7387,890660,114754,timeout,err_gateway_timeout_504,,False,1
7388,890836,114776,timeout,err_gateway_timeout_504,,False,1
7389,891039,114802,timeout,err_timeout_408,,False,1
7390,891047,114804,falha_autenticacao,err_auth_401,,False,1
7391,891282,114832,timeout,err_timeout_408,,False,1
7392,891452,114856,erro_interno,err_unexpected,58,True,1
7393,891518,114865,timeout,err_timeout_408,,False,1
7394,891521,114866,falha_autenticacao,err_auth_401,12,True,1
7395,891735,114895,timeout,err_timeout_408,15,True,1
7396,891737,114895,erro_interno,err_internal_500,,False,1
7397,891789,114901,falha_autenticacao,err_credentials_invalid,16,True,1
7398,891879,114914,timeout,err_timeout_408,47,True,1
7399,892006,114932,timeout,err_gateway_timeout_504,28,True,1
7400,892102,114945,timeout,err_gateway_timeout_504,81,True,1
7401,892154,114954,falha_autenticacao,err_auth_401,,False,1
7402,892254,114967,falha_autenticacao,err_credentials_invalid,,False,1
7403,892511,115004,falha_autenticacao,err_auth_401,,False,1
7404,892603,115017,erro_interno,err_internal_500,,False,1
7405,892643,115024,timeout,err_gateway_timeout_504,,False,1
7406,892650,115025,timeout,err_gateway_timeout_504,24,True,1
7407,892686,115030,timeout,err_timeout_408,45,True,1
7408,892843,115050,timeout,err_timeout_408,19,True,1
7409,892951,115065,erro_interno,err_internal_500,,False,1
7410,893015,115074,timeout,err_gateway_timeout_504,,False,1
7411,893257,115107,erro_interno,err_internal_500,,False,1
7412,893521,115139,erro_interno,err_unexpected,68,True,1
7413,893526,115140,erro_interno,err_internal_500,12,True,1
7414,893870,115188,timeout,err_gateway_timeout_504,18,True,1
7415,893940,115199,timeout,err_gateway_timeout_504,25,True,1
7416,893979,115205,timeout,err_gateway_timeout_504,17,True,1
7417,894032,115213,timeout,err_timeout_408,116,True,1
7418,894073,115219,falha_autenticacao,err_credentials_invalid,,False,1
7419,894113,115225,timeout,err_gateway_timeout_504,25,True,1
7420,894230,115241,falha_autenticacao,err_auth_401,,False,1
7421,894231,115242,servico_indisponivel,err_service_503,,False,1
7422,894399,115266,servico_indisponivel,err_maintenance,,False,1
7423,894708,115311,timeout,err_timeout_408,,False,1
7424,894873,115329,servico_indisponivel,err_maintenance,20,True,1
7425,894992,115345,timeout,err_timeout_408,,False,1
7426,895002,115347,servico_indisponivel,err_service_503,,False,1
7427,895069,115358,timeout,err_gateway_timeout_504,,False,1
7428,895204,115378,timeout,err_timeout_408,,False,1
7429,895354,115399,timeout,err_timeout_408,13,True,1
7430,895404,115406,timeout,err_timeout_408,19,True,1
7431,895406,115406,erro_interno,err_internal_500,,False,1
7432,895480,115415,erro_interno,err_internal_500,,False,1
7433,895502,115419,timeout,err_timeout_408,21,True,1
7434,895561,115427,timeout,err_timeout_408,,False,1
7435,895623,115435,erro_interno,err_internal_500,10,True,1
7436,895779,115453,timeout,err_timeout_408,,False,1
7437,895784,115453,timeout,err_gateway_timeout_504,,False,1
7438,895822,115457,erro_interno,err_unexpected,76,True,1
7439,896136,115498,timeout,err_timeout_408,,False,1
7440,896267,115516,timeout,err_timeout_408,,False,1
7441,896285,115518,falha_autenticacao,err_credentials_invalid,23,True,1
7442,896286,115518,timeout,err_timeout_408,29,True,2
7443,896315,115522,timeout,err_timeout_408,,False,1
7444,896764,115586,timeout,err_timeout_408,,False,1
7445,896777,115588,servico_indisponivel,err_service_503,14,True,1
7446,896893,115601,erro_interno,err_unexpected,,False,1
7447,897308,115660,falha_autenticacao,err_auth_401,16,True,1
7448,897465,115682,timeout,err_timeout_408,17,True,1
7449,897948,115754,timeout,err_timeout_408,24,True,1
7450,898050,115767,timeout,err_gateway_timeout_504,,False,1
7451,898202,115788,erro_interno,err_internal_500,122,True,1
7452,898240,115793,timeout,err_gateway_timeout_504,,False,1
7453,898576,115840,timeout,err_timeout_408,,False,1
7454,898742,115863,timeout,err_timeout_408,,False,1
7455,898875,115880,conexao_interrompida,err_connection_lost,,False,1
7456,899142,115915,erro_interno,err_unexpected,,False,1
7457,899173,115918,timeout,err_timeout_408,,False,1
7458,899176,115919,timeout,err_gateway_timeout_504,25,True,1
7459,899237,115927,timeout,err_timeout_408,,False,1
7460,899254,115930,erro_interno,err_unexpected,,False,1
7461,899415,115952,erro_interno,err_unexpected,,False,1
7462,899571,115975,erro_interno,err_unexpected,,False,1
7463,899597,115979,timeout,err_timeout_408,,False,1
7464,900256,116072,erro_interno,err_unexpected,23,True,1
7465,900287,116077,falha_autenticacao,err_credentials_invalid,19,True,1
7466,900290,116077,timeout,err_gateway_timeout_504,43,True,1
7467,900313,116081,timeout,err_timeout_408,21,True,1
7468,900330,116083,timeout,err_timeout_408,12,True,1
7469,900385,116091,timeout,err_gateway_timeout_504,,False,1
7470,900533,116113,timeout,err_gateway_timeout_504,46,True,1
7471,900576,116117,timeout,err_gateway_timeout_504,47,True,1
7472,900582,116118,erro_interno,err_internal_500,,False,1
7473,900609,116123,timeout,err_timeout_408,49,True,1
7474,900627,116126,timeout,err_timeout_408,,False,1
7475,900718,116139,timeout,err_timeout_408,48,True,1
7476,900849,116157,timeout,err_gateway_timeout_504,45,True,1
7477,900961,116172,conexao_interrompida,err_connection_lost,,False,1
7478,901241,116209,timeout,err_gateway_timeout_504,,False,1
7479,901265,116213,timeout,err_timeout_408,37,True,1
7480,901314,116219,timeout,err_timeout_408,24,True,1
7481,901434,116234,erro_interno,err_internal_500,97,True,1
7482,901435,116234,timeout,err_gateway_timeout_504,,False,2
7483,901579,116254,falha_autenticacao,err_credentials_invalid,16,True,1
7484,901599,116257,erro_interno,err_unexpected,48,True,1
7485,901675,116266,timeout,err_gateway_timeout_504,,False,1
7486,901686,116268,falha_autenticacao,err_credentials_invalid,20,True,1
7487,901696,116269,timeout,err_timeout_408,54,True,1
7488,901744,116276,falha_autenticacao,err_credentials_invalid,16,True,1
7489,902010,116314,erro_interno,err_unexpected,,False,1
7490,902059,116321,timeout,err_gateway_timeout_504,,False,1
7491,902060,116322,servico_indisponivel,err_maintenance,19,True,1
7492,902248,116347,timeout,err_gateway_timeout_504,64,True,1
7493,902464,116378,timeout,err_timeout_408,,False,1
7494,902518,116386,conexao_interrompida,err_connection_lost,113,True,1
7495,902557,116392,servico_indisponivel,err_maintenance,,False,1
7496,902610,116401,servico_indisponivel,err_service_503,,False,1
7497,902639,116406,falha_autenticacao,err_credentials_invalid,14,True,1
7498,902668,116410,falha_autenticacao,err_credentials_invalid,,False,1
7499,902683,116413,timeout,err_gateway_timeout_504,,False,1
7500,902699,116416,servico_indisponivel,err_maintenance,,False,1
7501,902702,116416,timeout,err_gateway_timeout_504,32,True,1
7502,902815,116434,erro_interno,err_internal_500,63,True,1
7503,902985,116457,erro_interno,err_internal_500,,False,1
7504,903197,116488,falha_autenticacao,err_credentials_invalid,,False,1
7505,903355,116512,timeout,err_gateway_timeout_504,10,True,1
7506,903493,116529,timeout,err_gateway_timeout_504,52,True,1
7507,903781,116572,erro_interno,err_unexpected,,False,1
7508,903856,116583,timeout,err_gateway_timeout_504,26,True,1
7509,903857,116583,falha_autenticacao,err_credentials_invalid,34,True,2
7510,903900,116589,erro_interno,err_unexpected,88,True,1
7511,903946,116596,timeout,err_gateway_timeout_504,,False,1
7512,903975,116600,timeout,err_gateway_timeout_504,24,True,1
7513,904036,116608,falha_autenticacao,err_auth_401,,False,1
7514,904083,116613,timeout,err_gateway_timeout_504,106,True,1
7515,904103,116616,falha_autenticacao,err_credentials_invalid,14,True,1
7516,904312,116642,timeout,err_timeout_408,14,True,1
7517,904401,116654,timeout,err_timeout_408,24,True,1
7518,904574,116678,falha_autenticacao,err_credentials_invalid,,False,1
7519,904575,116678,timeout,err_timeout_408,,False,2
7520,904616,116685,timeout,err_timeout_408,29,True,1
7521,904733,116703,timeout,err_timeout_408,,False,1
7522,904771,116709,timeout,err_timeout_408,52,True,1
7523,904842,116719,timeout,err_timeout_408,31,True,1
7524,904915,116729,timeout,err_timeout_408,38,True,1
7525,904933,116732,falha_autenticacao,err_credentials_invalid,14,True,1
7526,905138,116759,erro_interno,err_unexpected,,False,1
7527,905159,116762,servico_indisponivel,err_maintenance,,False,1
7528,905174,116764,timeout,err_timeout_408,,False,1
7529,905445,116798,erro_interno,err_internal_500,,False,1
7530,905467,116802,erro_interno,err_unexpected,,False,1
7531,905476,116804,timeout,err_timeout_408,,False,1
7532,905650,116830,servico_indisponivel,err_service_503,,False,1
7533,905725,116840,timeout,err_gateway_timeout_504,26,True,1
7534,905733,116841,timeout,err_timeout_408,20,True,1
7535,905832,116853,timeout,err_timeout_408,26,True,1
7536,905938,116868,timeout,err_timeout_408,,False,1
7537,906075,116889,timeout,err_gateway_timeout_504,103,True,1
7538,906304,116923,erro_interno,err_unexpected,43,True,1
7539,906310,116924,timeout,err_gateway_timeout_504,23,True,1
7540,906723,116988,falha_autenticacao,err_credentials_invalid,16,True,1
7541,906724,116988,falha_autenticacao,err_credentials_invalid,,False,2
7542,906727,116989,timeout,err_gateway_timeout_504,63,True,1
7543,906996,117029,timeout,err_gateway_timeout_504,,False,1
7544,907079,117040,conexao_interrompida,err_connection_lost,,False,1
7545,907145,117048,timeout,err_timeout_408,41,True,1
7546,907191,117053,erro_interno,err_internal_500,38,True,1
7547,907216,117057,timeout,err_gateway_timeout_504,,False,1
7548,907294,117067,timeout,err_gateway_timeout_504,21,True,1
7549,907397,117083,servico_indisponivel,err_maintenance,,False,1
7550,907576,117111,timeout,err_gateway_timeout_504,,False,1
7551,907683,117125,timeout,err_gateway_timeout_504,20,True,1
7552,907991,117168,falha_autenticacao,err_credentials_invalid,,False,1
7553,908048,117177,timeout,err_timeout_408,68,True,1
7554,908186,117196,timeout,err_timeout_408,17,True,1
7555,908372,117223,timeout,err_gateway_timeout_504,,False,1
7556,908400,117227,erro_interno,err_unexpected,,False,1
7557,908464,117237,timeout,err_gateway_timeout_504,21,True,1
7558,908553,117249,falha_autenticacao,err_credentials_invalid,27,True,1
7559,908606,117257,timeout,err_timeout_408,19,True,1
7560,908607,117257,timeout,err_gateway_timeout_504,,False,2
7561,908608,117257,servico_indisponivel,err_service_503,,False,3
7562,908655,117266,timeout,err_timeout_408,16,True,1
7563,908702,117272,falha_autenticacao,err_credentials_invalid,,False,1
7564,908708,117274,timeout,err_gateway_timeout_504,,False,1
7565,908774,117281,servico_indisponivel,err_service_503,,False,1
7566,908880,117296,servico_indisponivel,err_maintenance,,False,1
7567,909052,117319,timeout,err_gateway_timeout_504,,False,1
7568,909179,117338,erro_interno,err_unexpected,,False,1
7569,909518,117389,falha_autenticacao,err_credentials_invalid,,False,1
7570,909743,117422,timeout,err_timeout_408,,False,1
7571,909902,117442,erro_interno,err_internal_500,13,True,1
7572,909934,117446,conexao_interrompida,err_network_unreachable,,False,1
7573,910199,117483,timeout,err_gateway_timeout_504,43,True,1
7574,910248,117487,erro_interno,err_internal_500,,False,1
7575,910277,117491,erro_interno,err_internal_500,50,True,1
7576,910331,117498,falha_autenticacao,err_auth_401,19,True,1
7577,910480,117516,erro_interno,err_unexpected,,False,1
7578,910484,117517,falha_autenticacao,err_auth_401,14,True,1
7579,910495,117518,erro_interno,err_unexpected,14,True,1
7580,910516,117521,erro_interno,err_internal_500,78,True,1
7581,910581,117529,erro_interno,err_internal_500,,False,1
7582,910648,117538,timeout,err_timeout_408,,False,1
7583,910677,117542,timeout,err_gateway_timeout_504,,False,1
7584,910699,117546,timeout,err_gateway_timeout_504,,False,1
7585,910701,117547,erro_interno,err_unexpected,26,True,1
7586,910711,117549,falha_autenticacao,err_auth_401,18,True,1
7587,910746,117554,erro_interno,err_unexpected,,False,1
7588,910755,117555,timeout,err_gateway_timeout_504,55,True,1
7589,910790,117559,timeout,err_timeout_408,,False,1
7590,910856,117567,timeout,err_timeout_408,,False,1
7591,911180,117613,timeout,err_timeout_408,,False,1
7592,911418,117645,falha_autenticacao,err_credentials_invalid,30,True,1
7593,911524,117658,timeout,err_timeout_408,20,True,1
7594,911557,117662,timeout,err_gateway_timeout_504,57,True,1
7595,911574,117664,timeout,err_gateway_timeout_504,65,True,1
7596,911611,117670,timeout,err_gateway_timeout_504,58,True,1
7597,911622,117672,falha_autenticacao,err_credentials_invalid,27,True,1
7598,911806,117699,timeout,err_gateway_timeout_504,,False,1
7599,911812,117700,timeout,err_gateway_timeout_504,,False,1
7600,911866,117708,falha_autenticacao,err_credentials_invalid,26,True,1
7601,911869,117708,erro_interno,err_internal_500,,False,1
7602,911969,117724,timeout,err_gateway_timeout_504,,False,1
7603,912117,117744,falha_autenticacao,err_credentials_invalid,,False,1
7604,912166,117750,timeout,err_timeout_408,105,True,1
7605,912189,117754,falha_autenticacao,err_credentials_invalid,23,True,1
7606,912200,117756,timeout,err_timeout_408,,False,1
7607,912245,117763,servico_indisponivel,err_maintenance,91,True,1
7608,912249,117764,timeout,err_timeout_408,,False,1
7609,912431,117790,timeout,err_gateway_timeout_504,22,True,1
7610,912498,117798,erro_interno,err_internal_500,73,True,1
7611,912551,117804,timeout,err_gateway_timeout_504,39,True,1
7612,912552,117804,timeout,err_timeout_408,,False,2
7613,912569,117807,erro_interno,err_internal_500,,False,1
7614,912636,117815,erro_interno,err_internal_500,,False,1
7615,912739,117830,timeout,err_timeout_408,26,True,1
7616,912755,117831,timeout,err_gateway_timeout_504,,False,1
7617,912779,117834,timeout,err_gateway_timeout_504,,False,1
7618,912855,117846,timeout,err_timeout_408,71,True,1
7619,912868,117848,timeout,err_gateway_timeout_504,25,True,1
7620,913095,117882,falha_autenticacao,err_auth_401,13,True,1
7621,913491,117935,falha_autenticacao,err_credentials_invalid,28,True,1
7622,913521,117938,falha_autenticacao,err_credentials_invalid,28,True,1
7623,913522,117938,falha_autenticacao,err_auth_401,28,True,2
7624,913882,117987,timeout,err_timeout_408,,False,1
7625,913911,117991,timeout,err_timeout_408,40,True,1
7626,913961,117998,timeout,err_timeout_408,86,True,1
7627,914116,118018,timeout,err_gateway_timeout_504,,False,1
7628,914141,118022,timeout,err_gateway_timeout_504,57,True,1
7629,914281,118041,timeout,err_timeout_408,16,True,1
7630,914299,118043,erro_interno,err_internal_500,,False,1
7631,914324,118047,servico_indisponivel,err_service_503,,False,1
7632,914369,118053,erro_interno,err_unexpected,,False,1
7633,914433,118062,falha_autenticacao,err_auth_401,23,True,1
7634,914554,118078,falha_autenticacao,err_credentials_invalid,21,True,1
7635,914715,118100,timeout,err_timeout_408,51,True,1
7636,914822,118116,erro_interno,err_internal_500,33,True,1
7637,914842,118119,erro_interno,err_internal_500,,False,1
7638,915159,118160,erro_interno,err_unexpected,,False,1
7639,915223,118170,timeout,err_timeout_408,,False,1
7640,915276,118178,timeout,err_timeout_408,,False,1
7641,915282,118179,timeout,err_gateway_timeout_504,,False,1
7642,915401,118195,timeout,err_timeout_408,,False,1
7643,915593,118217,erro_interno,err_unexpected,,False,1
7644,915695,118232,falha_autenticacao,err_auth_401,15,True,1
7645,915857,118253,falha_autenticacao,err_auth_401,,False,1
7646,915862,118254,timeout,err_gateway_timeout_504,,False,1
7647,915890,118257,timeout,err_gateway_timeout_504,,False,1
7648,915922,118260,timeout,err_gateway_timeout_504,,False,1
7649,916031,118273,timeout,err_gateway_timeout_504,,False,1
7650,916293,118305,timeout,err_gateway_timeout_504,35,True,1
7651,916449,118324,falha_autenticacao,err_credentials_invalid,,False,1
7652,916482,118329,timeout,err_gateway_timeout_504,28,True,1
7653,916501,118331,falha_autenticacao,err_auth_401,25,True,1
7654,916714,118359,timeout,err_timeout_408,,False,1
7655,916820,118371,erro_interno,err_internal_500,12,True,1
7656,917022,118401,timeout,err_timeout_408,,False,1
7657,917045,118404,timeout,err_timeout_408,51,True,1
7658,917168,118424,falha_autenticacao,err_credentials_invalid,,False,1
7659,917229,118432,erro_interno,err_internal_500,,False,1
7660,917239,118434,timeout,err_gateway_timeout_504,,False,1
7661,917384,118455,falha_autenticacao,err_credentials_invalid,12,True,1
7662,917681,118495,timeout,err_gateway_timeout_504,15,True,1
7663,917693,118496,timeout,err_timeout_408,,False,1
7664,917780,118509,timeout,err_timeout_408,,False,1
7665,917821,118516,timeout,err_gateway_timeout_504,,False,1
7666,917986,118541,timeout,err_timeout_408,,False,1
7667,918082,118555,timeout,err_timeout_408,39,True,1
7668,918130,118562,falha_autenticacao,err_credentials_invalid,,False,1
7669,918222,118576,timeout,err_gateway_timeout_504,,False,1
7670,918239,118579,erro_interno,err_internal_500,49,True,1
7671,918273,118584,falha_autenticacao,err_credentials_invalid,20,True,1
7672,918431,118609,falha_autenticacao,err_credentials_invalid,,False,1
7673,918455,118613,timeout,err_gateway_timeout_504,,False,1
7674,918474,118616,timeout,err_timeout_408,31,True,1
7675,918485,118618,servico_indisponivel,err_maintenance,,False,1
7676,918649,118642,timeout,err_gateway_timeout_504,,False,1
7677,918726,118654,timeout,err_timeout_408,39,True,1
7678,918798,118663,timeout,err_gateway_timeout_504,,False,1
7679,918799,118664,falha_autenticacao,err_auth_401,,False,1
7680,919195,118716,servico_indisponivel,err_maintenance,,False,1
7681,919341,118737,timeout,err_gateway_timeout_504,,False,1
7682,919353,118738,timeout,err_gateway_timeout_504,,False,1
7683,919489,118757,timeout,err_timeout_408,15,True,1
7684,919508,118759,conexao_interrompida,err_network_unreachable,,False,1
7685,919551,118765,timeout,err_timeout_408,21,True,1
7686,919672,118783,falha_autenticacao,err_credentials_invalid,,False,1
7687,919707,118788,timeout,err_timeout_408,38,True,1
7688,919708,118788,erro_interno,err_unexpected,,False,2
7689,920138,118849,servico_indisponivel,err_service_503,,False,1
7690,920252,118866,falha_autenticacao,err_auth_401,,False,1
7691,920317,118877,falha_autenticacao,err_credentials_invalid,39,True,1
7692,920421,118890,timeout,err_gateway_timeout_504,,False,1
7693,920736,118934,falha_autenticacao,err_credentials_invalid,16,True,1
7694,920788,118943,timeout,err_timeout_408,,False,1
7695,920829,118948,erro_interno,err_internal_500,18,True,1
7696,920906,118959,falha_autenticacao,err_auth_401,37,True,1
7697,920912,118960,timeout,err_timeout_408,18,True,1
7698,921054,118979,timeout,err_gateway_timeout_504,18,True,1
7699,921096,118984,falha_autenticacao,err_auth_401,,False,1
7700,921167,118995,timeout,err_gateway_timeout_504,23,True,1
7701,921604,119055,timeout,err_gateway_timeout_504,70,True,1
7702,921797,119083,timeout,err_timeout_408,27,True,1
7703,921888,119093,timeout,err_timeout_408,,False,1
7704,922192,119136,timeout,err_timeout_408,35,True,1
7705,922297,119152,timeout,err_gateway_timeout_504,15,True,1
7706,922324,119156,servico_indisponivel,err_service_503,24,True,1
7707,922403,119166,timeout,err_gateway_timeout_504,,False,1
7708,922495,119180,erro_interno,err_unexpected,7,True,1
7709,922541,119188,falha_autenticacao,err_credentials_invalid,,False,1
7710,922551,119189,timeout,err_gateway_timeout_504,,False,1
7711,922561,119190,timeout,err_timeout_408,,False,1
7712,922668,119203,falha_autenticacao,err_auth_401,,False,1
7713,923047,119257,falha_autenticacao,err_auth_401,,False,1
7714,923060,119259,falha_autenticacao,err_credentials_invalid,28,True,1
7715,923260,119284,timeout,err_timeout_408,,False,1
7716,923273,119286,timeout,err_timeout_408,27,True,1
7717,923323,119291,timeout,err_gateway_timeout_504,27,True,1
7718,923324,119291,timeout,err_gateway_timeout_504,,False,2
7719,923397,119302,servico_indisponivel,err_service_503,,False,1
7720,923402,119302,timeout,err_gateway_timeout_504,,False,1
7721,923514,119318,timeout,err_gateway_timeout_504,,False,1
7722,923647,119339,falha_autenticacao,err_credentials_invalid,,False,1
7723,923676,119344,falha_autenticacao,err_credentials_invalid,,False,1
7724,924050,119394,timeout,err_timeout_408,,False,1
7725,924167,119409,falha_autenticacao,err_credentials_invalid,20,True,1
7726,924189,119412,servico_indisponivel,err_service_503,,False,1
7727,924239,119418,erro_interno,err_unexpected,53,True,1
7728,924275,119423,erro_interno,err_unexpected,,False,1
7729,924348,119433,timeout,err_gateway_timeout_504,,False,1
7730,924452,119446,timeout,err_timeout_408,,False,1
7731,924576,119463,timeout,err_timeout_408,,False,1
7732,924591,119466,timeout,err_timeout_408,84,True,1
7733,924629,119471,timeout,err_gateway_timeout_504,16,True,1
7734,924685,119480,timeout,err_gateway_timeout_504,30,True,1
7735,924895,119510,erro_interno,err_unexpected,11,True,1
7736,925078,119537,erro_interno,err_internal_500,98,True,1
7737,925081,119537,timeout,err_gateway_timeout_504,81,True,1
7738,925163,119548,timeout,err_timeout_408,,False,1
7739,925352,119576,erro_interno,err_internal_500,107,True,1
7740,925379,119579,erro_interno,err_unexpected,,False,1
7741,925647,119615,timeout,err_gateway_timeout_504,18,True,1
7742,925770,119631,servico_indisponivel,err_service_503,36,True,1
7743,925785,119632,erro_interno,err_internal_500,12,True,1
7744,925795,119634,timeout,err_gateway_timeout_504,,False,1
7745,925797,119634,timeout,err_timeout_408,89,True,1
7746,925942,119652,timeout,err_gateway_timeout_504,30,True,1
7747,925945,119652,conexao_interrompida,err_connection_lost,480,True,1
7748,925961,119655,timeout,err_gateway_timeout_504,,False,1
7749,925971,119657,servico_indisponivel,err_service_503,,False,1
7750,926027,119665,timeout,err_gateway_timeout_504,54,True,1
7751,926138,119683,timeout,err_gateway_timeout_504,,False,1
7752,926153,119685,timeout,err_gateway_timeout_504,23,True,1
7753,926245,119698,timeout,err_gateway_timeout_504,39,True,1
7754,926288,119704,servico_indisponivel,err_maintenance,16,True,1
7755,926429,119722,timeout,err_timeout_408,,False,1
7756,926646,119751,erro_interno,err_unexpected,48,True,1
7757,926679,119755,timeout,err_timeout_408,49,True,1
7758,926694,119757,timeout,err_gateway_timeout_504,20,True,1
7759,926761,119765,falha_autenticacao,err_auth_401,,False,1
7760,926801,119770,erro_interno,err_unexpected,,False,1
7761,926908,119786,conexao_interrompida,err_connection_lost,,False,1
7762,927021,119802,timeout,err_timeout_408,,False,1
7763,927061,119807,servico_indisponivel,err_service_503,,False,1
7764,927069,119809,timeout,err_timeout_408,15,True,1
7765,927406,119855,timeout,err_timeout_408,69,True,1
7766,927478,119866,falha_autenticacao,err_auth_401,21,True,1
7767,927496,119869,servico_indisponivel,err_maintenance,,False,1
7768,927543,119875,timeout,err_gateway_timeout_504,,False,1
7769,927634,119888,timeout,err_timeout_408,50,True,1
7770,927689,119894,timeout,err_gateway_timeout_504,,False,1
7771,927840,119914,falha_autenticacao,err_credentials_invalid,19,True,1
7772,927859,119916,timeout,err_gateway_timeout_504,78,True,1
7773,928012,119936,timeout,err_timeout_408,52,True,1
7774,928111,119948,timeout,err_gateway_timeout_504,,False,1
7775,928233,119965,falha_autenticacao,err_auth_401,,False,1
7776,928372,119981,timeout,err_gateway_timeout_504,56,True,1
7777,928378,119982,erro_interno,err_internal_500,,False,1
7778,928410,119986,timeout,err_timeout_408,,False,1
7779,928486,119998,falha_autenticacao,err_credentials_invalid,26,True,1
7780,928669,120022,timeout,err_gateway_timeout_504,,False,1
7781,928914,120057,falha_autenticacao,err_credentials_invalid,16,True,1
7782,928931,120059,erro_interno,err_internal_500,65,True,1
7783,928932,120059,timeout,err_gateway_timeout_504,64,True,2
7784,928935,120059,erro_interno,err_internal_500,74,True,1
7785,928968,120063,timeout,err_gateway_timeout_504,,False,1
7786,929003,120068,erro_interno,err_internal_500,40,True,1
7787,929030,120072,timeout,err_gateway_timeout_504,27,True,1
7788,929075,120076,timeout,err_gateway_timeout_504,45,True,1
7789,929139,120085,timeout,err_timeout_408,,False,1
7790,929159,120089,timeout,err_gateway_timeout_504,,False,1
7791,929161,120089,timeout,err_gateway_timeout_504,75,True,1
7792,929257,120100,erro_interno,err_internal_500,,False,1
7793,929411,120121,timeout,err_timeout_408,79,True,1
7794,929557,120141,erro_interno,err_unexpected,,False,1
7795,929675,120155,timeout,err_timeout_408,,False,1
7796,929694,120158,timeout,err_gateway_timeout_504,17,True,1
7797,930099,120214,timeout,err_gateway_timeout_504,,False,1
7798,930469,120265,falha_autenticacao,err_auth_401,,False,1
7799,930555,120279,servico_indisponivel,err_service_503,22,True,1
7800,930572,120281,timeout,err_timeout_408,,False,1
7801,930587,120284,falha_autenticacao,err_auth_401,,False,1
7802,930785,120315,servico_indisponivel,err_maintenance,,False,1
7803,930834,120324,timeout,err_timeout_408,18,True,1
7804,930854,120327,timeout,err_gateway_timeout_504,,False,1
7805,930941,120339,timeout,err_gateway_timeout_504,59,True,1
7806,930945,120340,falha_autenticacao,err_credentials_invalid,15,True,1
7807,931044,120352,servico_indisponivel,err_service_503,,False,1
7808,931110,120362,erro_interno,err_internal_500,,False,1
7809,931120,120363,timeout,err_timeout_408,,False,1
7810,931169,120370,falha_autenticacao,err_credentials_invalid,17,True,1
7811,931193,120373,falha_autenticacao,err_auth_401,,False,1
7812,931235,120378,erro_interno,err_internal_500,44,True,1
7813,931282,120384,falha_autenticacao,err_credentials_invalid,20,True,1
7814,931320,120389,timeout,err_timeout_408,,False,1
7815,931434,120403,servico_indisponivel,err_service_503,,False,1
7816,931511,120413,falha_autenticacao,err_auth_401,,False,1
7817,931587,120425,servico_indisponivel,err_maintenance,,False,1
7818,931688,120438,servico_indisponivel,err_maintenance,,False,1
7819,931788,120453,timeout,err_timeout_408,16,True,1
7820,931825,120457,timeout,err_timeout_408,29,True,1
7821,931828,120457,timeout,err_timeout_408,62,True,1
7822,931906,120466,timeout,err_gateway_timeout_504,92,True,1
7823,931944,120473,timeout,err_gateway_timeout_504,44,True,1
7824,932054,120488,timeout,err_timeout_408,40,True,1
7825,932098,120494,erro_interno,err_internal_500,11,True,1
7826,932112,120496,servico_indisponivel,err_maintenance,101,True,1
7827,932385,120532,servico_indisponivel,err_service_503,,False,1
7828,932395,120533,timeout,err_gateway_timeout_504,,False,1
7829,932401,120534,falha_autenticacao,err_credentials_invalid,,False,1
7830,932434,120539,timeout,err_gateway_timeout_504,41,True,1
7831,932527,120551,timeout,err_gateway_timeout_504,15,True,1
7832,932538,120553,falha_autenticacao,err_auth_401,32,True,1
7833,932682,120572,timeout,err_gateway_timeout_504,18,True,1
7834,932690,120573,timeout,err_timeout_408,27,True,1
7835,932842,120592,erro_interno,err_unexpected,55,True,1
7836,933084,120627,erro_interno,err_internal_500,,False,1
7837,933088,120628,falha_autenticacao,err_auth_401,,False,1
7838,933109,120630,timeout,err_gateway_timeout_504,30,True,1
7839,933148,120636,erro_interno,err_internal_500,,False,1
7840,933149,120636,servico_indisponivel,err_service_503,,False,2
7841,933341,120662,falha_autenticacao,err_credentials_invalid,,False,1
7842,933391,120669,erro_interno,err_unexpected,,False,1
7843,933501,120685,timeout,err_timeout_408,56,True,1
7844,933557,120692,falha_autenticacao,err_credentials_invalid,40,True,1
7845,933560,120692,timeout,err_timeout_408,,False,1
7846,933639,120703,timeout,err_gateway_timeout_504,,False,1
7847,933828,120731,servico_indisponivel,err_service_503,,False,1
7848,934002,120752,timeout,err_gateway_timeout_504,41,True,1
7849,934172,120777,timeout,err_timeout_408,50,True,1
7850,934316,120798,falha_autenticacao,err_auth_401,41,True,1
7851,934439,120814,timeout,err_gateway_timeout_504,,False,1
7852,934598,120836,timeout,err_timeout_408,49,True,1
7853,934660,120845,timeout,err_gateway_timeout_504,47,True,1
7854,934661,120845,timeout,err_timeout_408,32,True,2
7855,934884,120877,falha_autenticacao,err_auth_401,14,True,1
7856,935053,120903,timeout,err_timeout_408,32,True,1
7857,935129,120912,timeout,err_timeout_408,,False,1
7858,935321,120941,falha_autenticacao,err_auth_401,,False,1
7859,935443,120956,falha_autenticacao,err_credentials_invalid,13,True,1
7860,935582,120974,timeout,err_timeout_408,,False,1
7861,935693,120990,erro_interno,err_internal_500,41,True,1
7862,935715,120993,timeout,err_timeout_408,,False,1
7863,935769,121001,timeout,err_gateway_timeout_504,118,True,1
7864,935812,121005,timeout,err_timeout_408,28,True,1
7865,935820,121006,conexao_interrompida,err_network_unreachable,,False,1
7866,935956,121024,servico_indisponivel,err_service_503,,False,1
7867,936119,121044,timeout,err_gateway_timeout_504,33,True,1
7868,936177,121055,falha_autenticacao,err_credentials_invalid,14,True,1
7869,936305,121074,falha_autenticacao,err_auth_401,,False,1
7870,936408,121088,falha_autenticacao,err_credentials_invalid,28,True,1
7871,936574,121111,falha_autenticacao,err_credentials_invalid,21,True,1
7872,936768,121136,falha_autenticacao,err_credentials_invalid,,False,1
7873,936769,121137,timeout,err_gateway_timeout_504,30,True,1
7874,936816,121143,timeout,err_gateway_timeout_504,47,True,1
7875,936996,121168,timeout,err_timeout_408,26,True,1
7876,937039,121174,timeout,err_timeout_408,,False,1
7877,937061,121178,erro_interno,err_unexpected,79,True,1
7878,937097,121184,erro_interno,err_unexpected,,False,1
7879,937300,121212,timeout,err_gateway_timeout_504,53,True,1
7880,937303,121212,timeout,err_gateway_timeout_504,,False,1
7881,937307,121212,timeout,err_timeout_408,,False,1
7882,937349,121216,timeout,err_timeout_408,48,True,1
7883,937462,121232,servico_indisponivel,err_maintenance,,False,1
7884,937639,121257,timeout,err_gateway_timeout_504,,False,1
7885,937817,121280,servico_indisponivel,err_service_503,29,True,1
7886,937852,121284,timeout,err_timeout_408,117,True,1
7887,937864,121285,timeout,err_gateway_timeout_504,,False,1
7888,937908,121292,timeout,err_timeout_408,,False,1
7889,937947,121299,falha_autenticacao,err_auth_401,23,True,1
7890,937981,121302,timeout,err_timeout_408,,False,1
7891,938054,121312,timeout,err_timeout_408,124,True,1
7892,938173,121328,timeout,err_timeout_408,,False,1
7893,938476,121367,timeout,err_gateway_timeout_504,,False,1
7894,938561,121379,timeout,err_gateway_timeout_504,20,True,1
7895,938595,121384,timeout,err_timeout_408,,False,1
7896,938840,121419,timeout,err_timeout_408,40,True,1
7897,938872,121424,erro_interno,err_unexpected,62,True,1
7898,938971,121436,servico_indisponivel,err_service_503,,False,1
7899,939083,121451,erro_interno,err_internal_500,30,True,1
7900,939334,121485,falha_autenticacao,err_credentials_invalid,,False,1
7901,939394,121493,timeout,err_timeout_408,,False,1
7902,939409,121496,timeout,err_gateway_timeout_504,,False,1
7903,939506,121511,timeout,err_gateway_timeout_504,28,True,1
7904,939606,121526,falha_autenticacao,err_credentials_invalid,16,True,1
7905,939850,121559,timeout,err_timeout_408,56,True,1
7906,939873,121561,erro_interno,err_internal_500,39,True,1
7907,939907,121565,erro_interno,err_internal_500,,False,1
7908,940250,121610,timeout,err_gateway_timeout_504,15,True,1
7909,940306,121617,timeout,err_gateway_timeout_504,22,True,1
7910,940330,121620,erro_interno,err_unexpected,,False,1
7911,940446,121638,falha_autenticacao,err_credentials_invalid,19,True,1
7912,940581,121656,timeout,err_gateway_timeout_504,,False,1
7913,940838,121685,timeout,err_timeout_408,23,True,1
7914,940951,121697,timeout,err_timeout_408,12,True,1
7915,941055,121710,servico_indisponivel,err_service_503,,False,1
7916,941093,121715,timeout,err_timeout_408,,False,1
7917,941201,121726,falha_autenticacao,err_auth_401,,False,1
7918,941209,121728,servico_indisponivel,err_service_503,,False,1
7919,941252,121732,erro_interno,err_unexpected,48,True,1
7920,941255,121732,timeout,err_gateway_timeout_504,25,True,1
7921,941399,121747,timeout,err_timeout_408,28,True,1
7922,941547,121762,timeout,err_timeout_408,158,True,1
7923,941689,121777,timeout,err_gateway_timeout_504,,False,1
7924,941782,121787,timeout,err_gateway_timeout_504,35,True,1
7925,941874,121796,timeout,err_timeout_408,75,True,1
7926,941981,121808,timeout,err_gateway_timeout_504,,False,1
7927,942066,121816,timeout,err_timeout_408,33,True,1
7928,942137,121824,erro_interno,err_internal_500,66,True,1
7929,942185,121829,falha_autenticacao,err_credentials_invalid,34,True,1
7930,942349,121850,falha_autenticacao,err_auth_401,28,True,1
7931,942791,121891,timeout,err_gateway_timeout_504,,False,1
7932,942936,121907,erro_interno,err_unexpected,,False,1
7933,943128,121928,timeout,err_gateway_timeout_504,15,True,1
7934,943368,121951,timeout,err_timeout_408,73,True,1
7935,943413,121955,timeout,err_gateway_timeout_504,11,True,1
7936,943751,121994,timeout,err_gateway_timeout_504,,False,1
7937,943889,122008,timeout,err_gateway_timeout_504,80,True,1
7938,944176,122038,erro_interno,err_unexpected,,False,1
7939,944383,122062,timeout,err_timeout_408,,False,1
7940,944466,122071,erro_interno,err_internal_500,,False,1
7941,944480,122073,timeout,err_timeout_408,51,True,1
7942,944593,122085,timeout,err_timeout_408,,False,1
7943,944961,122125,erro_interno,err_unexpected,,False,1
7944,945016,122132,falha_autenticacao,err_auth_401,30,True,1
7945,945019,122132,timeout,err_gateway_timeout_504,,False,1
7946,945036,122134,timeout,err_timeout_408,22,True,1
7947,945217,122153,erro_interno,err_internal_500,8,True,1
7948,945465,122181,timeout,err_timeout_408,,False,1
7949,945480,122183,servico_indisponivel,err_maintenance,,False,1
7950,945516,122187,servico_indisponivel,err_service_503,,False,1
7951,945517,122187,timeout,err_gateway_timeout_504,131,True,2
7952,945716,122210,erro_interno,err_internal_500,16,True,1
7953,946140,122258,falha_autenticacao,err_auth_401,,False,1
7954,946483,122293,timeout,err_gateway_timeout_504,,False,1
7955,946484,122293,falha_autenticacao,err_credentials_invalid,,False,2
7956,946487,122293,timeout,err_gateway_timeout_504,,False,1
7957,946634,122308,timeout,err_timeout_408,49,True,1
7958,946722,122316,erro_interno,err_internal_500,,False,1
7959,947050,122348,timeout,err_timeout_408,35,True,1
7960,947620,122407,falha_autenticacao,err_auth_401,,False,1
7961,947634,122409,erro_interno,err_unexpected,,False,1
7962,947890,122435,erro_interno,err_unexpected,,False,1
7963,948481,122499,timeout,err_gateway_timeout_504,,False,1
7964,948537,122505,erro_interno,err_unexpected,,False,1
7965,948551,122507,timeout,err_timeout_408,99,True,1
7966,948802,122535,timeout,err_timeout_408,,False,1
7967,948916,122549,timeout,err_timeout_408,,False,1
7968,949041,122565,servico_indisponivel,err_service_503,,False,1
7969,949322,122595,falha_autenticacao,err_auth_401,18,True,1
7970,949486,122610,falha_autenticacao,err_auth_401,,False,1
7971,949630,122627,timeout,err_gateway_timeout_504,17,True,1
7972,949741,122639,falha_autenticacao,err_auth_401,27,True,1
7973,949822,122647,servico_indisponivel,err_maintenance,36,True,1
7974,949823,122647,timeout,err_timeout_408,16,True,2
7975,949824,122647,timeout,err_gateway_timeout_504,,False,3
7976,950005,122666,timeout,err_timeout_408,,False,1
7977,950373,122705,timeout,err_gateway_timeout_504,97,True,1
7978,950781,122746,timeout,err_timeout_408,,False,1
7979,950851,122755,erro_interno,err_internal_500,,False,1
7980,951117,122782,timeout,err_gateway_timeout_504,25,True,1
7981,951211,122793,timeout,err_gateway_timeout_504,18,True,1
7982,951256,122797,erro_interno,err_internal_500,,False,1
7983,951367,122808,erro_interno,err_unexpected,,False,1
7984,951444,122816,timeout,err_gateway_timeout_504,55,True,1
7985,951474,122819,timeout,err_gateway_timeout_504,80,True,1
7986,951783,122849,timeout,err_timeout_408,44,True,1
7987,951786,122849,timeout,err_timeout_408,76,True,1
7988,951919,122861,erro_interno,err_unexpected,34,True,1
7989,951930,122862,erro_interno,err_internal_500,,False,1
7990,952040,122874,timeout,err_gateway_timeout_504,21,True,1
7991,952074,122879,servico_indisponivel,err_maintenance,,False,1
7992,952190,122894,falha_autenticacao,err_auth_401,17,True,1
7993,952229,122898,timeout,err_gateway_timeout_504,,False,1
7994,953034,122986,timeout,err_timeout_408,,False,1
7995,953126,122996,erro_interno,err_unexpected,,False,1
7996,953180,123001,timeout,err_timeout_408,23,True,1
7997,953505,123035,timeout,err_gateway_timeout_504,,False,1
7998,953696,123057,erro_interno,err_internal_500,,False,1
7999,954065,123095,erro_interno,err_unexpected,13,True,1
8000,954105,123101,falha_autenticacao,err_credentials_invalid,14,True,1
8001,954393,123134,timeout,err_timeout_408,16,True,1
8002,954394,123134,falha_autenticacao,err_credentials_invalid,30,True,2
8003,954414,123135,timeout,err_gateway_timeout_504,245,True,1
8004,954426,123136,erro_interno,err_internal_500,,False,1
8005,954578,123151,timeout,err_gateway_timeout_504,,False,1
8006,954931,123190,erro_interno,err_unexpected,7,True,1
8007,954992,123197,timeout,err_timeout_408,85,True,1
8008,955090,123208,falha_autenticacao,err_auth_401,,False,1
8009,955238,123226,erro_interno,err_unexpected,,False,1
8010,955340,123237,timeout,err_gateway_timeout_504,19,True,1
8011,955769,123285,timeout,err_gateway_timeout_504,102,True,1
8012,955991,123306,falha_autenticacao,err_auth_401,15,True,1
8013,956239,123333,falha_autenticacao,err_auth_401,17,True,1
8014,956346,123345,falha_autenticacao,err_credentials_invalid,,False,1
8015,956347,123345,timeout,err_timeout_408,21,True,2
8016,956536,123365,timeout,err_timeout_408,14,True,1
8017,957046,123420,servico_indisponivel,err_maintenance,131,True,1
8018,957283,123443,erro_interno,err_unexpected,,False,1
8019,957407,123457,timeout,err_gateway_timeout_504,,False,1
8020,957492,123466,erro_interno,err_internal_500,,False,1
8021,957528,123470,erro_interno,err_unexpected,29,True,1
8022,957912,123507,erro_interno,err_internal_500,,False,1
8023,958107,123530,timeout,err_gateway_timeout_504,81,True,1
8024,958269,123545,erro_interno,err_unexpected,,False,1
8025,958447,123565,timeout,err_gateway_timeout_504,51,True,1
8026,958546,123575,timeout,err_gateway_timeout_504,,False,1
8027,958699,123589,timeout,err_timeout_408,40,True,1
8028,958744,123593,erro_interno,err_unexpected,75,True,1
8029,958903,123611,timeout,err_gateway_timeout_504,,False,1
8030,959084,123631,timeout,err_gateway_timeout_504,,False,1
8031,959517,123681,erro_interno,err_internal_500,7,True,1
8032,959938,123724,timeout,err_timeout_408,,False,1
8033,960150,123749,timeout,err_gateway_timeout_504,16,True,1
8034,961187,123859,timeout,err_timeout_408,,False,1
8035,961288,123870,timeout,err_gateway_timeout_504,22,True,1
8036,961679,123908,timeout,err_timeout_408,,False,1
8037,961704,123912,falha_autenticacao,err_auth_401,11,True,1
8038,961775,123918,erro_interno,err_unexpected,79,True,1
8039,961796,123920,timeout,err_gateway_timeout_504,36,True,1
8040,961797,123920,erro_interno,err_unexpected,,False,2
8041,961809,123922,erro_interno,err_unexpected,,False,1
8042,961813,123923,erro_interno,err_unexpected,,False,1
8043,961930,123936,falha_autenticacao,err_credentials_invalid,,False,1
8044,962042,123950,timeout,err_gateway_timeout_504,,False,1
8045,962292,123977,timeout,err_timeout_408,124,True,1
8046,962352,123984,timeout,err_gateway_timeout_504,49,True,1
8047,962594,124009,servico_indisponivel,err_maintenance,,False,1
8048,962691,124020,timeout,err_gateway_timeout_504,,False,1
8049,962825,124033,timeout,err_gateway_timeout_504,,False,1
8050,963047,124058,timeout,err_gateway_timeout_504,,False,1
8051,963156,124070,falha_autenticacao,err_auth_401,13,True,1
8052,963362,124093,timeout,err_gateway_timeout_504,30,True,1
8053,963396,124096,erro_interno,err_unexpected,,False,1
8054,963420,124098,erro_interno,err_internal_500,,False,1
8055,963531,124110,timeout,err_timeout_408,,False,1
8056,963561,124114,timeout,err_gateway_timeout_504,,False,1
8057,963627,124121,erro_interno,err_internal_500,,False,1
8058,963705,124127,timeout,err_gateway_timeout_504,,False,1
8059,963722,124129,timeout,err_timeout_408,65,True,1
8060,963734,124130,timeout,err_timeout_408,35,True,1
8061,963928,124153,timeout,err_timeout_408,,False,1
8062,964219,124182,falha_autenticacao,err_auth_401,,False,1
8063,964233,124184,timeout,err_gateway_timeout_504,14,True,1
8064,964277,124189,timeout,err_timeout_408,,False,1
8065,964564,124217,timeout,err_gateway_timeout_504,17,True,1
8066,964768,124240,timeout,err_gateway_timeout_504,14,True,1
8067,964813,124246,erro_interno,err_internal_500,,False,1
8068,964962,124260,timeout,err_timeout_408,,False,1
8069,965593,124321,erro_interno,err_unexpected,,False,1
8070,965658,124328,timeout,err_gateway_timeout_504,,False,1
8071,965717,124335,erro_interno,err_unexpected,41,True,1
8072,965733,124336,erro_interno,err_unexpected,,False,1
8073,965799,124344,falha_autenticacao,err_auth_401,24,True,1
8074,966142,124378,falha_autenticacao,err_auth_401,16,True,1
8075,966280,124391,erro_interno,err_internal_500,83,True,1
8076,966400,124404,timeout,err_timeout_408,14,True,1
8077,966515,124418,timeout,err_gateway_timeout_504,10,True,1
8078,966688,124434,timeout,err_gateway_timeout_504,17,True,1
8079,966708,124435,timeout,err_gateway_timeout_504,48,True,1
8080,967069,124471,timeout,err_gateway_timeout_504,,False,1
8081,967171,124482,timeout,err_gateway_timeout_504,23,True,1
8082,967213,124486,erro_interno,err_unexpected,10,True,1
8083,967278,124491,timeout,err_gateway_timeout_504,86,True,1
8084,967284,124492,falha_autenticacao,err_auth_401,20,True,1
8085,967291,124492,timeout,err_timeout_408,40,True,1
8086,967476,124512,erro_interno,err_unexpected,63,True,1
8087,967481,124512,erro_interno,err_internal_500,61,True,1
8088,967728,124540,conexao_interrompida,err_connection_lost,41,True,1
8089,967835,124554,falha_autenticacao,err_auth_401,,False,1
8090,967858,124556,erro_interno,err_internal_500,61,True,1
8091,968002,124571,erro_interno,err_unexpected,147,True,1
8092,968187,124593,falha_autenticacao,err_auth_401,16,True,1
8093,968228,124597,timeout,err_timeout_408,17,True,1
8094,968338,124608,timeout,err_timeout_408,29,True,1
8095,968502,124627,timeout,err_gateway_timeout_504,12,True,1
8096,968532,124631,erro_interno,err_unexpected,10,True,1
8097,968540,124632,erro_interno,err_internal_500,8,True,1
8098,968849,124669,falha_autenticacao,err_credentials_invalid,18,True,1
8099,968877,124672,servico_indisponivel,err_service_503,,False,1
8100,969382,124724,timeout,err_timeout_408,,False,1
8101,969487,124733,timeout,err_timeout_408,,False,1
8102,969532,124739,timeout,err_gateway_timeout_504,24,True,1
8103,969722,124760,timeout,err_timeout_408,,False,1
8104,969854,124775,timeout,err_gateway_timeout_504,,False,1
8105,969918,124780,servico_indisponivel,err_maintenance,40,True,1
8106,970211,124810,timeout,err_gateway_timeout_504,,False,1
8107,970237,124814,falha_autenticacao,err_credentials_invalid,,False,1
8108,970240,124815,timeout,err_gateway_timeout_504,82,True,1
8109,970282,124818,timeout,err_gateway_timeout_504,87,True,1
8110,970292,124819,timeout,err_timeout_408,,False,1
8111,970706,124861,timeout,err_gateway_timeout_504,,False,1
8112,971000,124891,erro_interno,err_unexpected,8,True,1
8113,971095,124902,timeout,err_gateway_timeout_504,70,True,1
8114,971098,124902,timeout,err_timeout_408,36,True,1
8115,971264,124921,timeout,err_gateway_timeout_504,,False,1
8116,971328,124929,erro_interno,err_unexpected,,False,1
8117,971521,124950,timeout,err_gateway_timeout_504,25,True,1
8118,971721,124970,erro_interno,err_unexpected,,False,1
8119,971943,124996,timeout,err_timeout_408,12,True,1
8120,972463,125051,erro_interno,err_internal_500,,False,1
8121,972584,125065,timeout,err_timeout_408,,False,1
8122,972588,125065,timeout,err_timeout_408,,False,1
8123,972608,125067,timeout,err_timeout_408,,False,1
8124,972615,125068,timeout,err_gateway_timeout_504,54,True,1
8125,972674,125074,timeout,err_gateway_timeout_504,,False,1
8126,972740,125081,timeout,err_timeout_408,,False,1
8127,972743,125081,timeout,err_timeout_408,,False,1
8128,972877,125098,timeout,err_timeout_408,42,True,1
8129,973023,125113,falha_autenticacao,err_credentials_invalid,19,True,1
8130,973323,125140,timeout,err_timeout_408,,False,1
8131,973632,125173,servico_indisponivel,err_service_503,,False,1
8132,973771,125189,timeout,err_timeout_408,36,True,1
8133,973822,125195,timeout,err_timeout_408,82,True,1
8134,974138,125230,timeout,err_gateway_timeout_504,73,True,1
8135,974550,125271,falha_autenticacao,err_auth_401,14,True,1
8136,974598,125274,erro_interno,err_unexpected,,False,1
8137,974638,125278,timeout,err_gateway_timeout_504,75,True,1
8138,974643,125278,timeout,err_gateway_timeout_504,,False,1
8139,974670,125282,timeout,err_timeout_408,55,True,1
8140,975305,125356,timeout,err_gateway_timeout_504,21,True,1
8141,975497,125377,timeout,err_gateway_timeout_504,,False,1
8142,975536,125382,timeout,err_gateway_timeout_504,34,True,1
8143,975627,125390,erro_interno,err_internal_500,,False,1
8144,975938,125426,timeout,err_timeout_408,17,True,1
8145,975961,125428,erro_interno,err_internal_500,22,True,1
8146,976012,125434,erro_interno,err_unexpected,,False,1
8147,976035,125437,timeout,err_gateway_timeout_504,20,True,1
8148,976138,125449,timeout,err_gateway_timeout_504,15,True,1
8149,976169,125453,falha_autenticacao,err_credentials_invalid,,False,1
8150,976191,125456,falha_autenticacao,err_auth_401,28,True,1
8151,976791,125521,servico_indisponivel,err_service_503,38,True,1
8152,977032,125546,erro_interno,err_unexpected,,False,1
8153,977085,125551,timeout,err_timeout_408,60,True,1
8154,977267,125570,timeout,err_gateway_timeout_504,17,True,1
8155,977453,125589,timeout,err_gateway_timeout_504,,False,1
8156,977611,125608,timeout,err_gateway_timeout_504,100,True,1
8157,977671,125613,erro_interno,err_internal_500,48,True,1
8158,977925,125640,erro_interno,err_unexpected,47,True,1
8159,978566,125708,timeout,err_gateway_timeout_504,,False,1
8160,978755,125729,timeout,err_gateway_timeout_504,,False,1
8161,978808,125735,falha_autenticacao,err_credentials_invalid,30,True,1
8162,979046,125762,timeout,err_timeout_408,,False,1
8163,979121,125770,timeout,err_timeout_408,20,True,1
8164,979273,125787,falha_autenticacao,err_credentials_invalid,21,True,1
8165,979459,125808,timeout,err_timeout_408,,False,1
8166,979529,125816,falha_autenticacao,err_credentials_invalid,32,True,1
8167,979716,125834,timeout,err_gateway_timeout_504,,False,1
8168,979828,125843,timeout,err_gateway_timeout_504,205,True,1
8169,980026,125862,timeout,err_gateway_timeout_504,,False,1
8170,980095,125869,timeout,err_gateway_timeout_504,20,True,1
8171,980217,125880,timeout,err_timeout_408,28,True,1
8172,980230,125880,erro_interno,err_internal_500,98,True,1
8173,980254,125883,timeout,err_timeout_408,,False,1
8174,980255,125884,timeout,err_timeout_408,,False,1
8175,980370,125896,falha_autenticacao,err_credentials_invalid,,False,1
8176,980864,125947,timeout,err_gateway_timeout_504,,False,1
8177,980941,125956,falha_autenticacao,err_credentials_invalid,14,True,1
8178,980956,125958,timeout,err_timeout_408,,False,1
8179,981417,126005,erro_interno,err_internal_500,,False,1
8180,981477,126012,timeout,err_timeout_408,11,True,1
8181,981813,126048,erro_interno,err_internal_500,8,True,1
8182,981868,126053,timeout,err_gateway_timeout_504,,False,1
8183,981908,126058,timeout,err_timeout_408,63,True,1
8184,982092,126079,timeout,err_gateway_timeout_504,15,True,1
8185,982601,126137,timeout,err_timeout_408,,False,1
8186,982811,126159,timeout,err_timeout_408,43,True,1
8187,982990,126179,timeout,err_timeout_408,,False,1
8188,983003,126181,erro_interno,err_unexpected,21,True,1
8189,983054,126187,servico_indisponivel,err_service_503,,False,1
8190,983333,126214,erro_interno,err_internal_500,,False,1
8191,983866,126277,falha_autenticacao,err_auth_401,11,True,1
8192,983932,126286,falha_autenticacao,err_credentials_invalid,,False,1
8193,984041,126297,servico_indisponivel,err_maintenance,,False,1
8194,984414,126337,timeout,err_gateway_timeout_504,,False,1
8195,984521,126348,erro_interno,err_unexpected,11,True,1
8196,984881,126388,falha_autenticacao,err_credentials_invalid,,False,1
8197,985023,126402,erro_interno,err_unexpected,,False,1
8198,985188,126420,erro_interno,err_unexpected,,False,1
8199,985300,126432,timeout,err_gateway_timeout_504,18,True,1
8200,985307,126432,timeout,err_gateway_timeout_504,146,True,1
8201,985332,126434,timeout,err_timeout_408,,False,1
8202,985372,126439,timeout,err_gateway_timeout_504,22,True,1
8203,985382,126440,timeout,err_gateway_timeout_504,25,True,1
8204,985464,126447,timeout,err_timeout_408,,False,1
8205,986137,126519,timeout,err_gateway_timeout_504,65,True,1
8206,986198,126525,falha_autenticacao,err_auth_401,33,True,1
8207,986213,126527,timeout,err_gateway_timeout_504,39,True,1
8208,986340,126539,falha_autenticacao,err_credentials_invalid,20,True,1
8209,986560,126562,erro_interno,err_internal_500,,False,1
8210,986576,126563,timeout,err_timeout_408,53,True,1
8211,986769,126585,timeout,err_gateway_timeout_504,27,True,1
8212,986850,126593,falha_autenticacao,err_auth_401,19,True,1
8213,986900,126599,erro_interno,err_unexpected,,False,1
8214,986964,126607,erro_interno,err_internal_500,,False,1
8215,987056,126620,falha_autenticacao,err_auth_401,,False,1
8216,987355,126657,falha_autenticacao,err_auth_401,11,True,1
8217,987671,126690,timeout,err_timeout_408,63,True,1
8218,987924,126714,timeout,err_timeout_408,,False,1
8219,988296,126755,erro_interno,err_unexpected,,False,1
8220,988875,126816,timeout,err_timeout_408,48,True,1
8221,989129,126843,timeout,err_timeout_408,12,True,1
8222,989171,126846,timeout,err_timeout_408,22,True,1
8223,989298,126860,timeout,err_timeout_408,119,True,1
8224,989306,126861,timeout,err_timeout_408,57,True,1
8225,989965,126929,timeout,err_gateway_timeout_504,,False,1
8226,990198,126953,falha_autenticacao,err_credentials_invalid,,False,1
8227,990273,126962,servico_indisponivel,err_maintenance,,False,1
8228,990276,126963,servico_indisponivel,err_service_503,,False,1
8229,990374,126974,erro_interno,err_unexpected,,False,1
8230,990438,126981,falha_autenticacao,err_auth_401,,False,1
8231,990592,126997,timeout,err_gateway_timeout_504,102,True,1
8232,990890,127026,erro_interno,err_unexpected,,False,1
8233,991107,127048,erro_interno,err_internal_500,,False,1
8234,991108,127048,timeout,err_gateway_timeout_504,88,True,2
8235,991220,127060,erro_interno,err_internal_500,,False,1
8236,991379,127078,erro_interno,err_unexpected,,False,1
8237,991453,127088,timeout,err_gateway_timeout_504,53,True,1
8238,991546,127098,timeout,err_gateway_timeout_504,175,True,1
8239,991645,127110,erro_interno,err_unexpected,28,True,1
8240,992135,127160,erro_interno,err_unexpected,,False,1
8241,992192,127165,erro_interno,err_internal_500,,False,1
8242,992470,127190,timeout,err_gateway_timeout_504,55,True,1
8243,992620,127207,timeout,err_gateway_timeout_504,,False,1
8244,992763,127223,falha_autenticacao,err_auth_401,14,True,1
8245,992859,127232,erro_interno,err_unexpected,71,True,1
8246,992984,127246,timeout,err_timeout_408,73,True,1
8247,993113,127260,erro_interno,err_internal_500,201,True,1
8248,993717,127325,timeout,err_timeout_408,,False,1
8249,993993,127355,timeout,err_timeout_408,44,True,1
8250,994448,127405,falha_autenticacao,err_credentials_invalid,29,True,1
8251,994453,127405,erro_interno,err_unexpected,,False,1
8252,994544,127414,falha_autenticacao,err_auth_401,,False,1
8253,994829,127446,erro_interno,err_unexpected,16,True,1
8254,995273,127496,timeout,err_timeout_408,,False,1
8255,995309,127500,falha_autenticacao,err_credentials_invalid,,False,1
8256,995680,127541,timeout,err_timeout_408,,False,1
8257,995719,127545,erro_interno,err_unexpected,43,True,1
8258,995899,127564,erro_interno,err_internal_500,72,True,1
8259,996036,127578,falha_autenticacao,err_auth_401,10,True,1
8260,996037,127578,timeout,err_gateway_timeout_504,14,True,2
8261,996235,127599,timeout,err_timeout_408,,False,1
8262,997488,127737,erro_interno,err_unexpected,,False,1
8263,997638,127753,servico_indisponivel,err_service_503,78,True,1
8264,997929,127783,timeout,err_timeout_408,77,True,1
8265,997971,127786,timeout,err_gateway_timeout_504,53,True,1
8266,998053,127795,falha_autenticacao,err_credentials_invalid,,False,1
8267,998293,127821,falha_autenticacao,err_auth_401,13,True,1
8268,998408,127832,erro_interno,err_unexpected,22,True,1
8269,998419,127833,erro_interno,err_internal_500,72,True,1
8270,998809,127876,erro_interno,err_internal_500,85,True,1
8271,998829,127879,falha_autenticacao,err_auth_401,,False,1
8272,998830,127879,servico_indisponivel,err_service_503,,False,2
8273,999045,127897,timeout,err_timeout_408,31,True,1
8274,999351,127928,falha_autenticacao,err_auth_401,,False,1
8275,999360,127929,erro_interno,err_internal_500,61,True,1
8276,999387,127933,timeout,err_gateway_timeout_504,,False,1
8277,999828,127977,timeout,err_timeout_408,14,True,1
8278,1000022,128000,falha_autenticacao,err_auth_401,21,True,1
8279,1000279,128026,timeout,err_timeout_408,51,True,1
8280,1000656,128064,timeout,err_timeout_408,,False,1
8281,1000673,128066,falha_autenticacao,err_credentials_invalid,17,True,1
8282,1000900,128086,falha_autenticacao,err_credentials_invalid,16,True,1
8283,1000963,128092,timeout,err_gateway_timeout_504,17,True,1
8284,1001169,128115,timeout,err_gateway_timeout_504,,False,1
8285,1001191,128119,timeout,err_gateway_timeout_504,81,True,1
8286,1001432,128145,timeout,err_gateway_timeout_504,17,True,1
8287,1001884,128190,timeout,err_timeout_408,,False,1
8288,1002118,128216,timeout,err_gateway_timeout_504,,False,1
8289,1002255,128231,erro_interno,err_internal_500,,False,1
8290,1002313,128237,timeout,err_gateway_timeout_504,63,True,1
8291,1002485,128256,falha_autenticacao,err_credentials_invalid,16,True,1
8292,1002598,128266,timeout,err_gateway_timeout_504,,False,1
8293,1002753,128284,timeout,err_timeout_408,,False,1
8294,1002778,128286,falha_autenticacao,err_auth_401,20,True,1
8295,1002952,128303,timeout,err_timeout_408,,False,1
8296,1003463,128353,timeout,err_gateway_timeout_504,,False,1
8297,1003551,128362,timeout,err_timeout_408,16,True,1
8298,1003785,128385,timeout,err_gateway_timeout_504,,False,1
8299,1003852,128393,erro_interno,err_internal_500,7,True,1
8300,1003879,128396,falha_autenticacao,err_credentials_invalid,,False,1
8301,1003925,128402,timeout,err_gateway_timeout_504,19,True,1
8302,1004292,128440,timeout,err_timeout_408,66,True,1
8303,1004621,128474,erro_interno,err_unexpected,,False,1
8304,1004643,128477,timeout,err_timeout_408,,False,1
8305,1005261,128538,timeout,err_timeout_408,,False,1
8306,1005281,128541,erro_interno,err_unexpected,8,True,1
8307,1005305,128545,servico_indisponivel,err_maintenance,11,True,1
8308,1005315,128546,falha_autenticacao,err_credentials_invalid,34,True,1
8309,1005451,128559,servico_indisponivel,err_service_503,,False,1
8310,1005493,128565,timeout,err_timeout_408,23,True,1
8311,1005649,128582,timeout,err_gateway_timeout_504,102,True,1
8312,1005782,128596,falha_autenticacao,err_credentials_invalid,12,True,1
8313,1006028,128622,erro_interno,err_internal_500,10,True,1
8314,1006248,128644,conexao_interrompida,err_network_unreachable,52,True,1
8315,1006485,128668,erro_interno,err_unexpected,,False,1
8316,1006732,128696,timeout,err_gateway_timeout_504,,False,1
8317,1006894,128716,timeout,err_gateway_timeout_504,70,True,1
8318,1007159,128744,timeout,err_gateway_timeout_504,,False,1
8319,1007195,128748,timeout,err_timeout_408,37,True,1
8320,1007260,128756,timeout,err_gateway_timeout_504,,False,1
8321,1007278,128759,timeout,err_timeout_408,15,True,1
8322,1007315,128763,timeout,err_timeout_408,20,True,1
8323,1007510,128785,timeout,err_gateway_timeout_504,,False,1
8324,1007720,128808,timeout,err_timeout_408,44,True,1
8325,1007748,128810,erro_interno,err_unexpected,,False,1
8326,1007840,128820,timeout,err_gateway_timeout_504,17,True,1
8327,1008228,128861,timeout,err_gateway_timeout_504,30,True,1
8328,1008435,128881,falha_autenticacao,err_auth_401,23,True,1
8329,1008674,128905,timeout,err_timeout_408,35,True,1
8330,1008792,128916,falha_autenticacao,err_credentials_invalid,17,True,1
8331,1008838,128921,falha_autenticacao,err_credentials_invalid,,False,1
8332,1008869,128923,servico_indisponivel,err_service_503,,False,1
8333,1009029,128938,timeout,err_gateway_timeout_504,,False,1
8334,1009183,128956,falha_autenticacao,err_auth_401,,False,1
8335,1009559,128995,timeout,err_timeout_408,43,True,1
8336,1009857,129026,timeout,err_timeout_408,15,True,1
8337,1009933,129034,erro_interno,err_internal_500,14,True,1
8338,1009949,129036,erro_interno,err_unexpected,,False,1
8339,1010122,129053,timeout,err_timeout_408,12,True,1
8340,1010247,129065,erro_interno,err_unexpected,34,True,1
8341,1010778,129119,timeout,err_timeout_408,40,True,1
8342,1010810,129122,erro_interno,err_internal_500,,False,1
8343,1010844,129125,erro_interno,err_unexpected,,False,1
8344,1011206,129160,servico_indisponivel,err_service_503,,False,1
8345,1011209,129161,timeout,err_timeout_408,,False,1
8346,1011516,129198,timeout,err_timeout_408,,False,1
8347,1011632,129212,timeout,err_timeout_408,,False,1
8348,1012060,129259,timeout,err_gateway_timeout_504,,False,1
8349,1012253,129281,erro_interno,err_unexpected,,False,1
8350,1012455,129300,timeout,err_gateway_timeout_504,,False,1
8351,1012479,129303,timeout,err_gateway_timeout_504,,False,1
8352,1012615,129320,erro_interno,err_internal_500,81,True,1
8353,1012793,129339,timeout,err_gateway_timeout_504,80,True,1
8354,1012942,129353,timeout,err_gateway_timeout_504,,False,1
8355,1013260,129387,timeout,err_timeout_408,69,True,1
8356,1013327,129393,falha_autenticacao,err_credentials_invalid,19,True,1
8357,1013411,129402,timeout,err_gateway_timeout_504,,False,1
8358,1013710,129432,timeout,err_gateway_timeout_504,15,True,1
8359,1013720,129433,timeout,err_timeout_408,14,True,1
8360,1014563,129521,timeout,err_gateway_timeout_504,62,True,1
8361,1014620,129527,timeout,err_gateway_timeout_504,,False,1
8362,1014656,129531,erro_interno,err_unexpected,62,True,1
8363,1014949,129563,timeout,err_timeout_408,30,True,1
8364,1014977,129566,timeout,err_gateway_timeout_504,,False,1
8365,1015063,129576,timeout,err_timeout_408,,False,1
8366,1015103,129580,timeout,err_gateway_timeout_504,,False,1
8367,1015296,129601,timeout,err_timeout_408,,False,1
8368,1015502,129622,erro_interno,err_internal_500,96,True,1
8369,1015590,129633,timeout,err_gateway_timeout_504,,False,1
8370,1015753,129651,erro_interno,err_unexpected,10,True,1
8371,1015882,129665,erro_interno,err_unexpected,16,True,1
8372,1016298,129711,falha_autenticacao,err_auth_401,,False,1
8373,1016417,129723,timeout,err_gateway_timeout_504,,False,1
8374,1016454,129728,timeout,err_gateway_timeout_504,,False,1
8375,1016697,129752,timeout,err_gateway_timeout_504,,False,1
8376,1017233,129806,timeout,err_timeout_408,13,True,1
8377,1017590,129846,erro_interno,err_internal_500,,False,1
8378,1017723,129861,erro_interno,err_unexpected,124,True,1
8379,1017787,129866,timeout,err_timeout_408,,False,1
8380,1017851,129872,erro_interno,err_internal_500,112,True,1
8381,1017914,129880,timeout,err_timeout_408,38,True,1
8382,1018070,129897,erro_interno,err_internal_500,50,True,1
8383,1018603,129953,timeout,err_timeout_408,,False,1
8384,1018608,129954,timeout,err_timeout_408,,False,1
8385,1018745,129967,erro_interno,err_internal_500,37,True,1
8386,1018826,129975,timeout,err_timeout_408,15,True,1
8387,1019259,130021,falha_autenticacao,err_credentials_invalid,12,True,1
8388,1019466,130041,erro_interno,err_unexpected,,False,1
8389,1019868,130080,timeout,err_timeout_408,30,True,1
8390,1019894,130083,timeout,err_gateway_timeout_504,88,True,1
8391,1019897,130083,timeout,err_timeout_408,,False,1
8392,1019906,130083,erro_interno,err_internal_500,35,True,1
8393,1020228,130116,timeout,err_gateway_timeout_504,,False,1
8394,1020842,130181,falha_autenticacao,err_credentials_invalid,26,True,1
8395,1020874,130184,falha_autenticacao,err_auth_401,16,True,1
8396,1021138,130211,timeout,err_gateway_timeout_504,36,True,1
8397,1021188,130216,timeout,err_gateway_timeout_504,,False,1
8398,1021197,130216,timeout,err_gateway_timeout_504,45,True,1
8399,1021396,130236,servico_indisponivel,err_service_503,,False,1
8400,1021595,130254,timeout,err_timeout_408,,False,1
8401,1021625,130257,falha_autenticacao,err_auth_401,14,True,1
8402,1021682,130263,erro_interno,err_unexpected,,False,1
8403,1021797,130275,timeout,err_gateway_timeout_504,,False,1
8404,1021855,130282,timeout,err_timeout_408,83,True,1
8405,1022296,130330,servico_indisponivel,err_maintenance,70,True,1
8406,1023254,130431,timeout,err_timeout_408,,False,1
8407,1023395,130445,timeout,err_gateway_timeout_504,17,True,1
8408,1023563,130462,erro_interno,err_unexpected,93,True,1
8409,1023876,130496,falha_autenticacao,err_auth_401,,False,1
8410,1024088,130519,erro_interno,err_unexpected,,False,1
8411,1024115,130522,timeout,err_timeout_408,,False,1
8412,1024194,130529,timeout,err_timeout_408,56,True,1
8413,1024407,130553,timeout,err_timeout_408,63,True,1
8414,1024680,130583,timeout,err_timeout_408,92,True,1
8415,1024850,130600,servico_indisponivel,err_maintenance,89,True,1
8416,1024860,130601,timeout,err_gateway_timeout_504,,False,1
8417,1024916,130606,servico_indisponivel,err_service_503,,False,1
8418,1025379,130652,erro_interno,err_unexpected,,False,1
8419,1025400,130654,erro_interno,err_unexpected,63,True,1
8420,1025690,130685,timeout,err_timeout_408,,False,1
8421,1025869,130704,timeout,err_gateway_timeout_504,,False,1
8422,1026140,130733,falha_autenticacao,err_credentials_invalid,14,True,1
8423,1026215,130739,timeout,err_timeout_408,57,True,1
8424,1026894,130805,erro_interno,err_internal_500,,False,1
8425,1027437,130859,servico_indisponivel,err_service_503,77,True,1
8426,1027438,130859,timeout,err_gateway_timeout_504,70,True,2
8427,1027499,130865,timeout,err_timeout_408,13,True,1
8428,1027582,130875,servico_indisponivel,err_maintenance,,False,1
8429,1028185,130937,timeout,err_timeout_408,,False,1
8430,1028468,130967,timeout,err_gateway_timeout_504,16,True,1
8431,1028485,130969,timeout,err_timeout_408,13,True,1
8432,1028662,130985,timeout,err_timeout_408,,False,1
8433,1028931,131014,erro_interno,err_unexpected,27,True,1
8434,1029744,131104,servico_indisponivel,err_maintenance,,False,1
8435,1029778,131108,erro_interno,err_unexpected,,False,1
8436,1030031,131135,timeout,err_timeout_408,,False,1
8437,1030613,131192,timeout,err_gateway_timeout_504,70,True,1
8438,1030740,131208,timeout,err_timeout_408,43,True,1
8439,1030750,131209,falha_autenticacao,err_credentials_invalid,,False,1
8440,1031142,131252,falha_autenticacao,err_credentials_invalid,25,True,1
8441,1031289,131269,erro_interno,err_internal_500,,False,1
8442,1031414,131282,timeout,err_gateway_timeout_504,,False,1
8443,1031773,131323,falha_autenticacao,err_auth_401,,False,1
8444,1031913,131338,erro_interno,err_internal_500,6,True,1
8445,1031956,131343,falha_autenticacao,err_credentials_invalid,,False,1
8446,1032091,131356,erro_interno,err_unexpected,10,True,1
8447,1032144,131363,timeout,err_gateway_timeout_504,38,True,1
8448,1032156,131364,timeout,err_gateway_timeout_504,,False,1
8449,1032193,131367,timeout,err_gateway_timeout_504,106,True,1
8450,1032222,131371,erro_interno,err_unexpected,,False,1
8451,1032346,131384,erro_interno,err_internal_500,,False,1
8452,1032659,131418,timeout,err_gateway_timeout_504,15,True,1
8453,1032801,131429,conexao_interrompida,err_connection_lost,,False,1
8454,1032806,131430,timeout,err_timeout_408,18,True,1
8455,1032847,131434,timeout,err_gateway_timeout_504,22,True,1
8456,1032910,131442,falha_autenticacao,err_credentials_invalid,,False,1
8457,1033277,131484,erro_interno,err_internal_500,,False,1
8458,1033349,131492,timeout,err_timeout_408,,False,1
8459,1033648,131521,servico_indisponivel,err_service_503,,False,1
8460,1034185,131582,servico_indisponivel,err_service_503,,False,1
8461,1034228,131586,servico_indisponivel,err_maintenance,,False,1
8462,1034906,131660,timeout,err_gateway_timeout_504,104,True,1
8463,1034983,131668,timeout,err_timeout_408,,False,1
8464,1035270,131699,erro_interno,err_unexpected,,False,1
8465,1035355,131709,timeout,err_timeout_408,18,True,1
8466,1035356,131709,timeout,err_timeout_408,,False,2
8467,1035515,131724,falha_autenticacao,err_auth_401,22,True,1
8468,1035633,131737,falha_autenticacao,err_auth_401,10,True,1
8469,1035807,131756,falha_autenticacao,err_credentials_invalid,15,True,1
8470,1035839,131759,falha_autenticacao,err_credentials_invalid,26,True,1
8471,1035976,131773,servico_indisponivel,err_service_503,,False,1
8472,1036034,131780,timeout,err_timeout_408,35,True,1
8473,1036098,131786,erro_interno,err_unexpected,,False,1
8474,1036141,131789,timeout,err_gateway_timeout_504,16,True,1
8475,1036224,131799,timeout,err_gateway_timeout_504,,False,1
8476,1036378,131814,erro_interno,err_unexpected,,False,1
8477,1036423,131820,timeout,err_gateway_timeout_504,,False,1
8478,1037183,131907,falha_autenticacao,err_credentials_invalid,14,True,1
8479,1037218,131911,erro_interno,err_unexpected,,False,1
8480,1037405,131932,erro_interno,err_unexpected,40,True,1
8481,1037436,131934,timeout,err_timeout_408,,False,1
8482,1037696,131960,erro_interno,err_unexpected,,False,1
8483,1038124,132004,timeout,err_timeout_408,88,True,1
8484,1038381,132032,timeout,err_timeout_408,,False,1
8485,1038427,132036,timeout,err_timeout_408,,False,1
8486,1038493,132042,timeout,err_gateway_timeout_504,,False,1
8487,1038550,132047,erro_interno,err_unexpected,74,True,1
8488,1038974,132088,timeout,err_timeout_408,,False,1
8489,1038975,132089,timeout,err_gateway_timeout_504,18,True,1
8490,1039183,132110,erro_interno,err_internal_500,49,True,1
8491,1039415,132137,timeout,err_gateway_timeout_504,25,True,1
8492,1039832,132181,servico_indisponivel,err_service_503,,False,1
8493,1039972,132198,falha_autenticacao,err_auth_401,16,True,1
8494,1040208,132227,timeout,err_gateway_timeout_504,23,True,1
8495,1041153,132333,timeout,err_timeout_408,116,True,1
8496,1041906,132415,timeout,err_gateway_timeout_504,,False,1
8497,1042170,132448,timeout,err_timeout_408,,False,1
8498,1042171,132448,timeout,err_timeout_408,26,True,2
8499,1042172,132448,timeout,err_timeout_408,,False,3
8500,1042196,132451,erro_interno,err_unexpected,,False,1
8501,1042197,132451,timeout,err_gateway_timeout_504,,False,1
8502,1042198,132451,servico_indisponivel,err_maintenance,,False,2
8503,1042416,132474,timeout,err_gateway_timeout_504,,False,1
8504,1042474,132480,timeout,err_timeout_408,204,True,1
8505,1042481,132480,timeout,err_timeout_408,,False,1
8506,1042569,132490,timeout,err_timeout_408,,False,1
8507,1042856,132518,erro_interno,err_internal_500,117,True,1
8508,1043018,132537,timeout,err_timeout_408,,False,1
8509,1043185,132555,timeout,err_timeout_408,26,True,1
8510,1043190,132555,servico_indisponivel,err_maintenance,,False,1
8511,1043191,132555,timeout,err_timeout_408,80,True,2
8512,1043738,132607,servico_indisponivel,err_service_503,46,True,1
8513,1043739,132607,servico_indisponivel,err_service_503,,False,2
8514,1043955,132630,timeout,err_gateway_timeout_504,,False,1
8515,1044573,132696,timeout,err_gateway_timeout_504,41,True,1
8516,1044585,132697,erro_interno,err_unexpected,31,True,1
8517,1044674,132705,timeout,err_gateway_timeout_504,62,True,1
8518,1044846,132722,falha_autenticacao,err_credentials_invalid,,False,1
8519,1044889,132728,servico_indisponivel,err_service_503,42,True,1
8520,1045158,132753,erro_interno,err_internal_500,7,True,1
8521,1045340,132771,timeout,err_gateway_timeout_504,,False,1
8522,1045428,132780,timeout,err_gateway_timeout_504,80,True,1
8523,1045802,132819,timeout,err_gateway_timeout_504,15,True,1
8524,1045935,132833,timeout,err_timeout_408,17,True,1
8525,1045971,132836,timeout,err_gateway_timeout_504,177,True,1
8526,1046032,132840,timeout,err_timeout_408,41,True,1
8527,1046060,132843,servico_indisponivel,err_maintenance,,False,1
8528,1046529,132888,timeout,err_timeout_408,20,True,1
8529,1046665,132903,falha_autenticacao,err_auth_401,12,True,1
8530,1047115,132952,timeout,err_gateway_timeout_504,,False,1
8531,1047699,133010,timeout,err_gateway_timeout_504,36,True,1
8532,1047785,133017,timeout,err_gateway_timeout_504,,False,1
8533,1047895,133028,timeout,err_gateway_timeout_504,38,True,1
8534,1047975,133037,timeout,err_gateway_timeout_504,17,True,1
8535,1048053,133044,timeout,err_timeout_408,,False,1
8536,1048079,133046,timeout,err_timeout_408,74,True,1
8537,1048157,133053,timeout,err_gateway_timeout_504,,False,1
8538,1048613,133101,timeout,err_timeout_408,,False,1
8539,1048757,133114,timeout,err_timeout_408,,False,1
8540,1049098,133153,timeout,err_gateway_timeout_504,44,True,1
8541,1049106,133154,erro_interno,err_internal_500,,False,1
8542,1049261,133169,erro_interno,err_internal_500,,False,1
8543,1049292,133171,erro_interno,err_internal_500,,False,1
8544,1049425,133185,timeout,err_gateway_timeout_504,28,True,1
8545,1049479,133190,erro_interno,err_internal_500,,False,1
8546,1050129,133255,timeout,err_timeout_408,,False,1
8547,1050152,133258,timeout,err_gateway_timeout_504,,False,1
8548,1050211,133265,erro_interno,err_internal_500,8,True,1
8549,1051214,133374,falha_autenticacao,err_credentials_invalid,15,True,1
8550,1051297,133382,falha_autenticacao,err_auth_401,,False,1
8551,1051329,133385,timeout,err_gateway_timeout_504,52,True,1
8552,1051551,133408,servico_indisponivel,err_maintenance,,False,1
8553,1051626,133417,erro_interno,err_internal_500,,False,1
8554,1051922,133447,timeout,err_gateway_timeout_504,12,True,1
8555,1051998,133456,falha_autenticacao,err_auth_401,20,True,1
8556,1052116,133469,timeout,err_timeout_408,29,True,1
8557,1052475,133507,timeout,err_timeout_408,36,True,1
8558,1052562,133517,timeout,err_timeout_408,155,True,1
8559,1052876,133554,timeout,err_timeout_408,28,True,1
8560,1052919,133558,erro_interno,err_unexpected,,False,1
8561,1053198,133590,erro_interno,err_internal_500,16,True,1
8562,1053488,133622,timeout,err_timeout_408,,False,1
8563,1053569,133631,timeout,err_timeout_408,94,True,1
8564,1053732,133647,timeout,err_timeout_408,,False,1
8565,1053746,133649,erro_interno,err_unexpected,,False,1
8566,1053854,133661,timeout,err_timeout_408,,False,1
8567,1053870,133662,timeout,err_timeout_408,17,True,1
8568,1054372,133715,servico_indisponivel,err_maintenance,,False,1
8569,1054657,133745,timeout,err_gateway_timeout_504,56,True,1
8570,1054870,133769,servico_indisponivel,err_service_503,,False,1
8571,1055062,133790,erro_interno,err_unexpected,,False,1
8572,1055118,133796,timeout,err_timeout_408,,False,1
8573,1055179,133803,timeout,err_gateway_timeout_504,76,True,1
8574,1055434,133827,timeout,err_gateway_timeout_504,66,True,1
8575,1055492,133834,timeout,err_timeout_408,,False,1
8576,1055765,133865,erro_interno,err_unexpected,,False,1
8577,1055878,133876,timeout,err_timeout_408,66,True,1
8578,1055879,133876,timeout,err_timeout_408,,False,2
8579,1056342,133923,timeout,err_gateway_timeout_504,12,True,1
8580,1056706,133960,timeout,err_timeout_408,,False,1
8581,1056943,133988,timeout,err_timeout_408,,False,1
8582,1057014,133995,erro_interno,err_unexpected,,False,1
8583,1057024,133996,timeout,err_gateway_timeout_504,15,True,1
8584,1057046,133997,timeout,err_timeout_408,71,True,1
8585,1057057,133999,timeout,err_gateway_timeout_504,19,True,1
8586,1057065,134000,timeout,err_timeout_408,,False,1
8587,1057250,134019,timeout,err_timeout_408,,False,1
8588,1057261,134020,timeout,err_gateway_timeout_504,41,True,1
8589,1057362,134030,timeout,err_timeout_408,,False,1
8590,1057477,134042,erro_interno,err_internal_500,45,True,1
8591,1057498,134044,timeout,err_gateway_timeout_504,,False,1
8592,1057582,134052,timeout,err_timeout_408,,False,1
8593,1057616,134056,timeout,err_timeout_408,,False,1
8594,1057857,134081,erro_interno,err_unexpected,26,True,1
8595,1057947,134088,servico_indisponivel,err_service_503,57,True,1
8596,1058041,134097,timeout,err_gateway_timeout_504,17,True,1
8597,1058386,134137,servico_indisponivel,err_maintenance,,False,1
8598,1058496,134149,erro_interno,err_unexpected,,False,1
8599,1058504,134149,timeout,err_timeout_408,39,True,1
8600,1058621,134161,timeout,err_timeout_408,72,True,1
8601,1058721,134170,erro_interno,err_unexpected,89,True,1
8602,1058841,134183,erro_interno,err_internal_500,,False,1
8603,1059301,134228,timeout,err_gateway_timeout_504,18,True,1
8604,1059467,134245,servico_indisponivel,err_service_503,,False,1
8605,1059556,134253,falha_autenticacao,err_credentials_invalid,,False,1
8606,1059592,134256,erro_interno,err_internal_500,,False,1
8607,1059749,134271,timeout,err_timeout_408,99,True,1
8608,1059879,134286,timeout,err_gateway_timeout_504,113,True,1
8609,1059962,134294,falha_autenticacao,err_credentials_invalid,,False,1
8610,1059975,134297,timeout,err_gateway_timeout_504,,False,1
8611,1060318,134331,timeout,err_timeout_408,9,True,1
8612,1060582,134360,timeout,err_timeout_408,19,True,1
8613,1060603,134362,erro_interno,err_unexpected,35,True,1
8614,1060679,134369,timeout,err_gateway_timeout_504,,False,1
8615,1060813,134385,erro_interno,err_unexpected,,False,1
8616,1061029,134410,timeout,err_gateway_timeout_504,16,True,1
8617,1061043,134411,servico_indisponivel,err_maintenance,,False,1
8618,1061263,134432,timeout,err_gateway_timeout_504,,False,1
8619,1061420,134448,timeout,err_gateway_timeout_504,,False,1
8620,1061705,134479,timeout,err_timeout_408,,False,1
8621,1062123,134523,timeout,err_timeout_408,64,True,1
8622,1062297,134544,timeout,err_gateway_timeout_504,,False,1
8623,1062336,134549,erro_interno,err_unexpected,,False,1
8624,1062652,134580,timeout,err_timeout_408,22,True,1
8625,1062655,134580,timeout,err_gateway_timeout_504,59,True,1
8626,1062720,134588,timeout,err_timeout_408,34,True,1
8627,1063026,134621,erro_interno,err_unexpected,,False,1
8628,1063116,134630,timeout,err_gateway_timeout_504,35,True,1
8629,1063304,134649,timeout,err_gateway_timeout_504,27,True,1
8630,1063316,134650,erro_interno,err_internal_500,84,True,1
8631,1063633,134683,erro_interno,err_unexpected,11,True,1
8632,1064243,134745,timeout,err_timeout_408,,False,1
8633,1064541,134781,timeout,err_timeout_408,,False,1
8634,1064688,134796,erro_interno,err_internal_500,11,True,1
8635,1065050,134832,timeout,err_gateway_timeout_504,30,True,1
8636,1065306,134857,timeout,err_gateway_timeout_504,,False,1
8637,1065346,134861,erro_interno,err_unexpected,,False,1
8638,1065464,134874,erro_interno,err_internal_500,,False,1
8639,1066067,134934,timeout,err_gateway_timeout_504,64,True,1
8640,1066187,134949,timeout,err_gateway_timeout_504,45,True,1
8641,1066318,134963,timeout,err_timeout_408,,False,1
8642,1066436,134976,timeout,err_timeout_408,,False,1
8643,1066557,134988,timeout,err_timeout_408,,False,1
8644,1066682,135002,erro_interno,err_internal_500,,False,1
8645,1066730,135007,timeout,err_gateway_timeout_504,95,True,1
8646,1066844,135018,falha_autenticacao,err_auth_401,15,True,1
8647,1067258,135059,timeout,err_gateway_timeout_504,99,True,1
8648,1067546,135090,erro_interno,err_internal_500,,False,1
8649,1067776,135115,erro_interno,err_internal_500,,False,1
8650,1067978,135139,timeout,err_gateway_timeout_504,,False,1
8651,1068032,135146,timeout,err_timeout_408,322,True,1
8652,1068145,135156,timeout,err_timeout_408,,False,1
8653,1068446,135188,falha_autenticacao,err_auth_401,,False,1
8654,1068447,135189,timeout,err_gateway_timeout_504,,False,1
8655,1068621,135209,timeout,err_gateway_timeout_504,15,True,1
8656,1068904,135237,erro_interno,err_internal_500,,False,1
8657,1068928,135239,timeout,err_timeout_408,25,True,1
8658,1069017,135247,servico_indisponivel,err_maintenance,,False,1
8659,1069060,135249,erro_interno,err_internal_500,79,True,1
8660,1069237,135267,timeout,err_gateway_timeout_504,,False,1
8661,1069583,135303,erro_interno,err_unexpected,96,True,1
8662,1069703,135314,timeout,err_timeout_408,,False,1
8663,1070078,135355,erro_interno,err_unexpected,,False,1
8664,1070436,135396,conexao_interrompida,err_connection_lost,,False,1
8665,1070560,135409,timeout,err_gateway_timeout_504,,False,1
8666,1070610,135413,timeout,err_gateway_timeout_504,60,True,1
8667,1070651,135417,falha_autenticacao,err_credentials_invalid,10,True,1
8668,1070661,135418,erro_interno,err_unexpected,,False,1
8669,1070666,135418,timeout,err_timeout_408,45,True,1
8670,1070667,135418,timeout,err_gateway_timeout_504,,False,2
8671,1070787,135434,erro_interno,err_internal_500,,False,1
8672,1071168,135472,erro_interno,err_internal_500,,False,1
8673,1071229,135477,timeout,err_gateway_timeout_504,,False,1
8674,1071882,135547,servico_indisponivel,err_service_503,28,True,1
8675,1072229,135579,timeout,err_gateway_timeout_504,,False,1
8676,1072264,135582,erro_interno,err_unexpected,52,True,1
8677,1072409,135596,falha_autenticacao,err_auth_401,,False,1
8678,1072728,135631,servico_indisponivel,err_maintenance,30,True,1
8679,1073385,135701,erro_interno,err_unexpected,,False,1
8680,1073481,135712,timeout,err_gateway_timeout_504,14,True,1
8681,1073961,135765,servico_indisponivel,err_maintenance,,False,1
8682,1074078,135779,falha_autenticacao,err_auth_401,,False,1
8683,1074087,135780,timeout,err_gateway_timeout_504,,False,1
8684,1074158,135788,servico_indisponivel,err_service_503,,False,1
8685,1074189,135792,timeout,err_gateway_timeout_504,24,True,1
8686,1074198,135792,timeout,err_timeout_408,77,True,1
8687,1074295,135804,erro_interno,err_unexpected,,False,1
8688,1074401,135813,timeout,err_timeout_408,14,True,1
8689,1074494,135823,servico_indisponivel,err_maintenance,91,True,1
8690,1074741,135851,timeout,err_gateway_timeout_504,25,True,1
8691,1074867,135866,falha_autenticacao,err_auth_401,15,True,1
8692,1075093,135889,erro_interno,err_internal_500,,False,1
8693,1075185,135897,timeout,err_gateway_timeout_504,99,True,1
8694,1075446,135925,servico_indisponivel,err_service_503,,False,1
8695,1075630,135946,falha_autenticacao,err_auth_401,34,True,1
8696,1075635,135946,timeout,err_gateway_timeout_504,42,True,1
8697,1076036,135990,timeout,err_gateway_timeout_504,13,True,1
8698,1076247,136010,timeout,err_timeout_408,15,True,1
8699,1076336,136018,erro_interno,err_internal_500,,False,1
8700,1076448,136031,timeout,err_gateway_timeout_504,238,True,1
8701,1076545,136041,timeout,err_timeout_408,,False,1
8702,1077009,136088,timeout,err_gateway_timeout_504,29,True,1
8703,1077169,136109,timeout,err_gateway_timeout_504,26,True,1
8704,1077191,136112,timeout,err_timeout_408,74,True,1
8705,1077455,136143,falha_autenticacao,err_auth_401,25,True,1
8706,1077512,136149,timeout,err_timeout_408,34,True,1
8707,1077555,136154,erro_interno,err_internal_500,6,True,1
8708,1077922,136191,erro_interno,err_internal_500,40,True,1
8709,1077943,136193,servico_indisponivel,err_service_503,,False,1
8710,1078055,136205,timeout,err_gateway_timeout_504,15,True,1
8711,1078480,136245,timeout,err_gateway_timeout_504,23,True,1
8712,1078579,136255,timeout,err_gateway_timeout_504,,False,1
8713,1078730,136270,timeout,err_gateway_timeout_504,38,True,1
8714,1079213,136323,erro_interno,err_internal_500,13,True,1
8715,1079444,136346,timeout,err_gateway_timeout_504,,False,1
8716,1079708,136374,timeout,err_gateway_timeout_504,45,True,1
8717,1079813,136386,timeout,err_gateway_timeout_504,41,True,1
8718,1079956,136400,timeout,err_gateway_timeout_504,,False,1
8719,1080056,136410,erro_interno,err_internal_500,,False,1
8720,1080096,136414,timeout,err_gateway_timeout_504,,False,1
8721,1080341,136439,timeout,err_timeout_408,32,True,1
8722,1080579,136464,falha_autenticacao,err_credentials_invalid,9,True,1
8723,1080636,136470,timeout,err_gateway_timeout_504,,False,1
8724,1080923,136499,timeout,err_timeout_408,75,True,1
8725,1080944,136501,timeout,err_timeout_408,12,True,1
8726,1081147,136523,timeout,err_timeout_408,21,True,1
8727,1081532,136565,timeout,err_gateway_timeout_504,,False,1
8728,1081583,136570,erro_interno,err_internal_500,15,True,1
8729,1081776,136591,timeout,err_timeout_408,26,True,1
8730,1081824,136596,timeout,err_timeout_408,30,True,1
8731,1082020,136617,timeout,err_gateway_timeout_504,48,True,1
8732,1082046,136620,timeout,err_gateway_timeout_504,41,True,1
8733,1082107,136626,timeout,err_gateway_timeout_504,307,True,1
8734,1082309,136647,timeout,err_timeout_408,79,True,1
8735,1082338,136649,erro_interno,err_unexpected,,False,1
8736,1082502,136666,servico_indisponivel,err_maintenance,91,True,1
8737,1082613,136676,falha_autenticacao,err_auth_401,,False,1
8738,1082682,136685,falha_autenticacao,err_auth_401,11,True,1
8739,1083358,136754,falha_autenticacao,err_credentials_invalid,20,True,1
8740,1083416,136761,timeout,err_gateway_timeout_504,21,True,1
8741,1083442,136764,timeout,err_gateway_timeout_504,83,True,1
8742,1083698,136789,servico_indisponivel,err_maintenance,,False,1
8743,1083832,136802,timeout,err_gateway_timeout_504,,False,1
8744,1084030,136823,timeout,err_timeout_408,,False,1
8745,1084243,136846,erro_interno,err_internal_500,,False,1
8746,1084253,136847,timeout,err_timeout_408,38,True,1
8747,1084593,136886,erro_interno,err_unexpected,,False,1
8748,1084671,136894,timeout,err_gateway_timeout_504,,False,1
8749,1084870,136915,timeout,err_timeout_408,20,True,1
8750,1084897,136919,falha_autenticacao,err_auth_401,,False,1
8751,1085418,136972,erro_interno,err_internal_500,,False,1
8752,1085582,136989,timeout,err_timeout_408,79,True,1
8753,1085666,136997,erro_interno,err_internal_500,,False,1
8754,1085985,137034,timeout,err_gateway_timeout_504,,False,1
8755,1085986,137035,timeout,err_timeout_408,,False,1
8756,1086030,137041,timeout,err_gateway_timeout_504,,False,1
8757,1086038,137043,timeout,err_gateway_timeout_504,26,True,1
8758,1086418,137080,servico_indisponivel,err_maintenance,12,True,1
8759,1086587,137100,erro_interno,err_unexpected,164,True,1
8760,1086597,137101,falha_autenticacao,err_credentials_invalid,,False,1
8761,1086832,137121,timeout,err_timeout_408,52,True,1
8762,1086886,137126,timeout,err_timeout_408,24,True,1
8763,1088381,137290,timeout,err_timeout_408,49,True,1
8764,1088529,137303,timeout,err_timeout_408,97,True,1
8765,1088668,137315,servico_indisponivel,err_maintenance,55,True,1
8766,1088886,137338,timeout,err_gateway_timeout_504,21,True,1
8767,1089101,137362,erro_interno,err_unexpected,,False,1
8768,1089154,137369,servico_indisponivel,err_maintenance,,False,1
8769,1089303,137385,timeout,err_gateway_timeout_504,,False,1
8770,1089443,137402,falha_autenticacao,err_auth_401,,False,1
8771,1089475,137405,erro_interno,err_unexpected,73,True,1
8772,1089650,137425,timeout,err_gateway_timeout_504,20,True,1
8773,1089859,137445,timeout,err_gateway_timeout_504,16,True,1
8774,1089892,137449,falha_autenticacao,err_auth_401,15,True,1
8775,1090142,137474,timeout,err_gateway_timeout_504,,False,1
8776,1090644,137526,timeout,err_gateway_timeout_504,,False,1
8777,1090753,137539,falha_autenticacao,err_credentials_invalid,25,True,1
8778,1090968,137561,timeout,err_gateway_timeout_504,59,True,1
8779,1091267,137593,erro_interno,err_internal_500,,False,1
8780,1091416,137607,erro_interno,err_internal_500,65,True,1
8781,1091420,137608,falha_autenticacao,err_credentials_invalid,,False,1
8782,1091523,137617,erro_interno,err_unexpected,,False,1
8783,1091544,137620,timeout,err_gateway_timeout_504,,False,1
8784,1091569,137623,timeout,err_timeout_408,34,True,1
8785,1091660,137633,timeout,err_gateway_timeout_504,17,True,1
8786,1091700,137636,timeout,err_timeout_408,30,True,1
8787,1091758,137643,timeout,err_gateway_timeout_504,,False,1
8788,1091832,137652,timeout,err_timeout_408,,False,1
8789,1091840,137653,timeout,err_gateway_timeout_504,49,True,1
8790,1092389,137709,erro_interno,err_internal_500,69,True,1
8791,1092744,137743,timeout,err_gateway_timeout_504,104,True,1
8792,1092997,137769,timeout,err_timeout_408,80,True,1
8793,1093205,137791,erro_interno,err_internal_500,15,True,1
8794,1093231,137793,erro_interno,err_unexpected,86,True,1
8795,1093374,137808,erro_interno,err_internal_500,,False,1
8796,1093535,137824,erro_interno,err_internal_500,,False,1
8797,1093626,137836,timeout,err_gateway_timeout_504,60,True,1
8798,1093814,137854,erro_interno,err_internal_500,19,True,1
8799,1094035,137877,timeout,err_timeout_408,,False,1
8800,1094066,137881,timeout,err_gateway_timeout_504,,False,1
8801,1094465,137925,conexao_interrompida,err_connection_lost,139,True,1
8802,1094518,137931,erro_interno,err_unexpected,54,True,1
8803,1094786,137960,timeout,err_gateway_timeout_504,17,True,1
8804,1094934,137975,timeout,err_timeout_408,16,True,1
8805,1094935,137975,falha_autenticacao,err_auth_401,19,True,2
8806,1094936,137975,timeout,err_gateway_timeout_504,,False,3
8807,1094996,137983,falha_autenticacao,err_credentials_invalid,40,True,1
8808,1095001,137983,timeout,err_timeout_408,137,True,1
8809,1095018,137985,timeout,err_timeout_408,,False,1
8810,1095418,138028,timeout,err_gateway_timeout_504,13,True,1
8811,1095486,138035,erro_interno,err_internal_500,39,True,1
8812,1095494,138036,erro_interno,err_unexpected,44,True,1
8813,1095505,138037,erro_interno,err_unexpected,,False,1
8814,1095552,138040,timeout,err_timeout_408,45,True,1
8815,1095582,138043,timeout,err_timeout_408,,False,1
8816,1095970,138083,falha_autenticacao,err_auth_401,,False,1
8817,1096543,138142,servico_indisponivel,err_maintenance,,False,1
8818,1096550,138142,timeout,err_gateway_timeout_504,,False,1
8819,1096648,138151,timeout,err_gateway_timeout_504,76,True,1
8820,1096703,138157,timeout,err_timeout_408,95,True,1
8821,1096730,138160,erro_interno,err_unexpected,,False,1
8822,1096794,138166,timeout,err_timeout_408,14,True,1
8823,1096838,138169,timeout,err_timeout_408,32,True,1
8824,1096855,138171,timeout,err_gateway_timeout_504,,False,1
8825,1097080,138198,timeout,err_gateway_timeout_504,,False,1
8826,1097465,138238,falha_autenticacao,err_credentials_invalid,,False,1
8827,1097563,138251,servico_indisponivel,err_maintenance,15,True,1
8828,1097711,138266,timeout,err_timeout_408,60,True,1
8829,1097715,138267,timeout,err_gateway_timeout_504,23,True,1
8830,1097727,138268,timeout,err_timeout_408,25,True,1
8831,1097728,138268,falha_autenticacao,err_auth_401,25,True,2
8832,1097855,138280,erro_interno,err_internal_500,,False,1
8833,1097937,138287,erro_interno,err_unexpected,,False,1
8834,1098208,138315,falha_autenticacao,err_auth_401,12,True,1
8835,1098414,138338,timeout,err_gateway_timeout_504,49,True,1
8836,1098535,138352,timeout,err_timeout_408,16,True,1
8837,1098743,138373,falha_autenticacao,err_auth_401,22,True,1
8838,1098744,138373,timeout,err_timeout_408,19,True,2
8839,1099003,138401,timeout,err_timeout_408,,False,1
8840,1099119,138411,falha_autenticacao,err_auth_401,32,True,1
8841,1099256,138425,timeout,err_gateway_timeout_504,,False,1
8842,1099542,138458,falha_autenticacao,err_auth_401,,False,1
8843,1099746,138481,timeout,err_gateway_timeout_504,14,True,1
8844,1100277,138535,timeout,err_timeout_408,84,True,1
8845,1101021,138618,timeout,err_timeout_408,,False,1
8846,1101086,138626,timeout,err_gateway_timeout_504,41,True,1
8847,1101173,138636,timeout,err_timeout_408,16,True,1
8848,1101184,138638,servico_indisponivel,err_service_503,,False,1
8849,1101340,138654,timeout,err_timeout_408,14,True,1
8850,1101377,138658,timeout,err_timeout_408,,False,1
8851,1101600,138680,timeout,err_gateway_timeout_504,,False,1
8852,1101668,138686,timeout,err_timeout_408,,False,1
8853,1101766,138697,timeout,err_gateway_timeout_504,146,True,1
8854,1102011,138723,servico_indisponivel,err_service_503,,False,1
8855,1102392,138764,servico_indisponivel,err_service_503,,False,1
8856,1102400,138765,servico_indisponivel,err_maintenance,,False,1
8857,1102806,138810,timeout,err_gateway_timeout_504,19,True,1
8858,1102925,138822,timeout,err_gateway_timeout_504,18,True,1
8859,1102972,138826,timeout,err_timeout_408,83,True,1
8860,1102984,138827,timeout,err_gateway_timeout_504,49,True,1
8861,1103126,138842,timeout,err_timeout_408,,False,1
8862,1103405,138872,erro_interno,err_unexpected,,False,1
8863,1103424,138874,timeout,err_timeout_408,15,True,1
8864,1104143,138952,timeout,err_timeout_408,15,True,1
8865,1104152,138952,erro_interno,err_unexpected,,False,1
8866,1104252,138964,timeout,err_timeout_408,11,True,1
8867,1104373,138978,timeout,err_gateway_timeout_504,,False,1
8868,1104967,139038,timeout,err_timeout_408,16,True,1
8869,1105102,139052,timeout,err_gateway_timeout_504,,False,1
8870,1105378,139082,timeout,err_timeout_408,,False,1
8871,1105450,139089,timeout,err_gateway_timeout_504,33,True,1
8872,1105614,139104,timeout,err_timeout_408,75,True,1
8873,1105852,139129,timeout,err_timeout_408,,False,1
8874,1106019,139149,timeout,err_gateway_timeout_504,,False,1
8875,1106070,139155,falha_autenticacao,err_auth_401,21,True,1
8876,1106178,139164,timeout,err_gateway_timeout_504,29,True,1
8877,1106256,139171,falha_autenticacao,err_credentials_invalid,,False,1
8878,1106479,139193,timeout,err_timeout_408,,False,1
8879,1106541,139202,erro_interno,err_internal_500,71,True,1
8880,1106583,139207,timeout,err_timeout_408,9,True,1
8881,1106599,139208,timeout,err_gateway_timeout_504,,False,1
8882,1106799,139229,timeout,err_timeout_408,78,True,1
8883,1107073,139254,erro_interno,err_internal_500,,False,1
8884,1107320,139281,timeout,err_timeout_408,40,True,1
8885,1107783,139329,timeout,err_gateway_timeout_504,28,True,1
8886,1107884,139339,timeout,err_timeout_408,,False,1
8887,1107905,139341,timeout,err_timeout_408,34,True,1
8888,1108049,139356,timeout,err_gateway_timeout_504,34,True,1
8889,1108174,139372,erro_interno,err_unexpected,,False,1
8890,1108414,139398,timeout,err_gateway_timeout_504,,False,1
8891,1108505,139407,erro_interno,err_unexpected,,False,1
8892,1108557,139411,erro_interno,err_unexpected,,False,1
8893,1109180,139480,timeout,err_gateway_timeout_504,20,True,1
8894,1109424,139505,timeout,err_gateway_timeout_504,,False,1
8895,1109665,139530,erro_interno,err_internal_500,28,True,1
8896,1109852,139550,timeout,err_timeout_408,,False,1
8897,1109876,139553,timeout,err_timeout_408,54,True,1
8898,1109883,139553,erro_interno,err_internal_500,19,True,1
8899,1110019,139568,erro_interno,err_unexpected,98,True,1
8900,1110194,139586,timeout,err_gateway_timeout_504,,False,1
8901,1110214,139588,erro_interno,err_internal_500,40,True,1
8902,1110434,139611,timeout,err_gateway_timeout_504,75,True,1
8903,1110684,139638,timeout,err_timeout_408,,False,1
8904,1111026,139674,timeout,err_gateway_timeout_504,,False,1
8905,1111053,139676,falha_autenticacao,err_auth_401,18,True,1
8906,1111098,139682,falha_autenticacao,err_auth_401,,False,1
8907,1111420,139713,timeout,err_gateway_timeout_504,60,True,1
8908,1111462,139718,timeout,err_gateway_timeout_504,,False,1
8909,1111648,139740,timeout,err_gateway_timeout_504,,False,1
8910,1112122,139788,erro_interno,err_unexpected,18,True,1
8911,1112233,139801,erro_interno,err_internal_500,,False,1
8912,1112260,139804,timeout,err_timeout_408,108,True,1
8913,1112381,139816,erro_interno,err_unexpected,75,True,1
8914,1112794,139862,timeout,err_timeout_408,,False,1
8915,1113063,139892,timeout,err_timeout_408,26,True,1
8916,1113068,139892,timeout,err_timeout_408,,False,1
8917,1113076,139894,timeout,err_timeout_408,,False,1
8918,1113158,139903,erro_interno,err_unexpected,34,True,1
8919,1114612,140058,timeout,err_timeout_408,13,True,1
8920,1114646,140061,timeout,err_timeout_408,69,True,1
8921,1114720,140068,erro_interno,err_unexpected,66,True,1
8922,1114809,140078,timeout,err_timeout_408,,False,1
8923,1115113,140109,timeout,err_timeout_408,,False,1
8924,1115302,140129,erro_interno,err_internal_500,,False,1
8925,1115481,140147,timeout,err_gateway_timeout_504,,False,1
8926,1115561,140156,timeout,err_gateway_timeout_504,105,True,1
8927,1115570,140156,erro_interno,err_unexpected,80,True,1
8928,1115626,140163,servico_indisponivel,err_service_503,,False,1
8929,1115698,140169,erro_interno,err_internal_500,,False,1
8930,1115858,140187,conexao_interrompida,err_network_unreachable,,False,1
8931,1115935,140196,timeout,err_gateway_timeout_504,,False,1
8932,1115987,140201,falha_autenticacao,err_auth_401,,False,1
8933,1116110,140214,timeout,err_gateway_timeout_504,,False,1
8934,1116111,140215,timeout,err_timeout_408,18,True,1
8935,1116269,140230,servico_indisponivel,err_service_503,,False,1
8936,1117193,140329,timeout,err_timeout_408,39,True,1
8937,1117484,140361,timeout,err_timeout_408,15,True,1
8938,1117527,140365,timeout,err_gateway_timeout_504,45,True,1
8939,1117697,140382,erro_interno,err_unexpected,,False,1
8940,1117791,140391,timeout,err_timeout_408,12,True,1
8941,1117808,140392,erro_interno,err_internal_500,8,True,1
8942,1117952,140408,timeout,err_timeout_408,27,True,1
8943,1118057,140418,erro_interno,err_unexpected,60,True,1
8944,1118248,140437,erro_interno,err_unexpected,,False,1
8945,1118559,140472,timeout,err_gateway_timeout_504,,False,1
8946,1118638,140480,timeout,err_timeout_408,21,True,1
8947,1118649,140481,erro_interno,err_unexpected,,False,1
8948,1118660,140482,timeout,err_gateway_timeout_504,,False,1
8949,1118894,140508,erro_interno,err_internal_500,,False,1
8950,1119043,140524,timeout,err_timeout_408,15,True,1
8951,1119068,140526,timeout,err_gateway_timeout_504,,False,1
8952,1119326,140552,falha_autenticacao,err_auth_401,21,True,1
8953,1119436,140563,timeout,err_gateway_timeout_504,,False,1
8954,1119650,140587,erro_interno,err_unexpected,,False,1
8955,1119751,140599,erro_interno,err_internal_500,36,True,1
8956,1119823,140606,timeout,err_timeout_408,14,True,1
8957,1120087,140631,timeout,err_timeout_408,16,True,1
8958,1120377,140662,timeout,err_timeout_408,34,True,1
8959,1120539,140681,timeout,err_timeout_408,,False,1
8960,1120567,140684,falha_autenticacao,err_credentials_invalid,12,True,1
8961,1120627,140689,servico_indisponivel,err_service_503,66,True,1
8962,1120629,140689,erro_interno,err_unexpected,21,True,1
8963,1120645,140691,timeout,err_gateway_timeout_504,37,True,1
8964,1120731,140700,erro_interno,err_internal_500,,False,1
8965,1120884,140716,timeout,err_timeout_408,29,True,1
8966,1121004,140729,timeout,err_timeout_408,51,True,1
8967,1121314,140762,timeout,err_gateway_timeout_504,31,True,1
8968,1121364,140767,timeout,err_timeout_408,,False,1
8969,1121411,140771,timeout,err_timeout_408,,False,1
8970,1121547,140786,erro_interno,err_internal_500,,False,1
8971,1121603,140792,timeout,err_timeout_408,35,True,1
8972,1121741,140805,timeout,err_timeout_408,70,True,1
8973,1121846,140815,servico_indisponivel,err_maintenance,78,True,1
8974,1121969,140830,erro_interno,err_internal_500,,False,1
8975,1122094,140842,timeout,err_gateway_timeout_504,34,True,1
8976,1122708,140909,timeout,err_gateway_timeout_504,21,True,1
8977,1122848,140922,falha_autenticacao,err_auth_401,22,True,1
8978,1122866,140923,servico_indisponivel,err_service_503,,False,1
8979,1122869,140923,timeout,err_gateway_timeout_504,49,True,1
8980,1122878,140923,timeout,err_gateway_timeout_504,76,True,1
8981,1122879,140923,timeout,err_timeout_408,97,True,2
8982,1123043,140940,erro_interno,err_internal_500,,False,1
8983,1123678,141010,timeout,err_timeout_408,16,True,1
8984,1123690,141011,timeout,err_timeout_408,,False,1
8985,1123696,141011,timeout,err_gateway_timeout_504,,False,1
8986,1123714,141014,timeout,err_gateway_timeout_504,,False,1
8987,1123867,141034,erro_interno,err_unexpected,6,True,1
8988,1123899,141036,erro_interno,err_internal_500,,False,1
8989,1124027,141050,timeout,err_gateway_timeout_504,12,True,1
8990,1124246,141072,falha_autenticacao,err_auth_401,11,True,1
8991,1124522,141101,timeout,err_gateway_timeout_504,17,True,1
8992,1124805,141133,timeout,err_gateway_timeout_504,47,True,1
8993,1124816,141135,falha_autenticacao,err_auth_401,18,True,1
8994,1124897,141143,timeout,err_gateway_timeout_504,,False,1
8995,1125196,141175,falha_autenticacao,err_auth_401,,False,1
8996,1125217,141177,falha_autenticacao,err_auth_401,8,True,1
8997,1125374,141193,timeout,err_timeout_408,19,True,1
8998,1125844,141244,timeout,err_gateway_timeout_504,23,True,1
8999,1126023,141262,servico_indisponivel,err_maintenance,,False,1
9000,1126307,141295,servico_indisponivel,err_maintenance,29,True,1
9001,1126364,141301,timeout,err_gateway_timeout_504,,False,1
9002,1126406,141306,erro_interno,err_internal_500,12,True,1
9003,1126441,141309,erro_interno,err_internal_500,54,True,1
9004,1126445,141309,erro_interno,err_internal_500,,False,1
9005,1126479,141313,conexao_interrompida,err_connection_lost,65,True,1
9006,1126515,141316,erro_interno,err_unexpected,,False,1
9007,1126657,141330,timeout,err_gateway_timeout_504,31,True,1
9008,1126750,141340,falha_autenticacao,err_auth_401,28,True,1
9009,1126779,141342,timeout,err_timeout_408,109,True,1
9010,1126831,141349,falha_autenticacao,err_auth_401,10,True,1
9011,1126944,141359,timeout,err_timeout_408,55,True,1
9012,1127028,141368,timeout,err_gateway_timeout_504,,False,1
9013,1127103,141376,timeout,err_timeout_408,38,True,1
9014,1127240,141392,falha_autenticacao,err_credentials_invalid,,False,1
9015,1127620,141431,timeout,err_timeout_408,48,True,1
9016,1127671,141437,timeout,err_timeout_408,73,True,1
9017,1127750,141445,erro_interno,err_unexpected,,False,1
9018,1128017,141471,timeout,err_timeout_408,40,True,1
9019,1128482,141525,timeout,err_timeout_408,14,True,1
9020,1128620,141542,falha_autenticacao,err_credentials_invalid,,False,1
9021,1128679,141548,timeout,err_timeout_408,,False,1
9022,1128798,141563,timeout,err_gateway_timeout_504,18,True,1
9023,1128829,141565,timeout,err_gateway_timeout_504,83,True,1
9024,1128903,141572,erro_interno,err_internal_500,,False,1
9025,1129058,141588,timeout,err_gateway_timeout_504,33,True,1
9026,1129122,141594,erro_interno,err_unexpected,9,True,1
9027,1129223,141603,timeout,err_timeout_408,,False,1
9028,1129504,141631,servico_indisponivel,err_service_503,,False,1
9029,1129507,141631,erro_interno,err_internal_500,62,True,1
9030,1129561,141636,servico_indisponivel,err_service_503,,False,1
9031,1129968,141677,timeout,err_timeout_408,,False,1
9032,1130373,141721,timeout,err_gateway_timeout_504,,False,1
9033,1130542,141737,falha_autenticacao,err_credentials_invalid,23,True,1
9034,1130735,141755,erro_interno,err_unexpected,,False,1
9035,1130979,141782,falha_autenticacao,err_credentials_invalid,16,True,1
9036,1131074,141790,timeout,err_gateway_timeout_504,29,True,1
9037,1131132,141797,timeout,err_timeout_408,20,True,1
9038,1131466,141838,timeout,err_timeout_408,,False,1
9039,1131593,141849,timeout,err_timeout_408,,False,1
9040,1131736,141864,erro_interno,err_unexpected,,False,1
9041,1131749,141866,timeout,err_timeout_408,15,True,1
9042,1131801,141871,timeout,err_timeout_408,,False,1
9043,1131943,141884,timeout,err_gateway_timeout_504,,False,1
9044,1131994,141891,timeout,err_timeout_408,47,True,1
9045,1132156,141908,timeout,err_timeout_408,18,True,1
9046,1132374,141927,falha_autenticacao,err_credentials_invalid,26,True,1
9047,1132680,141960,falha_autenticacao,err_credentials_invalid,,False,1
9048,1132726,141965,timeout,err_gateway_timeout_504,79,True,1
9049,1132830,141976,erro_interno,err_internal_500,55,True,1
9050,1132852,141979,timeout,err_gateway_timeout_504,69,True,1
9051,1132869,141981,timeout,err_gateway_timeout_504,15,True,1
9052,1133071,142000,timeout,err_gateway_timeout_504,,False,1
9053,1133076,142000,erro_interno,err_unexpected,,False,1
9054,1133516,142043,servico_indisponivel,err_service_503,45,True,1
9055,1133570,142050,servico_indisponivel,err_maintenance,,False,1
9056,1133614,142056,falha_autenticacao,err_auth_401,13,True,1
9057,1133696,142064,erro_interno,err_internal_500,12,True,1
9058,1133878,142080,timeout,err_gateway_timeout_504,,False,1
9059,1133938,142088,falha_autenticacao,err_auth_401,20,True,1
9060,1133992,142091,erro_interno,err_unexpected,43,True,1
9061,1134034,142096,timeout,err_gateway_timeout_504,,False,1
9062,1134152,142110,falha_autenticacao,err_credentials_invalid,,False,1
9063,1134689,142170,timeout,err_gateway_timeout_504,21,True,1
9064,1134726,142174,timeout,err_timeout_408,42,True,1
9065,1134789,142182,timeout,err_timeout_408,43,True,1
9066,1134796,142182,timeout,err_timeout_408,54,True,1
9067,1135045,142204,erro_interno,err_unexpected,52,True,1
9068,1135069,142207,servico_indisponivel,err_maintenance,20,True,1
9069,1135272,142229,timeout,err_timeout_408,319,True,1
9070,1135276,142230,timeout,err_timeout_408,18,True,1
9071,1135349,142238,timeout,err_gateway_timeout_504,19,True,1
9072,1135400,142242,timeout,err_gateway_timeout_504,,False,1
9073,1135498,142252,timeout,err_timeout_408,,False,1
9074,1135565,142258,erro_interno,err_unexpected,,False,1
9075,1135819,142284,erro_interno,err_unexpected,32,True,1
9076,1136073,142311,timeout,err_timeout_408,,False,1
9077,1136169,142320,erro_interno,err_unexpected,,False,1
9078,1136280,142333,falha_autenticacao,err_credentials_invalid,,False,1
9079,1136358,142341,timeout,err_timeout_408,46,True,1
9080,1136599,142365,timeout,err_timeout_408,65,True,1
9081,1136839,142390,timeout,err_timeout_408,95,True,1
9082,1137074,142418,timeout,err_timeout_408,58,True,1
9083,1137112,142421,timeout,err_gateway_timeout_504,,False,1
9084,1137258,142437,timeout,err_timeout_408,57,True,1
9085,1137332,142446,falha_autenticacao,err_auth_401,27,True,1
9086,1137458,142459,erro_interno,err_internal_500,,False,1
9087,1137597,142478,falha_autenticacao,err_auth_401,13,True,1
9088,1137606,142479,erro_interno,err_internal_500,,False,1
9089,1137709,142490,timeout,err_gateway_timeout_504,58,True,1
9090,1137712,142490,erro_interno,err_unexpected,,False,1
9091,1137836,142504,erro_interno,err_internal_500,,False,1
9092,1137999,142523,timeout,err_gateway_timeout_504,43,True,1
9093,1138000,142523,timeout,err_timeout_408,56,True,2
9094,1138229,142547,timeout,err_timeout_408,,False,1
9095,1138820,142609,timeout,err_timeout_408,,False,1
9096,1139117,142641,timeout,err_gateway_timeout_504,,False,1
9097,1139336,142666,falha_autenticacao,err_credentials_invalid,,False,1
9098,1139717,142710,erro_interno,err_internal_500,10,True,1
9099,1139834,142723,falha_autenticacao,err_auth_401,15,True,1
9100,1140089,142749,timeout,err_gateway_timeout_504,91,True,1
9101,1140191,142760,timeout,err_gateway_timeout_504,28,True,1
9102,1140365,142777,falha_autenticacao,err_auth_401,20,True,1
9103,1140439,142784,falha_autenticacao,err_auth_401,,False,1
9104,1140823,142829,timeout,err_timeout_408,,False,1
9105,1140959,142843,timeout,err_gateway_timeout_504,113,True,1
9106,1141036,142851,erro_interno,err_unexpected,60,True,1
9107,1141061,142853,erro_interno,err_unexpected,,False,1
9108,1141215,142870,timeout,err_gateway_timeout_504,,False,1
9109,1141242,142874,timeout,err_timeout_408,,False,1
9110,1141677,142925,timeout,err_gateway_timeout_504,,False,1
9111,1141807,142937,erro_interno,err_internal_500,,False,1
9112,1141976,142955,falha_autenticacao,err_credentials_invalid,,False,1
9113,1142050,142960,timeout,err_gateway_timeout_504,48,True,1
9114,1142064,142961,timeout,err_gateway_timeout_504,105,True,1
9115,1142091,142965,erro_interno,err_unexpected,,False,1
9116,1142166,142973,timeout,err_gateway_timeout_504,45,True,1
9117,1142548,143014,timeout,err_timeout_408,15,True,1
9118,1143377,143102,timeout,err_timeout_408,,False,1
9119,1143610,143125,timeout,err_gateway_timeout_504,14,True,1
9120,1143740,143142,erro_interno,err_internal_500,95,True,1
9121,1144073,143176,timeout,err_timeout_408,67,True,1
9122,1144123,143180,erro_interno,err_unexpected,16,True,1
9123,1144181,143186,servico_indisponivel,err_maintenance,68,True,1
9124,1144196,143188,timeout,err_timeout_408,25,True,1
9125,1144302,143201,falha_autenticacao,err_auth_401,22,True,1
9126,1144303,143201,timeout,err_timeout_408,37,True,2
9127,1144318,143201,timeout,err_gateway_timeout_504,181,True,1
9128,1144321,143201,timeout,err_timeout_408,176,True,1
9129,1144386,143209,erro_interno,err_unexpected,34,True,1
9130,1144400,143210,conexao_interrompida,err_connection_lost,,False,1
9131,1144470,143218,timeout,err_timeout_408,,False,1
9132,1144723,143244,timeout,err_timeout_408,115,True,1
9133,1144849,143257,timeout,err_gateway_timeout_504,66,True,1
9134,1144876,143261,timeout,err_timeout_408,,False,1
9135,1145018,143276,timeout,err_timeout_408,,False,1
9136,1145407,143318,timeout,err_timeout_408,,False,1
9137,1145822,143366,timeout,err_gateway_timeout_504,25,True,1
9138,1145827,143366,erro_interno,err_unexpected,,False,1
9139,1146411,143430,timeout,err_timeout_408,,False,1
9140,1146471,143435,erro_interno,err_internal_500,,False,1
9141,1147037,143495,erro_interno,err_internal_500,,False,1
9142,1147306,143526,erro_interno,err_unexpected,,False,1
9143,1147724,143570,erro_interno,err_unexpected,,False,1
9144,1147784,143577,erro_interno,err_unexpected,,False,1
9145,1148268,143629,erro_interno,err_internal_500,,False,1
9146,1148295,143632,timeout,err_timeout_408,401,True,1
9147,1148299,143633,falha_autenticacao,err_auth_401,43,True,1
9148,1148517,143658,timeout,err_gateway_timeout_504,55,True,1
9149,1148780,143686,falha_autenticacao,err_auth_401,10,True,1
9150,1148795,143687,erro_interno,err_unexpected,,False,1
9151,1148897,143698,timeout,err_gateway_timeout_504,22,True,1
9152,1148942,143702,erro_interno,err_unexpected,,False,1
9153,1149033,143712,timeout,err_gateway_timeout_504,,False,1
9154,1149130,143722,erro_interno,err_unexpected,38,True,1
9155,1149349,143746,timeout,err_timeout_408,,False,1
9156,1149355,143747,timeout,err_timeout_408,,False,1
9157,1149539,143765,servico_indisponivel,err_service_503,,False,1
9158,1149556,143767,timeout,err_gateway_timeout_504,12,True,1
9159,1149715,143783,erro_interno,err_internal_500,45,True,1
9160,1149820,143793,timeout,err_timeout_408,,False,1
9161,1149901,143802,timeout,err_gateway_timeout_504,15,True,1
9162,1150003,143814,erro_interno,err_internal_500,27,True,1
9163,1150101,143824,erro_interno,err_unexpected,,False,1
9164,1150826,143902,falha_autenticacao,err_credentials_invalid,12,True,1
9165,1150910,143911,falha_autenticacao,err_credentials_invalid,31,True,1
9166,1151153,143937,timeout,err_gateway_timeout_504,11,True,1
9167,1151178,143939,erro_interno,err_internal_500,,False,1
9168,1151248,143945,erro_interno,err_unexpected,,False,1
9169,1151385,143960,falha_autenticacao,err_credentials_invalid,,False,1
9170,1151476,143968,timeout,err_gateway_timeout_504,112,True,1
9171,1151493,143970,timeout,err_gateway_timeout_504,47,True,1
9172,1151745,143999,erro_interno,err_unexpected,,False,1
9173,1151779,144002,timeout,err_gateway_timeout_504,,False,1
9174,1151950,144020,timeout,err_gateway_timeout_504,120,True,1
9175,1152024,144027,timeout,err_gateway_timeout_504,19,True,1
9176,1152371,144065,timeout,err_gateway_timeout_504,,False,1
9177,1152380,144065,erro_interno,err_internal_500,135,True,1
9178,1152513,144077,erro_interno,err_internal_500,79,True,1
9179,1152538,144079,falha_autenticacao,err_auth_401,,False,1
9180,1152640,144088,timeout,err_gateway_timeout_504,171,True,1
9181,1152685,144094,falha_autenticacao,err_auth_401,,False,1
9182,1153005,144128,erro_interno,err_unexpected,,False,1
9183,1153263,144157,erro_interno,err_unexpected,,False,1
9184,1153832,144217,falha_autenticacao,err_credentials_invalid,12,True,1
9185,1153869,144221,erro_interno,err_internal_500,60,True,1
9186,1154276,144262,erro_interno,err_internal_500,,False,1
9187,1154325,144266,erro_interno,err_internal_500,6,True,1
9188,1154362,144269,erro_interno,err_unexpected,,False,1
9189,1154557,144289,timeout,err_gateway_timeout_504,,False,1
9190,1154733,144306,servico_indisponivel,err_maintenance,,False,1
9191,1154891,144322,timeout,err_gateway_timeout_504,78,True,1
9192,1155035,144337,timeout,err_timeout_408,,False,1
9193,1155185,144351,timeout,err_gateway_timeout_504,34,True,1
9194,1155304,144364,erro_interno,err_internal_500,8,True,1
9195,1155485,144384,erro_interno,err_unexpected,7,True,1
9196,1155620,144397,falha_autenticacao,err_credentials_invalid,26,True,1
9197,1155622,144397,erro_interno,err_unexpected,16,True,1
9198,1155733,144410,timeout,err_gateway_timeout_504,26,True,1
9199,1156210,144464,erro_interno,err_internal_500,,False,1
9200,1156483,144491,timeout,err_timeout_408,70,True,1
9201,1156529,144496,timeout,err_timeout_408,31,True,1
9202,1156877,144531,timeout,err_gateway_timeout_504,,False,1
9203,1156938,144537,servico_indisponivel,err_service_503,,False,1
9204,1157174,144563,timeout,err_gateway_timeout_504,,False,1
9205,1157317,144579,erro_interno,err_internal_500,,False,1
9206,1157365,144584,timeout,err_timeout_408,,False,1
9207,1157566,144606,timeout,err_gateway_timeout_504,19,True,1
9208,1157825,144636,erro_interno,err_unexpected,,False,1
9209,1157901,144644,erro_interno,err_unexpected,,False,1
9210,1158129,144666,timeout,err_gateway_timeout_504,94,True,1
9211,1158424,144694,timeout,err_timeout_408,,False,1
9212,1158784,144729,timeout,err_gateway_timeout_504,,False,1
9213,1159001,144750,timeout,err_timeout_408,25,True,1
9214,1159017,144751,servico_indisponivel,err_service_503,,False,1
9215,1159281,144776,timeout,err_gateway_timeout_504,,False,1
9216,1159451,144793,erro_interno,err_unexpected,,False,1
9217,1159665,144817,timeout,err_gateway_timeout_504,15,True,1
9218,1160287,144882,timeout,err_timeout_408,81,True,1
9219,1160757,144935,erro_interno,err_unexpected,89,True,1
9220,1161282,144993,falha_autenticacao,err_credentials_invalid,24,True,1
9221,1161580,145026,timeout,err_timeout_408,,False,1
9222,1162297,145104,timeout,err_timeout_408,,False,1
9223,1162430,145119,timeout,err_timeout_408,,False,1
9224,1162674,145147,timeout,err_timeout_408,,False,1
9225,1162744,145154,erro_interno,err_unexpected,,False,1
9226,1162857,145165,timeout,err_timeout_408,46,True,1
9227,1162900,145169,erro_interno,err_internal_500,,False,1
9228,1162937,145172,erro_interno,err_internal_500,,False,1
9229,1163260,145208,timeout,err_gateway_timeout_504,,False,1
9230,1163302,145213,timeout,err_gateway_timeout_504,17,True,1
9231,1163566,145244,timeout,err_timeout_408,,False,1
9232,1163605,145248,timeout,err_timeout_408,41,True,1
9233,1163745,145263,timeout,err_timeout_408,40,True,1
9234,1163813,145270,falha_autenticacao,err_credentials_invalid,15,True,1
9235,1164096,145300,timeout,err_gateway_timeout_504,,False,1
9236,1164298,145323,timeout,err_gateway_timeout_504,18,True,1
9237,1164305,145323,timeout,err_gateway_timeout_504,,False,1
9238,1164327,145325,erro_interno,err_internal_500,,False,1
9239,1164467,145342,timeout,err_gateway_timeout_504,14,True,1
9240,1164614,145360,servico_indisponivel,err_maintenance,,False,1
9241,1164703,145368,erro_interno,err_unexpected,12,True,1
9242,1164877,145386,timeout,err_gateway_timeout_504,15,True,1
9243,1164921,145391,timeout,err_timeout_408,,False,1
9244,1165282,145429,erro_interno,err_internal_500,,False,1
9245,1165978,145498,timeout,err_gateway_timeout_504,11,True,1
9246,1165998,145501,falha_autenticacao,err_auth_401,19,True,1
9247,1166060,145508,timeout,err_timeout_408,,False,1
9248,1166186,145522,falha_autenticacao,err_auth_401,,False,1
9249,1166705,145575,erro_interno,err_internal_500,16,True,1
9250,1166860,145592,timeout,err_gateway_timeout_504,18,True,1
9251,1167002,145605,erro_interno,err_internal_500,,False,1
9252,1167318,145639,timeout,err_timeout_408,23,True,1
9253,1167319,145639,timeout,err_timeout_408,37,True,2
9254,1167375,145644,timeout,err_timeout_408,,False,1
9255,1167619,145667,timeout,err_timeout_408,15,True,1
9256,1167750,145681,erro_interno,err_unexpected,41,True,1
9257,1168074,145720,timeout,err_gateway_timeout_504,49,True,1
9258,1168574,145773,timeout,err_gateway_timeout_504,,False,1
9259,1168890,145808,falha_autenticacao,err_auth_401,15,True,1
9260,1168930,145813,falha_autenticacao,err_credentials_invalid,17,True,1
9261,1168935,145813,erro_interno,err_internal_500,26,True,1
9262,1169013,145822,erro_interno,err_unexpected,,False,1
9263,1169019,145823,timeout,err_timeout_408,,False,1
9264,1169200,145844,falha_autenticacao,err_auth_401,15,True,1
9265,1169382,145863,timeout,err_gateway_timeout_504,,False,1
9266,1169654,145892,conexao_interrompida,err_network_unreachable,,False,1
9267,1169952,145927,timeout,err_gateway_timeout_504,,False,1
9268,1170258,145961,falha_autenticacao,err_auth_401,28,True,1
9269,1170262,145961,erro_interno,err_internal_500,10,True,1
9270,1170264,145961,timeout,err_gateway_timeout_504,,False,1
9271,1170318,145967,erro_interno,err_unexpected,15,True,1
9272,1170935,146036,falha_autenticacao,err_credentials_invalid,30,True,1
9273,1171116,146054,falha_autenticacao,err_credentials_invalid,,False,1
9274,1171510,146096,timeout,err_gateway_timeout_504,,False,1
9275,1171543,146100,falha_autenticacao,err_auth_401,16,True,1
9276,1171763,146121,falha_autenticacao,err_credentials_invalid,21,True,1
9277,1171842,146127,timeout,err_timeout_408,29,True,1
9278,1172055,146151,timeout,err_gateway_timeout_504,,False,1
9279,1172171,146166,timeout,err_timeout_408,,False,1
9280,1172306,146179,timeout,err_gateway_timeout_504,51,True,1
9281,1172370,146186,timeout,err_timeout_408,,False,1
9282,1172398,146189,servico_indisponivel,err_service_503,,False,1
9283,1172648,146217,timeout,err_gateway_timeout_504,64,True,1
9284,1172969,146251,timeout,err_timeout_408,57,True,1
9285,1172991,146254,timeout,err_gateway_timeout_504,27,True,1
9286,1172992,146254,timeout,err_timeout_408,15,True,2
9287,1173035,146258,timeout,err_gateway_timeout_504,56,True,1
9288,1173177,146273,timeout,err_timeout_408,14,True,1
9289,1173201,146276,timeout,err_gateway_timeout_504,75,True,1
9290,1173315,146287,timeout,err_gateway_timeout_504,191,True,1
9291,1173411,146298,falha_autenticacao,err_auth_401,,False,1
9292,1173507,146310,servico_indisponivel,err_maintenance,,False,1
9293,1173749,146340,erro_interno,err_internal_500,27,True,1
9294,1174175,146381,falha_autenticacao,err_credentials_invalid,14,True,1
9295,1174589,146426,falha_autenticacao,err_credentials_invalid,15,True,1
9296,1174787,146447,timeout,err_timeout_408,,False,1
9297,1174996,146472,timeout,err_gateway_timeout_504,,False,1
9298,1175063,146479,erro_interno,err_internal_500,59,True,1
9299,1175372,146513,timeout,err_timeout_408,130,True,1
9300,1175696,146550,erro_interno,err_unexpected,64,True,1
9301,1176113,146590,erro_interno,err_internal_500,,False,1
9302,1176336,146613,timeout,err_timeout_408,,False,1
9303,1176490,146633,timeout,err_gateway_timeout_504,11,True,1
9304,1176669,146649,timeout,err_gateway_timeout_504,,False,1
9305,1176723,146656,falha_autenticacao,err_credentials_invalid,18,True,1
9306,1177029,146689,timeout,err_timeout_408,59,True,1
9307,1177048,146691,timeout,err_timeout_408,39,True,1
9308,1177122,146698,servico_indisponivel,err_service_503,75,True,1
9309,1177669,146754,timeout,err_timeout_408,66,True,1
9310,1177694,146756,timeout,err_gateway_timeout_504,64,True,1
9311,1177704,146757,timeout,err_timeout_408,50,True,1
9312,1177816,146767,erro_interno,err_unexpected,15,True,1
9313,1178463,146832,erro_interno,err_unexpected,,False,1
9314,1178464,146832,timeout,err_timeout_408,,False,2
9315,1178836,146869,timeout,err_timeout_408,67,True,1
9316,1178909,146877,timeout,err_timeout_408,77,True,1
9317,1178957,146882,timeout,err_timeout_408,74,True,1
9318,1179232,146910,timeout,err_timeout_408,54,True,1
9319,1179246,146911,timeout,err_timeout_408,,False,1
9320,1179474,146936,timeout,err_timeout_408,44,True,1
9321,1179726,146966,erro_interno,err_unexpected,,False,1
9322,1179765,146969,erro_interno,err_unexpected,,False,1
9323,1179831,146975,erro_interno,err_unexpected,,False,1
9324,1179869,146979,falha_autenticacao,err_auth_401,16,True,1
9325,1179890,146981,timeout,err_timeout_408,,False,1
9326,1179905,146983,erro_interno,err_internal_500,,False,1
9327,1180004,146993,erro_interno,err_internal_500,,False,1
9328,1180099,147004,falha_autenticacao,err_auth_401,,False,1
9329,1180292,147026,timeout,err_timeout_408,,False,1
9330,1180406,147038,timeout,err_gateway_timeout_504,,False,1
9331,1180437,147040,servico_indisponivel,err_service_503,,False,1
9332,1180438,147040,erro_interno,err_internal_500,,False,2
9333,1180605,147058,timeout,err_gateway_timeout_504,13,True,1
9334,1180663,147063,timeout,err_gateway_timeout_504,,False,1
9335,1180966,147096,erro_interno,err_internal_500,40,True,1
9336,1180975,147097,erro_interno,err_internal_500,,False,1
9337,1181008,147101,erro_interno,err_unexpected,47,True,1
9338,1181460,147147,erro_interno,err_unexpected,18,True,1
9339,1181627,147166,timeout,err_timeout_408,117,True,1
9340,1181729,147177,timeout,err_gateway_timeout_504,79,True,1
9341,1181869,147192,timeout,err_gateway_timeout_504,19,True,1
9342,1181901,147195,timeout,err_timeout_408,18,True,1
9343,1182124,147219,erro_interno,err_unexpected,55,True,1
9344,1182159,147223,timeout,err_timeout_408,39,True,1
9345,1182226,147231,falha_autenticacao,err_credentials_invalid,12,True,1
9346,1182311,147239,erro_interno,err_internal_500,,False,1
9347,1182345,147242,timeout,err_gateway_timeout_504,46,True,1
9348,1182381,147247,timeout,err_timeout_408,17,True,1
9349,1182526,147260,erro_interno,err_internal_500,15,True,1
9350,1182541,147261,timeout,err_gateway_timeout_504,73,True,1
9351,1182562,147263,timeout,err_gateway_timeout_504,86,True,1
9352,1182623,147269,falha_autenticacao,err_credentials_invalid,16,True,1
9353,1182891,147300,timeout,err_gateway_timeout_504,,False,1
9354,1182932,147304,timeout,err_timeout_408,21,True,1
9355,1183397,147352,timeout,err_gateway_timeout_504,,False,1
9356,1183462,147360,timeout,err_timeout_408,,False,1
9357,1183622,147375,falha_autenticacao,err_credentials_invalid,23,True,1
9358,1183667,147381,timeout,err_timeout_408,13,True,1
9359,1184050,147423,timeout,err_gateway_timeout_504,,False,1
9360,1184207,147440,erro_interno,err_unexpected,,False,1
9361,1184381,147460,timeout,err_gateway_timeout_504,24,True,1
9362,1184639,147487,timeout,err_timeout_408,13,True,1
9363,1185121,147540,servico_indisponivel,err_maintenance,15,True,1
9364,1185221,147549,timeout,err_timeout_408,53,True,1
9365,1185302,147557,timeout,err_timeout_408,138,True,1
9366,1185493,147577,falha_autenticacao,err_credentials_invalid,14,True,1
9367,1185714,147601,erro_interno,err_internal_500,27,True,1
9368,1186760,147707,erro_interno,err_internal_500,10,True,1
9369,1187000,147729,erro_interno,err_unexpected,,False,1
9370,1187028,147732,timeout,err_timeout_408,,False,1
9371,1187199,147750,falha_autenticacao,err_credentials_invalid,19,True,1
9372,1187318,147763,erro_interno,err_unexpected,,False,1
9373,1187505,147781,falha_autenticacao,err_auth_401,15,True,1
9374,1187640,147795,timeout,err_gateway_timeout_504,,False,1
9375,1187649,147796,timeout,err_timeout_408,,False,1
9376,1187918,147828,timeout,err_gateway_timeout_504,14,True,1
9377,1188131,147852,timeout,err_gateway_timeout_504,25,True,1
9378,1188369,147877,servico_indisponivel,err_maintenance,,False,1
9379,1188567,147899,erro_interno,err_internal_500,7,True,1
9380,1188729,147917,timeout,err_gateway_timeout_504,15,True,1
9381,1189150,147963,timeout,err_timeout_408,,False,1
9382,1189213,147970,erro_interno,err_internal_500,,False,1
9383,1189475,147998,falha_autenticacao,err_credentials_invalid,,False,1
9384,1189636,148014,timeout,err_timeout_408,99,True,1
9385,1190076,148061,timeout,err_gateway_timeout_504,26,True,1
9386,1190111,148065,erro_interno,err_internal_500,,False,1
9387,1190205,148076,falha_autenticacao,err_credentials_invalid,,False,1
9388,1190270,148083,timeout,err_timeout_408,68,True,1
9389,1190513,148109,falha_autenticacao,err_auth_401,,False,1
9390,1190640,148121,timeout,err_gateway_timeout_504,27,True,1
9391,1190825,148143,timeout,err_gateway_timeout_504,,False,1
9392,1190846,148146,servico_indisponivel,err_maintenance,,False,1
9393,1191241,148184,timeout,err_gateway_timeout_504,,False,1
9394,1192140,148276,timeout,err_timeout_408,,False,1
9395,1192358,148302,timeout,err_gateway_timeout_504,,False,1
9396,1192443,148312,timeout,err_timeout_408,21,True,1
9397,1192541,148321,falha_autenticacao,err_auth_401,,False,1
9398,1192613,148329,timeout,err_timeout_408,,False,1
9399,1193053,148377,timeout,err_gateway_timeout_504,10,True,1
9400,1193146,148387,timeout,err_timeout_408,,False,1
9401,1193555,148432,timeout,err_gateway_timeout_504,,False,1
9402,1193576,148434,erro_interno,err_internal_500,9,True,1
9403,1193639,148441,timeout,err_gateway_timeout_504,,False,1
9404,1193644,148442,timeout,err_gateway_timeout_504,15,True,1
9405,1193651,148442,timeout,err_timeout_408,,False,1
9406,1193769,148455,timeout,err_timeout_408,12,True,1
9407,1193962,148473,timeout,err_gateway_timeout_504,24,True,1
9408,1194090,148486,timeout,err_timeout_408,,False,1
9409,1194100,148487,erro_interno,err_internal_500,66,True,1
9410,1194118,148488,erro_interno,err_unexpected,,False,1
9411,1194136,148489,timeout,err_gateway_timeout_504,,False,1
9412,1194141,148489,erro_interno,err_internal_500,7,True,1
9413,1194277,148503,falha_autenticacao,err_auth_401,,False,1
9414,1194332,148510,erro_interno,err_unexpected,,False,1
9415,1194490,148527,timeout,err_gateway_timeout_504,,False,1
9416,1195065,148583,timeout,err_timeout_408,64,True,1
9417,1195234,148601,falha_autenticacao,err_auth_401,33,True,1
9418,1195291,148605,timeout,err_gateway_timeout_504,,False,1
9419,1195514,148629,erro_interno,err_internal_500,25,True,1
9420,1195572,148634,falha_autenticacao,err_auth_401,22,True,1
9421,1196154,148699,erro_interno,err_internal_500,,False,1
9422,1196692,148756,falha_autenticacao,err_credentials_invalid,,False,1
9423,1196761,148764,timeout,err_timeout_408,18,True,1
9424,1197149,148803,timeout,err_timeout_408,55,True,1
9425,1197550,148845,timeout,err_timeout_408,,False,1
9426,1197781,148875,timeout,err_gateway_timeout_504,12,True,1
9427,1198010,148899,timeout,err_gateway_timeout_504,,False,1
9428,1198222,148922,timeout,err_timeout_408,26,True,1
9429,1198498,148955,erro_interno,err_internal_500,,False,1
9430,1198543,148962,timeout,err_gateway_timeout_504,,False,1
9431,1198581,148966,falha_autenticacao,err_credentials_invalid,19,True,1
9432,1198714,148980,timeout,err_gateway_timeout_504,,False,1
9433,1198753,148984,erro_interno,err_internal_500,22,True,1
9434,1198930,149006,timeout,err_gateway_timeout_504,18,True,1
9435,1198982,149010,erro_interno,err_internal_500,10,True,1
9436,1199001,149013,timeout,err_timeout_408,41,True,1
9437,1199027,149014,timeout,err_gateway_timeout_504,,False,1
9438,1199944,149111,timeout,err_gateway_timeout_504,49,True,1
9439,1200007,149117,timeout,err_timeout_408,120,True,1
9440,1200263,149143,erro_interno,err_unexpected,,False,1
9441,1200279,149145,erro_interno,err_unexpected,,False,1
9442,1200341,149152,timeout,err_timeout_408,,False,1
9443,1200437,149162,timeout,err_gateway_timeout_504,,False,1
9444,1200458,149164,falha_autenticacao,err_auth_401,,False,1
9445,1200488,149168,erro_interno,err_internal_500,,False,1
9446,1201176,149243,erro_interno,err_unexpected,,False,1
9447,1201414,149270,erro_interno,err_unexpected,35,True,1
9448,1201455,149273,erro_interno,err_internal_500,7,True,1
9449,1201628,149290,timeout,err_gateway_timeout_504,89,True,1
9450,1201732,149301,timeout,err_timeout_408,,False,1
9451,1201948,149323,falha_autenticacao,err_credentials_invalid,18,True,1
9452,1201955,149323,erro_interno,err_internal_500,,False,1
9453,1201987,149326,timeout,err_timeout_408,,False,1
9454,1202525,149382,timeout,err_gateway_timeout_504,15,True,1
9455,1202713,149401,timeout,err_gateway_timeout_504,,False,1
9456,1203026,149439,timeout,err_gateway_timeout_504,,False,1
9457,1203175,149455,timeout,err_gateway_timeout_504,12,True,1
9458,1203566,149497,falha_autenticacao,err_auth_401,29,True,1
9459,1203718,149510,falha_autenticacao,err_credentials_invalid,28,True,1
9460,1203732,149511,timeout,err_gateway_timeout_504,70,True,1
9461,1204286,149568,timeout,err_timeout_408,104,True,1
9462,1204361,149576,falha_autenticacao,err_auth_401,12,True,1
9463,1204977,149643,timeout,err_timeout_408,11,True,1
9464,1204994,149645,timeout,err_gateway_timeout_504,90,True,1
9465,1205218,149668,timeout,err_gateway_timeout_504,,False,1
9466,1205245,149672,erro_interno,err_internal_500,8,True,1
9467,1205358,149685,servico_indisponivel,err_maintenance,,False,1
9468,1205757,149727,falha_autenticacao,err_credentials_invalid,,False,1
9469,1205820,149733,timeout,err_gateway_timeout_504,38,True,1
9470,1205952,149748,falha_autenticacao,err_auth_401,,False,1
9471,1206016,149754,erro_interno,err_internal_500,,False,1
9472,1206082,149762,timeout,err_timeout_408,,False,1
9473,1206146,149767,erro_interno,err_unexpected,71,True,1
9474,1206194,149771,erro_interno,err_internal_500,14,True,1
9475,1206278,149779,erro_interno,err_internal_500,,False,1
9476,1206326,149784,servico_indisponivel,err_maintenance,73,True,1
9477,1206330,149785,timeout,err_gateway_timeout_504,24,True,1
9478,1206590,149814,falha_autenticacao,err_credentials_invalid,,False,1
9479,1206657,149823,timeout,err_gateway_timeout_504,,False,1
9480,1207252,149885,timeout,err_timeout_408,,False,1
9481,1207669,149932,erro_interno,err_unexpected,44,True,1
9482,1207792,149946,timeout,err_timeout_408,8,True,1
9483,1207844,149951,timeout,err_timeout_408,,False,1
9484,1208584,150029,timeout,err_timeout_408,180,True,1
9485,1208673,150037,timeout,err_gateway_timeout_504,72,True,1
9486,1208724,150043,timeout,err_gateway_timeout_504,101,True,1
9487,1209337,150107,timeout,err_gateway_timeout_504,,False,1
9488,1209356,150109,erro_interno,err_internal_500,,False,1
9489,1209364,150110,timeout,err_timeout_408,,False,1
9490,1209649,150137,timeout,err_gateway_timeout_504,,False,1
9491,1209979,150173,timeout,err_timeout_408,,False,1
9492,1210143,150190,falha_autenticacao,err_credentials_invalid,19,True,1
9493,1210327,150209,timeout,err_timeout_408,18,True,1
9494,1210378,150215,timeout,err_timeout_408,,False,1
9495,1210394,150216,erro_interno,err_internal_500,,False,1
9496,1210442,150221,timeout,err_gateway_timeout_504,,False,1
9497,1210605,150239,erro_interno,err_unexpected,,False,1
9498,1210694,150249,timeout,err_timeout_408,,False,1
9499,1210847,150265,servico_indisponivel,err_service_503,,False,1
9500,1210848,150265,erro_interno,err_unexpected,,False,2
9501,1211089,150290,timeout,err_gateway_timeout_504,,False,1
9502,1211100,150291,erro_interno,err_internal_500,107,True,1
9503,1211101,150291,erro_interno,err_internal_500,101,True,2
9504,1211336,150317,timeout,err_timeout_408,16,True,1
9505,1211398,150322,erro_interno,err_internal_500,,False,1
9506,1211480,150330,timeout,err_gateway_timeout_504,19,True,1
9507,1211624,150345,erro_interno,err_internal_500,,False,1
9508,1211631,150346,timeout,err_timeout_408,,False,1
9509,1211647,150348,timeout,err_gateway_timeout_504,18,True,1
9510,1211918,150376,timeout,err_timeout_408,,False,1
9511,1212047,150391,erro_interno,err_unexpected,,False,1
9512,1212111,150399,timeout,err_timeout_408,,False,1
9513,1212384,150430,erro_interno,err_internal_500,121,True,1
9514,1212699,150462,timeout,err_gateway_timeout_504,42,True,1
9515,1212877,150481,timeout,err_gateway_timeout_504,38,True,1
9516,1213072,150501,timeout,err_timeout_408,16,True,1
9517,1213146,150508,timeout,err_timeout_408,65,True,1
9518,1213281,150522,timeout,err_gateway_timeout_504,12,True,1
9519,1213423,150537,falha_autenticacao,err_credentials_invalid,21,True,1
9520,1213573,150552,timeout,err_timeout_408,,False,1
9521,1213873,150585,timeout,err_gateway_timeout_504,,False,1
9522,1214029,150600,timeout,err_timeout_408,19,True,1
9523,1214275,150627,erro_interno,err_internal_500,,False,1
9524,1214435,150644,timeout,err_gateway_timeout_504,16,True,1
9525,1214464,150646,timeout,err_gateway_timeout_504,,False,1
9526,1214867,150686,timeout,err_gateway_timeout_504,,False,1
9527,1215143,150716,timeout,err_gateway_timeout_504,,False,1
9528,1215209,150723,falha_autenticacao,err_credentials_invalid,,False,1
9529,1215219,150724,timeout,err_gateway_timeout_504,122,True,1
9530,1215310,150732,timeout,err_gateway_timeout_504,80,True,1
9531,1215346,150737,falha_autenticacao,err_credentials_invalid,14,True,1
9532,1215456,150748,erro_interno,err_unexpected,78,True,1
9533,1215653,150770,timeout,err_gateway_timeout_504,161,True,1
9534,1215895,150795,falha_autenticacao,err_credentials_invalid,15,True,1
9535,1216382,150849,erro_interno,err_internal_500,32,True,1
9536,1216836,150900,servico_indisponivel,err_service_503,116,True,1
9537,1217484,150969,falha_autenticacao,err_credentials_invalid,12,True,1
9538,1217500,150970,timeout,err_gateway_timeout_504,56,True,1
9539,1217716,150991,timeout,err_gateway_timeout_504,,False,1
9540,1217828,151004,erro_interno,err_unexpected,,False,1
9541,1218166,151047,erro_interno,err_unexpected,101,True,1
9542,1218428,151076,erro_interno,err_unexpected,51,True,1
9543,1218449,151078,erro_interno,err_unexpected,75,True,1
9544,1218461,151079,erro_interno,err_unexpected,,False,1
9545,1218465,151079,timeout,err_timeout_408,,False,1
9546,1218535,151087,timeout,err_gateway_timeout_504,36,True,1
9547,1218574,151091,erro_interno,err_internal_500,,False,1
9548,1218622,151096,timeout,err_gateway_timeout_504,,False,1
9549,1218920,151125,servico_indisponivel,err_service_503,,False,1
9550,1219027,151137,timeout,err_timeout_408,124,True,1
9551,1219064,151141,timeout,err_gateway_timeout_504,,False,1
9552,1219137,151151,falha_autenticacao,err_auth_401,31,True,1
9553,1219270,151165,timeout,err_timeout_408,16,True,1
9554,1219319,151170,erro_interno,err_unexpected,11,True,1
9555,1219342,151172,erro_interno,err_unexpected,,False,1
9556,1219352,151173,timeout,err_gateway_timeout_504,,False,1
9557,1219451,151184,timeout,err_timeout_408,,False,1
9558,1220119,151251,erro_interno,err_internal_500,,False,1
9559,1220253,151265,servico_indisponivel,err_service_503,,False,1
9560,1220521,151295,timeout,err_timeout_408,41,True,1
9561,1220700,151315,timeout,err_timeout_408,79,True,1
9562,1220950,151340,timeout,err_timeout_408,19,True,1
9563,1221021,151346,timeout,err_timeout_408,,False,1
9564,1221061,151351,erro_interno,err_internal_500,,False,1
9565,1221206,151366,timeout,err_timeout_408,,False,1
9566,1221232,151370,erro_interno,err_unexpected,26,True,1
9567,1221303,151376,timeout,err_timeout_408,77,True,1
9568,1221736,151426,timeout,err_timeout_408,11,True,1
9569,1221899,151442,falha_autenticacao,err_auth_401,15,True,1
9570,1222295,151480,erro_interno,err_unexpected,,False,1
9571,1222317,151482,timeout,err_gateway_timeout_504,,False,1
9572,1222627,151519,falha_autenticacao,err_auth_401,21,True,1
9573,1222750,151533,timeout,err_gateway_timeout_504,63,True,1
9574,1222896,151546,timeout,err_timeout_408,,False,1
9575,1222940,151550,erro_interno,err_internal_500,8,True,1
9576,1223358,151592,timeout,err_gateway_timeout_504,,False,1
9577,1223427,151599,timeout,err_timeout_408,,False,1
9578,1223459,151603,timeout,err_gateway_timeout_504,237,True,1
9579,1223625,151622,erro_interno,err_internal_500,,False,1
9580,1223688,151629,timeout,err_gateway_timeout_504,,False,1
9581,1223940,151655,timeout,err_gateway_timeout_504,13,True,1
9582,1223975,151657,timeout,err_timeout_408,61,True,1
9583,1224053,151666,falha_autenticacao,err_credentials_invalid,16,True,1
9584,1224056,151666,timeout,err_timeout_408,,False,1
9585,1224182,151681,timeout,err_timeout_408,,False,1
9586,1224232,151686,timeout,err_timeout_408,57,True,1
9587,1224289,151692,timeout,err_timeout_408,,False,1
9588,1224420,151705,timeout,err_timeout_408,,False,1
9589,1224710,151736,falha_autenticacao,err_credentials_invalid,14,True,1
9590,1224908,151755,timeout,err_gateway_timeout_504,29,True,1
9591,1224957,151761,timeout,err_timeout_408,88,True,1
9592,1225065,151774,falha_autenticacao,err_auth_401,,False,1
9593,1225163,151783,timeout,err_timeout_408,36,True,1
9594,1225164,151783,servico_indisponivel,err_service_503,25,True,2
9595,1225398,151808,timeout,err_timeout_408,95,True,1
9596,1225531,151824,timeout,err_timeout_408,24,True,1
9597,1225534,151824,erro_interno,err_internal_500,,False,1
9598,1225649,151836,timeout,err_timeout_408,75,True,1
9599,1225680,151840,erro_interno,err_internal_500,,False,1
9600,1225945,151866,servico_indisponivel,err_maintenance,,False,1
9601,1225969,151870,timeout,err_timeout_408,15,True,1
9602,1226001,151873,erro_interno,err_internal_500,34,True,1
9603,1226107,151884,erro_interno,err_internal_500,69,True,1
9604,1226157,151889,timeout,err_timeout_408,,False,1
9605,1226262,151901,falha_autenticacao,err_auth_401,23,True,1
9606,1226314,151906,erro_interno,err_unexpected,65,True,1
9607,1226549,151930,falha_autenticacao,err_credentials_invalid,18,True,1
9608,1226585,151933,servico_indisponivel,err_maintenance,,False,1
9609,1226890,151963,erro_interno,err_internal_500,92,True,1
9610,1227180,151992,erro_interno,err_unexpected,,False,1
9611,1227561,152032,timeout,err_timeout_408,,False,1
9612,1227666,152044,timeout,err_gateway_timeout_504,,False,1
9613,1227669,152044,erro_interno,err_unexpected,47,True,1
9614,1228253,152097,timeout,err_gateway_timeout_504,,False,1
9615,1228594,152135,timeout,err_timeout_408,16,True,1
9616,1228595,152135,timeout,err_timeout_408,18,True,2
9617,1228790,152155,erro_interno,err_internal_500,,False,1
9618,1228829,152159,servico_indisponivel,err_service_503,,False,1
9619,1228879,152166,timeout,err_timeout_408,17,True,1
9620,1229132,152188,timeout,err_gateway_timeout_504,57,True,1
9621,1229178,152193,falha_autenticacao,err_credentials_invalid,18,True,1
9622,1229185,152193,timeout,err_gateway_timeout_504,75,True,1
9623,1229320,152209,timeout,err_timeout_408,24,True,1
9624,1229381,152215,timeout,err_gateway_timeout_504,,False,1
9625,1229416,152218,timeout,err_gateway_timeout_504,,False,1
9626,1229544,152232,erro_interno,err_internal_500,51,True,1
9627,1229880,152268,erro_interno,err_unexpected,6,True,1
9628,1230071,152285,servico_indisponivel,err_service_503,,False,1
9629,1230128,152290,erro_interno,err_internal_500,,False,1
9630,1230181,152295,falha_autenticacao,err_auth_401,15,True,1
9631,1230475,152324,erro_interno,err_unexpected,,False,1
9632,1230557,152334,timeout,err_timeout_408,,False,1
9633,1230712,152350,falha_autenticacao,err_credentials_invalid,17,True,1
9634,1230948,152371,erro_interno,err_unexpected,,False,1
9635,1230969,152374,timeout,err_gateway_timeout_504,22,True,1
9636,1231072,152384,timeout,err_gateway_timeout_504,,False,1
9637,1231411,152420,erro_interno,err_unexpected,,False,1
9638,1231656,152446,timeout,err_gateway_timeout_504,29,True,1
9639,1231657,152446,timeout,err_timeout_408,31,True,2
9640,1231743,152453,timeout,err_gateway_timeout_504,63,True,1
9641,1231747,152454,timeout,err_timeout_408,,False,1
9642,1231932,152473,timeout,err_timeout_408,,False,1
9643,1232090,152489,falha_autenticacao,err_credentials_invalid,,False,1
9644,1232105,152491,timeout,err_gateway_timeout_504,14,True,1
9645,1232249,152504,timeout,err_gateway_timeout_504,30,True,1
9646,1232473,152532,erro_interno,err_internal_500,,False,1
9647,1232564,152543,falha_autenticacao,err_credentials_invalid,15,True,1
9648,1232766,152564,timeout,err_gateway_timeout_504,,False,1
9649,1232903,152579,erro_interno,err_internal_500,,False,1
9650,1233038,152595,timeout,err_gateway_timeout_504,16,True,1
9651,1233250,152616,timeout,err_gateway_timeout_504,,False,1
9652,1233336,152625,erro_interno,err_unexpected,87,True,1
9653,1233676,152662,timeout,err_timeout_408,61,True,1
9654,1234324,152731,servico_indisponivel,err_service_503,,False,1
9655,1234371,152737,timeout,err_gateway_timeout_504,,False,1
9656,1234372,152737,timeout,err_gateway_timeout_504,,False,2
9657,1234418,152740,timeout,err_gateway_timeout_504,62,True,1
9658,1234471,152748,servico_indisponivel,err_service_503,,False,1
9659,1234712,152775,timeout,err_timeout_408,50,True,1
9660,1234998,152804,falha_autenticacao,err_auth_401,,False,1
9661,1235533,152867,timeout,err_timeout_408,22,True,1
9662,1235602,152877,timeout,err_gateway_timeout_504,27,True,1
9663,1235621,152879,timeout,err_gateway_timeout_504,,False,1
9664,1235649,152882,timeout,err_gateway_timeout_504,71,True,1
9665,1235798,152898,timeout,err_timeout_408,,False,1
9666,1235807,152899,servico_indisponivel,err_maintenance,,False,1
9667,1235818,152900,timeout,err_gateway_timeout_504,,False,1
9668,1235946,152914,timeout,err_gateway_timeout_504,30,True,1
9669,1236194,152940,erro_interno,err_unexpected,6,True,1
9670,1236291,152953,timeout,err_gateway_timeout_504,,False,1
9671,1236518,152977,erro_interno,err_unexpected,,False,1
9672,1236559,152980,timeout,err_gateway_timeout_504,50,True,1
9673,1236686,152992,erro_interno,err_unexpected,,False,1
9674,1236891,153013,timeout,err_gateway_timeout_504,,False,1
9675,1236892,153014,timeout,err_timeout_408,20,True,1
9676,1237096,153037,timeout,err_gateway_timeout_504,,False,1
9677,1237452,153072,timeout,err_timeout_408,58,True,1
9678,1237513,153080,servico_indisponivel,err_maintenance,,False,1
9679,1237762,153104,timeout,err_gateway_timeout_504,,False,1
9680,1238057,153133,servico_indisponivel,err_maintenance,,False,1
9681,1238090,153136,timeout,err_timeout_408,16,True,1
9682,1238225,153150,timeout,err_gateway_timeout_504,15,True,1
9683,1238327,153161,erro_interno,err_unexpected,,False,1
9684,1238483,153178,erro_interno,err_unexpected,,False,1
9685,1238742,153200,erro_interno,err_unexpected,,False,1
9686,1238790,153206,erro_interno,err_internal_500,,False,1
9687,1238792,153206,erro_interno,err_unexpected,,False,1
9688,1239307,153260,conexao_interrompida,err_connection_lost,,False,1
9689,1239308,153260,erro_interno,err_unexpected,,False,2
9690,1239421,153272,timeout,err_timeout_408,23,True,1
9691,1239490,153278,falha_autenticacao,err_auth_401,,False,1
9692,1239506,153280,timeout,err_timeout_408,49,True,1
9693,1239912,153317,timeout,err_gateway_timeout_504,,False,1
9694,1240194,153348,erro_interno,err_unexpected,14,True,1
9695,1240218,153352,timeout,err_timeout_408,,False,1
9696,1240255,153357,falha_autenticacao,err_auth_401,21,True,1
9697,1240788,153415,timeout,err_timeout_408,,False,1
9698,1240931,153429,erro_interno,err_internal_500,43,True,1
9699,1241034,153441,timeout,err_timeout_408,,False,1
9700,1241347,153477,timeout,err_gateway_timeout_504,18,True,1
9701,1241372,153479,erro_interno,err_internal_500,,False,1
9702,1241472,153490,timeout,err_timeout_408,24,True,1
9703,1241682,153511,erro_interno,err_unexpected,35,True,1
9704,1241907,153537,timeout,err_gateway_timeout_504,19,True,1
9705,1242365,153582,erro_interno,err_internal_500,,False,1
9706,1243000,153648,timeout,err_timeout_408,13,True,1
9707,1243026,153649,timeout,err_gateway_timeout_504,,False,1
9708,1243173,153666,erro_interno,err_unexpected,,False,1
9709,1243203,153669,timeout,err_gateway_timeout_504,,False,1
9710,1243382,153688,timeout,err_gateway_timeout_504,60,True,1
9711,1243568,153709,falha_autenticacao,err_auth_401,12,True,1
9712,1243664,153718,falha_autenticacao,err_auth_401,,False,1
9713,1243831,153735,servico_indisponivel,err_maintenance,,False,1
9714,1243927,153748,falha_autenticacao,err_auth_401,29,True,1
9715,1243986,153753,erro_interno,err_unexpected,8,True,1
9716,1244189,153774,timeout,err_gateway_timeout_504,,False,1
9717,1244236,153779,timeout,err_timeout_408,31,True,1
9718,1244477,153805,falha_autenticacao,err_credentials_invalid,18,True,1
9719,1245036,153861,timeout,err_timeout_408,39,True,1
9720,1245245,153881,erro_interno,err_internal_500,,False,1
9721,1245307,153887,erro_interno,err_internal_500,,False,1
9722,1245397,153895,timeout,err_gateway_timeout_504,243,True,1
9723,1246031,153962,timeout,err_gateway_timeout_504,17,True,1
9724,1246179,153977,timeout,err_timeout_408,22,True,1
9725,1246367,154000,timeout,err_timeout_408,,False,1
9726,1246671,154031,timeout,err_gateway_timeout_504,32,True,1
9727,1246710,154037,timeout,err_gateway_timeout_504,,False,1
9728,1247064,154072,timeout,err_gateway_timeout_504,64,True,1
9729,1247136,154079,timeout,err_timeout_408,52,True,1
9730,1247220,154088,timeout,err_gateway_timeout_504,,False,1
9731,1247370,154104,erro_interno,err_unexpected,,False,1
9732,1247686,154137,timeout,err_gateway_timeout_504,59,True,1
9733,1248221,154195,timeout,err_gateway_timeout_504,,False,1
9734,1248260,154199,timeout,err_timeout_408,,False,1
9735,1248480,154225,erro_interno,err_unexpected,72,True,1
9736,1248676,154246,erro_interno,err_internal_500,17,True,1
9737,1248992,154277,timeout,err_timeout_408,16,True,1
9738,1249033,154281,timeout,err_timeout_408,25,True,1
9739,1249159,154294,erro_interno,err_unexpected,67,True,1
9740,1249412,154322,timeout,err_gateway_timeout_504,31,True,1
9741,1249429,154324,falha_autenticacao,err_credentials_invalid,,False,1
9742,1249542,154335,timeout,err_timeout_408,,False,1
9743,1249810,154364,erro_interno,err_internal_500,64,True,1
9744,1249968,154381,timeout,err_timeout_408,12,True,1
9745,1250026,154386,timeout,err_timeout_408,,False,1
9746,1250083,154392,timeout,err_gateway_timeout_504,55,True,1
9747,1250165,154401,erro_interno,err_unexpected,43,True,1
9748,1250308,154416,erro_interno,err_unexpected,17,True,1
9749,1250512,154436,timeout,err_gateway_timeout_504,,False,1
9750,1250672,154458,timeout,err_gateway_timeout_504,20,True,1
9751,1250835,154476,timeout,err_gateway_timeout_504,,False,1
9752,1250889,154480,erro_interno,err_internal_500,,False,1
9753,1251168,154512,timeout,err_gateway_timeout_504,12,True,1
9754,1251217,154516,timeout,err_timeout_408,179,True,1
9755,1251221,154517,falha_autenticacao,err_auth_401,,False,1
9756,1251249,154521,timeout,err_timeout_408,,False,1
9757,1251303,154526,timeout,err_gateway_timeout_504,,False,1
9758,1251374,154532,timeout,err_timeout_408,24,True,1
9759,1251439,154539,erro_interno,err_internal_500,12,True,1
9760,1251752,154570,erro_interno,err_internal_500,,False,1
9761,1251756,154570,timeout,err_gateway_timeout_504,,False,1
9762,1251960,154591,timeout,err_gateway_timeout_504,68,True,1
9763,1252076,154604,timeout,err_timeout_408,77,True,1
9764,1252091,154606,servico_indisponivel,err_maintenance,,False,1
9765,1252130,154609,timeout,err_gateway_timeout_504,,False,1
9766,1252798,154680,servico_indisponivel,err_service_503,,False,1
9767,1252834,154684,timeout,err_timeout_408,,False,1
9768,1252887,154690,erro_interno,err_unexpected,,False,1
9769,1252916,154693,falha_autenticacao,err_credentials_invalid,14,True,1
9770,1253398,154742,erro_interno,err_unexpected,,False,1
9771,1253670,154773,timeout,err_timeout_408,97,True,1
9772,1254467,154859,timeout,err_gateway_timeout_504,46,True,1
9773,1254478,154861,servico_indisponivel,err_service_503,,False,1
9774,1255211,154940,timeout,err_timeout_408,,False,1
9775,1255705,154993,timeout,err_timeout_408,,False,1
9776,1256180,155042,erro_interno,err_internal_500,,False,1
9777,1256322,155058,timeout,err_gateway_timeout_504,93,True,1
9778,1256484,155074,erro_interno,err_internal_500,8,True,1
9779,1256589,155084,erro_interno,err_internal_500,7,True,1
9780,1256777,155104,timeout,err_timeout_408,20,True,1
9781,1256840,155110,timeout,err_timeout_408,36,True,1
9782,1256924,155119,timeout,err_gateway_timeout_504,,False,1
9783,1257090,155136,falha_autenticacao,err_auth_401,35,True,1
9784,1257186,155145,falha_autenticacao,err_auth_401,10,True,1
9785,1257556,155186,falha_autenticacao,err_credentials_invalid,30,True,1
9786,1257742,155203,timeout,err_timeout_408,48,True,1
9787,1257859,155215,timeout,err_gateway_timeout_504,,False,1
9788,1258243,155257,timeout,err_timeout_408,14,True,1
9789,1258583,155292,erro_interno,err_unexpected,,False,1
9790,1258630,155296,timeout,err_timeout_408,104,True,1
9791,1258984,155329,erro_interno,err_unexpected,44,True,1
9792,1259261,155359,erro_interno,err_unexpected,,False,1
9793,1259411,155374,timeout,err_gateway_timeout_504,75,True,1
9794,1259647,155401,falha_autenticacao,err_auth_401,,False,1
9795,1259755,155413,servico_indisponivel,err_maintenance,,False,1
9796,1260313,155469,timeout,err_gateway_timeout_504,,False,1
9797,1260340,155473,timeout,err_gateway_timeout_504,14,True,1
9798,1260540,155493,erro_interno,err_unexpected,,False,1
9799,1260542,155493,timeout,err_gateway_timeout_504,39,True,1
9800,1260575,155497,timeout,err_gateway_timeout_504,71,True,1
9801,1260821,155524,erro_interno,err_unexpected,,False,1
9802,1260995,155542,erro_interno,err_internal_500,,False,1
9803,1261123,155555,falha_autenticacao,err_auth_401,35,True,1
9804,1261126,155555,timeout,err_gateway_timeout_504,101,True,1
9805,1261295,155573,timeout,err_timeout_408,,False,1
9806,1261462,155592,falha_autenticacao,err_credentials_invalid,13,True,1
9807,1261563,155600,timeout,err_timeout_408,45,True,1
9808,1261601,155603,timeout,err_timeout_408,,False,1
9809,1261626,155606,servico_indisponivel,err_service_503,61,True,1
9810,1262271,155674,timeout,err_gateway_timeout_504,20,True,1
9811,1262305,155677,timeout,err_gateway_timeout_504,36,True,1
9812,1262493,155698,servico_indisponivel,err_service_503,,False,1
9813,1262523,155701,erro_interno,err_unexpected,63,True,1
9814,1262538,155703,timeout,err_gateway_timeout_504,,False,1
9815,1262623,155712,timeout,err_timeout_408,19,True,1
9816,1262825,155731,erro_interno,err_internal_500,66,True,1
9817,1262888,155737,erro_interno,err_internal_500,,False,1
9818,1263044,155752,servico_indisponivel,err_maintenance,,False,1
9819,1263284,155775,timeout,err_gateway_timeout_504,,False,1
9820,1263834,155834,falha_autenticacao,err_auth_401,,False,1
9821,1263949,155847,timeout,err_gateway_timeout_504,36,True,1
9822,1264280,155879,erro_interno,err_unexpected,,False,1
9823,1264572,155912,timeout,err_gateway_timeout_504,79,True,1
9824,1264949,155950,erro_interno,err_unexpected,75,True,1
9825,1264988,155954,erro_interno,err_internal_500,26,True,1
9826,1265018,155957,servico_indisponivel,err_maintenance,,False,1
9827,1265026,155958,servico_indisponivel,err_service_503,,False,1
9828,1265030,155959,falha_autenticacao,err_credentials_invalid,24,True,1
9829,1265411,155995,servico_indisponivel,err_service_503,,False,1
9830,1265478,156004,timeout,err_gateway_timeout_504,73,True,1
9831,1265653,156024,timeout,err_gateway_timeout_504,,False,1
9832,1266078,156073,timeout,err_gateway_timeout_504,13,True,1
9833,1266111,156077,falha_autenticacao,err_auth_401,6,True,1
9834,1266509,156122,timeout,err_gateway_timeout_504,55,True,1
9835,1266557,156127,falha_autenticacao,err_credentials_invalid,11,True,1
9836,1266634,156135,timeout,err_timeout_408,,False,1
9837,1266843,156157,timeout,err_gateway_timeout_504,,False,1
9838,1266879,156160,timeout,err_gateway_timeout_504,71,True,1
9839,1266997,156171,timeout,err_gateway_timeout_504,,False,1
9840,1267027,156175,timeout,err_gateway_timeout_504,,False,1
9841,1267044,156177,timeout,err_gateway_timeout_504,,False,1
9842,1267635,156246,timeout,err_gateway_timeout_504,,False,1
9843,1267724,156257,timeout,err_timeout_408,,False,1
9844,1267769,156261,erro_interno,err_unexpected,,False,1
9845,1268022,156290,timeout,err_timeout_408,22,True,1
9846,1268149,156302,timeout,err_gateway_timeout_504,50,True,1
9847,1268188,156306,falha_autenticacao,err_auth_401,23,True,1
9848,1268395,156330,erro_interno,err_unexpected,,False,1
9849,1268642,156358,timeout,err_timeout_408,56,True,1
9850,1269180,156417,servico_indisponivel,err_service_503,,False,1
9851,1269216,156421,erro_interno,err_unexpected,,False,1
9852,1269287,156428,timeout,err_timeout_408,69,True,1
9853,1269455,156445,timeout,err_gateway_timeout_504,107,True,1
9854,1269693,156470,timeout,err_timeout_408,,False,1
9855,1270139,156522,falha_autenticacao,err_credentials_invalid,28,True,1
9856,1270237,156531,erro_interno,err_unexpected,,False,1
9857,1270290,156536,timeout,err_timeout_408,35,True,1
9858,1270317,156540,timeout,err_gateway_timeout_504,15,True,1
9859,1271042,156614,timeout,err_timeout_408,,False,1
9860,1271134,156623,falha_autenticacao,err_auth_401,47,True,1
9861,1271135,156623,timeout,err_timeout_408,,False,2
9862,1271324,156641,erro_interno,err_internal_500,33,True,1
9863,1272180,156734,erro_interno,err_unexpected,,False,1
9864,1272247,156742,timeout,err_gateway_timeout_504,,False,1
9865,1272403,156762,falha_autenticacao,err_auth_401,18,True,1
9866,1272404,156762,falha_autenticacao,err_credentials_invalid,,False,2
9867,1272750,156801,timeout,err_timeout_408,40,True,1
9868,1272891,156812,erro_interno,err_internal_500,12,True,1
9869,1273147,156840,falha_autenticacao,err_credentials_invalid,18,True,1
9870,1273213,156845,timeout,err_gateway_timeout_504,71,True,1
9871,1273377,156864,timeout,err_timeout_408,,False,1
9872,1273420,156869,erro_interno,err_unexpected,90,True,1
9873,1273744,156900,timeout,err_gateway_timeout_504,,False,1
9874,1273786,156905,falha_autenticacao,err_auth_401,24,True,1
9875,1273941,156919,erro_interno,err_unexpected,40,True,1
9876,1273966,156921,timeout,err_gateway_timeout_504,68,True,1
9877,1274135,156941,timeout,err_gateway_timeout_504,,False,1
9878,1274194,156947,falha_autenticacao,err_credentials_invalid,14,True,1
9879,1274197,156947,erro_interno,err_unexpected,42,True,1
9880,1274646,156994,erro_interno,err_unexpected,,False,1
9881,1275329,157065,erro_interno,err_internal_500,69,True,1
9882,1275411,157074,timeout,err_timeout_408,38,True,1
9883,1275419,157075,servico_indisponivel,err_maintenance,93,True,1
9884,1275703,157102,erro_interno,err_unexpected,,False,1
9885,1276025,157139,timeout,err_timeout_408,,False,1
9886,1276044,157142,timeout,err_timeout_408,,False,1
9887,1276198,157158,erro_interno,err_internal_500,,False,1
9888,1276462,157183,timeout,err_timeout_408,54,True,1
9889,1276893,157229,falha_autenticacao,err_credentials_invalid,27,True,1
9890,1276963,157236,timeout,err_gateway_timeout_504,,False,1
9891,1277020,157242,timeout,err_gateway_timeout_504,38,True,1
9892,1277375,157282,timeout,err_gateway_timeout_504,,False,1
9893,1277819,157326,erro_interno,err_internal_500,,False,1
9894,1278111,157354,timeout,err_timeout_408,66,True,1
9895,1278177,157361,falha_autenticacao,err_credentials_invalid,,False,1
9896,1278325,157374,timeout,err_timeout_408,,False,1
9897,1278567,157401,servico_indisponivel,err_service_503,,False,1
9898,1278900,157434,servico_indisponivel,err_service_503,,False,1
9899,1278985,157443,servico_indisponivel,err_maintenance,,False,1
9900,1279316,157479,erro_interno,err_unexpected,,False,1
9901,1279403,157492,timeout,err_gateway_timeout_504,14,True,1
9902,1280170,157568,erro_interno,err_unexpected,33,True,1
9903,1280318,157582,erro_interno,err_unexpected,,False,1
9904,1280620,157613,servico_indisponivel,err_service_503,,False,1
9905,1280663,157618,erro_interno,err_unexpected,13,True,1
9906,1280699,157620,erro_interno,err_unexpected,,False,1
9907,1280747,157624,conexao_interrompida,err_connection_lost,,False,1
9908,1281220,157677,timeout,err_gateway_timeout_504,,False,1
9909,1281238,157679,timeout,err_timeout_408,63,True,1
9910,1281244,157680,servico_indisponivel,err_maintenance,,False,1
9911,1281282,157683,conexao_interrompida,err_connection_lost,,False,1
9912,1281514,157709,timeout,err_gateway_timeout_504,15,True,1
9913,1281671,157725,timeout,err_timeout_408,,False,1
9914,1281860,157746,erro_interno,err_unexpected,12,True,1
9915,1281998,157760,timeout,err_timeout_408,19,True,1
9916,1282001,157760,timeout,err_gateway_timeout_504,,False,1
9917,1282089,157771,timeout,err_timeout_408,21,True,1
9918,1282225,157786,erro_interno,err_unexpected,,False,1
9919,1282366,157802,timeout,err_gateway_timeout_504,,False,1
9920,1282499,157823,timeout,err_gateway_timeout_504,166,True,1
9921,1282586,157833,timeout,err_timeout_408,15,True,1
9922,1282876,157862,timeout,err_timeout_408,,False,1
9923,1282989,157875,falha_autenticacao,err_credentials_invalid,13,True,1
9924,1283026,157879,falha_autenticacao,err_credentials_invalid,,False,1
9925,1283136,157890,erro_interno,err_internal_500,,False,1
9926,1284150,157998,falha_autenticacao,err_credentials_invalid,16,True,1
9927,1284184,158001,conexao_interrompida,err_network_unreachable,,False,1
9928,1284464,158031,erro_interno,err_internal_500,61,True,1
9929,1284568,158042,timeout,err_gateway_timeout_504,,False,1
9930,1284825,158069,erro_interno,err_unexpected,,False,1
9931,1285032,158089,timeout,err_timeout_408,77,True,1
9932,1285062,158092,timeout,err_timeout_408,,False,1
9933,1285302,158117,timeout,err_gateway_timeout_504,37,True,1
9934,1285398,158126,timeout,err_timeout_408,26,True,1
9935,1285474,158133,timeout,err_timeout_408,,False,1
9936,1285546,158141,timeout,err_timeout_408,15,True,1
9937,1285652,158150,timeout,err_timeout_408,,False,1
9938,1285772,158163,timeout,err_gateway_timeout_504,,False,1
9939,1285890,158175,timeout,err_timeout_408,,False,1
9940,1286131,158199,timeout,err_timeout_408,,False,1
9941,1286148,158202,falha_autenticacao,err_auth_401,34,True,1
9942,1286377,158226,timeout,err_timeout_408,,False,1
9943,1286638,158250,timeout,err_gateway_timeout_504,28,True,1
9944,1287118,158301,timeout,err_timeout_408,27,True,1
9945,1287297,158321,timeout,err_timeout_408,,False,1
9946,1287574,158349,erro_interno,err_internal_500,,False,1
9947,1287716,158365,falha_autenticacao,err_auth_401,13,True,1
9948,1287835,158377,timeout,err_timeout_408,121,True,1
9949,1288501,158448,timeout,err_timeout_408,,False,1
9950,1288766,158478,falha_autenticacao,err_auth_401,18,True,1
9951,1289019,158504,falha_autenticacao,err_auth_401,11,True,1
9952,1289049,158506,erro_interno,err_internal_500,12,True,1
9953,1289115,158513,erro_interno,err_internal_500,,False,1
9954,1289128,158515,servico_indisponivel,err_maintenance,17,True,1
9955,1289306,158531,erro_interno,err_internal_500,15,True,1
9956,1289498,158551,timeout,err_timeout_408,46,True,1
9957,1289772,158582,falha_autenticacao,err_credentials_invalid,25,True,1
9958,1290205,158625,erro_interno,err_internal_500,,False,1
9959,1290269,158631,erro_interno,err_internal_500,66,True,1
9960,1290286,158633,servico_indisponivel,err_service_503,,False,1
9961,1290315,158635,timeout,err_timeout_408,44,True,1
9962,1290330,158637,timeout,err_timeout_408,,False,1
9963,1290340,158639,falha_autenticacao,err_credentials_invalid,19,True,1
9964,1290507,158654,erro_interno,err_internal_500,18,True,1
9965,1290525,158656,servico_indisponivel,err_maintenance,,False,1
9966,1290586,158662,timeout,err_gateway_timeout_504,,False,1
9967,1290699,158676,falha_autenticacao,err_credentials_invalid,27,True,1
9968,1290788,158684,timeout,err_timeout_408,45,True,1
9969,1290806,158687,timeout,err_timeout_408,18,True,1
9970,1290976,158704,timeout,err_gateway_timeout_504,,False,1
9971,1291138,158720,erro_interno,err_internal_500,9,True,1
9972,1291390,158746,erro_interno,err_unexpected,,False,1
9973,1291782,158784,erro_interno,err_unexpected,,False,1
9974,1292616,158868,erro_interno,err_internal_500,,False,1
9975,1292742,158880,erro_interno,err_internal_500,,False,1
9976,1292876,158894,timeout,err_gateway_timeout_504,21,True,1
9977,1293081,158913,erro_interno,err_internal_500,13,True,1
9978,1293121,158917,timeout,err_gateway_timeout_504,63,True,1
9979,1293162,158921,timeout,err_timeout_408,,False,1
9980,1293242,158930,timeout,err_gateway_timeout_504,,False,1
9981,1293379,158943,falha_autenticacao,err_auth_401,,False,1
9982,1293751,158985,erro_interno,err_unexpected,11,True,1
9983,1293971,159007,servico_indisponivel,err_maintenance,73,True,1
9984,1293990,159009,erro_interno,err_internal_500,95,True,1
9985,1294240,159034,timeout,err_timeout_408,21,True,1
9986,1294313,159044,timeout,err_timeout_408,43,True,1
9987,1294348,159048,falha_autenticacao,err_credentials_invalid,,False,1
9988,1294442,159058,timeout,err_timeout_408,46,True,1
9989,1294630,159077,servico_indisponivel,err_maintenance,81,True,1
9990,1294652,159080,timeout,err_timeout_408,56,True,1
9991,1294718,159088,erro_interno,err_unexpected,,False,1
9992,1294739,159090,erro_interno,err_unexpected,,False,1
9993,1294806,159097,erro_interno,err_internal_500,,False,1
9994,1294809,159098,servico_indisponivel,err_maintenance,,False,1
9995,1295072,159128,servico_indisponivel,err_maintenance,,False,1
9996,1295125,159134,erro_interno,err_unexpected,83,True,1
9997,1295234,159146,erro_interno,err_internal_500,100,True,1
9998,1295375,159160,timeout,err_timeout_408,,False,1
9999,1295482,159170,erro_interno,err_unexpected,35,True,1
10000,1296221,159244,servico_indisponivel,err_service_503,,False,1
10001,1296304,159253,falha_autenticacao,err_auth_401,26,True,1
10002,1296426,159268,erro_interno,err_unexpected,,False,1
10003,1296562,159285,timeout,err_timeout_408,,False,1
10004,1296618,159291,timeout,err_timeout_408,13,True,1
10005,1297135,159345,timeout,err_gateway_timeout_504,,False,1
10006,1297140,159345,erro_interno,err_internal_500,23,True,1
10007,1297294,159359,timeout,err_gateway_timeout_504,192,True,1
10008,1297400,159368,erro_interno,err_internal_500,,False,1
10009,1297610,159396,timeout,err_gateway_timeout_504,48,True,1
10010,1297777,159412,timeout,err_timeout_408,20,True,1
10011,1297825,159418,erro_interno,err_internal_500,,False,1
10012,1297954,159434,timeout,err_gateway_timeout_504,,False,1
10013,1297990,159437,falha_autenticacao,err_credentials_invalid,15,True,1
10014,1298110,159450,servico_indisponivel,err_maintenance,,False,1
10015,1298111,159450,timeout,err_gateway_timeout_504,,False,2
10016,1298500,159495,falha_autenticacao,err_credentials_invalid,,False,1
10017,1298872,159533,timeout,err_gateway_timeout_504,302,True,1
10018,1299003,159547,falha_autenticacao,err_credentials_invalid,32,True,1
10019,1299568,159605,servico_indisponivel,err_maintenance,,False,1
10020,1299683,159619,erro_interno,err_internal_500,35,True,1
10021,1299776,159629,erro_interno,err_internal_500,,False,1
10022,1299959,159646,timeout,err_gateway_timeout_504,76,True,1
10023,1300079,159659,falha_autenticacao,err_auth_401,13,True,1
10024,1300377,159694,falha_autenticacao,err_credentials_invalid,,False,1
10025,1300473,159705,timeout,err_timeout_408,27,True,1
10026,1300511,159708,erro_interno,err_unexpected,38,True,1
10027,1300519,159709,falha_autenticacao,err_credentials_invalid,,False,1
10028,1300555,159712,timeout,err_gateway_timeout_504,36,True,1
10029,1300808,159740,timeout,err_timeout_408,161,True,1
10030,1300960,159755,erro_interno,err_unexpected,123,True,1
10031,1301161,159777,timeout,err_gateway_timeout_504,76,True,1
10032,1301206,159783,falha_autenticacao,err_auth_401,10,True,1
10033,1301209,159783,timeout,err_gateway_timeout_504,34,True,1
10034,1301303,159792,timeout,err_timeout_408,,False,1
10035,1301462,159808,falha_autenticacao,err_credentials_invalid,17,True,1
10036,1301614,159825,erro_interno,err_unexpected,92,True,1
10037,1301904,159852,timeout,err_gateway_timeout_504,,False,1
10038,1302102,159872,timeout,err_timeout_408,,False,1
10039,1302105,159873,erro_interno,err_unexpected,118,True,1
10040,1302320,159897,erro_interno,err_unexpected,58,True,1
10041,1302584,159924,servico_indisponivel,err_service_503,,False,1
10042,1302676,159934,timeout,err_gateway_timeout_504,,False,1
10043,1302789,159944,erro_interno,err_internal_500,60,True,1
10044,1302868,159952,timeout,err_gateway_timeout_504,15,True,1
10045,1303175,159984,falha_autenticacao,err_auth_401,11,True,1
10046,1303415,160011,timeout,err_timeout_408,,False,1
10047,1303532,160023,timeout,err_timeout_408,,False,1
10048,1303590,160030,erro_interno,err_unexpected,,False,1
10049,1303640,160035,timeout,err_gateway_timeout_504,,False,1
10050,1303726,160043,timeout,err_timeout_408,31,True,1
10051,1303755,160047,erro_interno,err_unexpected,72,True,1
10052,1303771,160049,erro_interno,err_internal_500,,False,1
10053,1303797,160053,timeout,err_gateway_timeout_504,24,True,1
10054,1303913,160066,timeout,err_gateway_timeout_504,49,True,1
10055,1303933,160069,timeout,err_gateway_timeout_504,16,True,1
10056,1304098,160087,falha_autenticacao,err_auth_401,15,True,1
10057,1304334,160110,timeout,err_gateway_timeout_504,90,True,1
10058,1304669,160144,timeout,err_gateway_timeout_504,37,True,1
10059,1304716,160150,timeout,err_gateway_timeout_504,13,True,1
10060,1304735,160151,erro_interno,err_internal_500,12,True,1
10061,1305281,160213,erro_interno,err_unexpected,,False,1
10062,1305348,160220,timeout,err_timeout_408,13,True,1
10063,1305422,160228,erro_interno,err_unexpected,,False,1
10064,1305742,160264,timeout,err_gateway_timeout_504,,False,1
10065,1305895,160281,erro_interno,err_unexpected,,False,1
10066,1306126,160305,servico_indisponivel,err_maintenance,,False,1
10067,1306259,160319,timeout,err_gateway_timeout_504,,False,1
10068,1306307,160325,timeout,err_gateway_timeout_504,46,True,1
10069,1306319,160326,erro_interno,err_unexpected,11,True,1
10070,1306621,160359,timeout,err_timeout_408,15,True,1
10071,1306898,160387,timeout,err_timeout_408,13,True,1
10072,1306926,160390,erro_interno,err_unexpected,56,True,1
10073,1307093,160404,falha_autenticacao,err_auth_401,,False,1
10074,1307323,160434,timeout,err_gateway_timeout_504,,False,1
10075,1307325,160434,erro_interno,err_unexpected,18,True,1
10076,1307328,160435,timeout,err_gateway_timeout_504,,False,1
10077,1307427,160445,timeout,err_gateway_timeout_504,109,True,1
10078,1307514,160455,timeout,err_gateway_timeout_504,,False,1
10079,1307515,160455,falha_autenticacao,err_credentials_invalid,28,True,2
10080,1307966,160505,timeout,err_gateway_timeout_504,53,True,1
10081,1308029,160513,erro_interno,err_unexpected,,False,1
10082,1308292,160542,timeout,err_timeout_408,41,True,1
10083,1308528,160567,erro_interno,err_unexpected,,False,1
10084,1308960,160614,timeout,err_timeout_408,,False,1
10085,1308978,160616,timeout,err_gateway_timeout_504,31,True,1
10086,1309101,160628,timeout,err_gateway_timeout_504,14,True,1
10087,1309279,160649,falha_autenticacao,err_auth_401,,False,1
10088,1309353,160657,timeout,err_timeout_408,70,True,1
10089,1309457,160668,erro_interno,err_internal_500,,False,1
10090,1309467,160669,timeout,err_gateway_timeout_504,47,True,1
10091,1309605,160684,falha_autenticacao,err_auth_401,,False,1
10092,1310203,160750,timeout,err_timeout_408,,False,1
10093,1310210,160750,timeout,err_gateway_timeout_504,,False,1
10094,1310707,160806,timeout,err_gateway_timeout_504,48,True,1
10095,1310792,160814,timeout,err_gateway_timeout_504,33,True,1
10096,1310813,160816,timeout,err_gateway_timeout_504,,False,1
10097,1310844,160820,erro_interno,err_unexpected,,False,1
10098,1311034,160840,erro_interno,err_unexpected,,False,1
10099,1311138,160851,erro_interno,err_unexpected,20,True,1
10100,1311310,160869,erro_interno,err_unexpected,,False,1
10101,1311340,160873,falha_autenticacao,err_auth_401,18,True,1
10102,1311622,160901,erro_interno,err_internal_500,,False,1
10103,1312391,160984,timeout,err_gateway_timeout_504,,False,1
10104,1312467,160992,falha_autenticacao,err_auth_401,15,True,1
10105,1312517,160999,erro_interno,err_internal_500,31,True,1
10106,1312615,161010,falha_autenticacao,err_credentials_invalid,,False,1
10107,1312866,161037,timeout,err_timeout_408,16,True,1
10108,1312880,161038,timeout,err_timeout_408,15,True,1
10109,1312927,161042,timeout,err_gateway_timeout_504,106,True,1
10110,1313134,161066,timeout,err_timeout_408,,False,1
10111,1313332,161085,timeout,err_timeout_408,151,True,1
10112,1313585,161113,erro_interno,err_unexpected,26,True,1
10113,1313642,161119,erro_interno,err_unexpected,,False,1
10114,1313708,161126,timeout,err_gateway_timeout_504,,False,1
10115,1313917,161147,falha_autenticacao,err_credentials_invalid,,False,1
10116,1314018,161159,erro_interno,err_unexpected,,False,1
10117,1314380,161197,timeout,err_timeout_408,,False,1
10118,1314607,161223,timeout,err_timeout_408,,False,1
10119,1314860,161247,falha_autenticacao,err_credentials_invalid,29,True,1
10120,1314922,161254,falha_autenticacao,err_auth_401,17,True,1
10121,1314943,161254,timeout,err_gateway_timeout_504,68,True,1
10122,1315300,161292,timeout,err_gateway_timeout_504,25,True,1
10123,1315536,161317,timeout,err_timeout_408,65,True,1
10124,1315611,161325,timeout,err_gateway_timeout_504,,False,1
10125,1315612,161325,timeout,err_timeout_408,,False,2
10126,1315804,161351,erro_interno,err_unexpected,,False,1
10127,1315999,161368,timeout,err_timeout_408,88,True,1
10128,1316268,161392,timeout,err_timeout_408,,False,1
10129,1316319,161396,erro_interno,err_unexpected,,False,1
10130,1316347,161400,timeout,err_gateway_timeout_504,44,True,1
10131,1316412,161408,timeout,err_timeout_408,18,True,1
10132,1316439,161410,timeout,err_gateway_timeout_504,13,True,1
10133,1316458,161412,timeout,err_gateway_timeout_504,87,True,1
10134,1316650,161433,timeout,err_gateway_timeout_504,50,True,1
10135,1316835,161451,timeout,err_timeout_408,,False,1
10136,1316847,161453,erro_interno,err_unexpected,,False,1
10137,1317116,161481,timeout,err_timeout_408,16,True,1
10138,1317373,161509,timeout,err_timeout_408,26,True,1
10139,1317374,161509,timeout,err_gateway_timeout_504,,False,2
10140,1317590,161531,servico_indisponivel,err_maintenance,56,True,1
10141,1317634,161536,timeout,err_gateway_timeout_504,,False,1
10142,1317878,161561,erro_interno,err_internal_500,,False,1
10143,1317901,161563,servico_indisponivel,err_service_503,,False,1
10144,1318322,161611,timeout,err_gateway_timeout_504,20,True,1
10145,1318326,161611,erro_interno,err_internal_500,,False,1
10146,1318579,161636,erro_interno,err_internal_500,,False,1
10147,1318935,161670,timeout,err_timeout_408,82,True,1
10148,1318970,161674,falha_autenticacao,err_credentials_invalid,28,True,1
10149,1319416,161719,timeout,err_gateway_timeout_504,74,True,1
10150,1319492,161728,timeout,err_timeout_408,,False,1
10151,1319547,161733,timeout,err_gateway_timeout_504,,False,1
10152,1319683,161749,timeout,err_gateway_timeout_504,15,True,1
10153,1319797,161763,erro_interno,err_unexpected,,False,1
10154,1319876,161770,timeout,err_timeout_408,,False,1
10155,1319999,161785,erro_interno,err_internal_500,,False,1
10156,1320003,161785,erro_interno,err_unexpected,,False,1
10157,1320305,161816,erro_interno,err_internal_500,106,True,1
10158,1320371,161821,timeout,err_timeout_408,,False,1
10159,1320467,161832,timeout,err_gateway_timeout_504,,False,1
10160,1320773,161869,timeout,err_gateway_timeout_504,36,True,1
10161,1320818,161875,timeout,err_gateway_timeout_504,,False,1
10162,1320929,161888,falha_autenticacao,err_auth_401,,False,1
10163,1320971,161892,timeout,err_gateway_timeout_504,14,True,1
10164,1321134,161910,timeout,err_gateway_timeout_504,21,True,1
10165,1321139,161910,timeout,err_gateway_timeout_504,,False,1
10166,1321407,161942,timeout,err_gateway_timeout_504,99,True,1
10167,1321546,161956,conexao_interrompida,err_network_unreachable,,False,1
10168,1321561,161957,timeout,err_timeout_408,54,True,1
10169,1322375,162040,falha_autenticacao,err_credentials_invalid,24,True,1
10170,1322487,162053,falha_autenticacao,err_credentials_invalid,14,True,1
10171,1322523,162056,erro_interno,err_internal_500,,False,1
10172,1322665,162072,timeout,err_gateway_timeout_504,,False,1
10173,1322710,162077,timeout,err_gateway_timeout_504,29,True,1
10174,1323049,162110,erro_interno,err_unexpected,,False,1
10175,1323100,162116,timeout,err_timeout_408,49,True,1
10176,1323239,162132,falha_autenticacao,err_credentials_invalid,30,True,1
10177,1323254,162133,erro_interno,err_unexpected,,False,1
10178,1323321,162140,timeout,err_gateway_timeout_504,,False,1
10179,1323357,162144,timeout,err_timeout_408,50,True,1
10180,1323426,162152,falha_autenticacao,err_auth_401,,False,1
10181,1324142,162228,timeout,err_gateway_timeout_504,,False,1
10182,1324532,162266,timeout,err_timeout_408,54,True,1
10183,1324657,162278,timeout,err_timeout_408,,False,1
10184,1325122,162325,timeout,err_timeout_408,35,True,1
10185,1325123,162325,timeout,err_gateway_timeout_504,,False,2
10186,1325212,162335,erro_interno,err_internal_500,,False,1
10187,1325219,162336,timeout,err_timeout_408,99,True,1
10188,1325240,162338,timeout,err_timeout_408,48,True,1
10189,1325463,162358,erro_interno,err_internal_500,49,True,1
10190,1325534,162364,timeout,err_timeout_408,67,True,1
10191,1325542,162365,timeout,err_gateway_timeout_504,,False,1
10192,1325612,162372,timeout,err_gateway_timeout_504,,False,1
10193,1325736,162384,erro_interno,err_internal_500,18,True,1
10194,1325755,162387,timeout,err_gateway_timeout_504,,False,1
10195,1325781,162391,falha_autenticacao,err_credentials_invalid,,False,1
10196,1326202,162436,timeout,err_gateway_timeout_504,,False,1
10197,1326270,162440,erro_interno,err_unexpected,,False,1
10198,1326587,162473,servico_indisponivel,err_maintenance,,False,1
10199,1326693,162484,timeout,err_gateway_timeout_504,,False,1
10200,1327123,162529,falha_autenticacao,err_credentials_invalid,,False,1
10201,1327201,162537,timeout,err_gateway_timeout_504,18,True,1
10202,1327217,162538,erro_interno,err_unexpected,52,True,1
10203,1327273,162545,erro_interno,err_internal_500,38,True,1
10204,1327345,162552,erro_interno,err_unexpected,,False,1
10205,1327356,162554,erro_interno,err_unexpected,59,True,1
10206,1327370,162555,timeout,err_gateway_timeout_504,17,True,1
10207,1327629,162581,timeout,err_gateway_timeout_504,54,True,1
10208,1327814,162597,timeout,err_timeout_408,14,True,1
10209,1327833,162599,timeout,err_timeout_408,58,True,1
10210,1327854,162601,erro_interno,err_internal_500,,False,1
10211,1327975,162613,timeout,err_gateway_timeout_504,,False,1
10212,1328219,162640,falha_autenticacao,err_credentials_invalid,,False,1
10213,1328345,162653,timeout,err_timeout_408,22,True,1
10214,1328447,162664,erro_interno,err_internal_500,54,True,1
10215,1328587,162679,timeout,err_timeout_408,,False,1
10216,1328661,162687,timeout,err_timeout_408,83,True,1
10217,1328775,162702,timeout,err_timeout_408,,False,1
10218,1328814,162706,erro_interno,err_internal_500,,False,1
10219,1328914,162719,erro_interno,err_unexpected,59,True,1
10220,1328958,162724,timeout,err_timeout_408,17,True,1
10221,1329007,162730,timeout,err_timeout_408,,False,1
10222,1329052,162735,erro_interno,err_internal_500,8,True,1
10223,1329066,162737,timeout,err_timeout_408,,False,1
10224,1329555,162788,timeout,err_timeout_408,,False,1
10225,1329556,162788,servico_indisponivel,err_maintenance,,False,2
10226,1329633,162797,timeout,err_gateway_timeout_504,81,True,1
10227,1329683,162802,erro_interno,err_unexpected,,False,1
10228,1329760,162810,timeout,err_gateway_timeout_504,,False,1
10229,1329808,162815,timeout,err_gateway_timeout_504,,False,1
10230,1330231,162863,timeout,err_gateway_timeout_504,61,True,1
10231,1330286,162869,erro_interno,err_unexpected,115,True,1
10232,1330401,162883,falha_autenticacao,err_auth_401,10,True,1
10233,1330429,162886,timeout,err_gateway_timeout_504,15,True,1
10234,1330462,162889,erro_interno,err_internal_500,,False,1
10235,1330542,162897,timeout,err_timeout_408,185,True,1
10236,1330732,162918,timeout,err_gateway_timeout_504,84,True,1
10237,1330772,162922,erro_interno,err_internal_500,9,True,1
10238,1330799,162925,timeout,err_timeout_408,,False,1
10239,1330901,162937,servico_indisponivel,err_maintenance,46,True,1
10240,1331106,162957,timeout,err_gateway_timeout_504,23,True,1
10241,1331320,162976,falha_autenticacao,err_auth_401,20,True,1
10242,1331321,162976,timeout,err_gateway_timeout_504,19,True,2
10243,1331826,163032,falha_autenticacao,err_credentials_invalid,19,True,1
10244,1332234,163073,timeout,err_gateway_timeout_504,22,True,1
10245,1332377,163089,timeout,err_timeout_408,,False,1
10246,1332678,163124,servico_indisponivel,err_maintenance,,False,1
10247,1332679,163124,servico_indisponivel,err_maintenance,95,True,2
10248,1332796,163136,timeout,err_timeout_408,391,True,1
10249,1332805,163138,falha_autenticacao,err_auth_401,10,True,1
10250,1332934,163150,erro_interno,err_unexpected,,False,1
10251,1333238,163184,erro_interno,err_unexpected,,False,1
10252,1333340,163194,timeout,err_gateway_timeout_504,,False,1
10253,1333729,163235,timeout,err_timeout_408,35,True,1
10254,1333879,163250,falha_autenticacao,err_auth_401,,False,1
10255,1334215,163284,servico_indisponivel,err_service_503,17,True,1
10256,1334314,163296,timeout,err_timeout_408,59,True,1
10257,1334330,163297,erro_interno,err_internal_500,25,True,1
10258,1334461,163313,timeout,err_gateway_timeout_504,71,True,1
10259,1334462,163313,timeout,err_timeout_408,76,True,2
10260,1334532,163320,timeout,err_timeout_408,,False,1
10261,1334571,163324,timeout,err_timeout_408,,False,1
10262,1334794,163348,timeout,err_gateway_timeout_504,97,True,1
10263,1335114,163381,timeout,err_timeout_408,,False,1
10264,1335323,163404,timeout,err_gateway_timeout_504,,False,1
10265,1335791,163453,timeout,err_timeout_408,54,True,1
10266,1335931,163470,timeout,err_gateway_timeout_504,,False,1
10267,1336146,163490,timeout,err_timeout_408,25,True,1
10268,1336561,163532,falha_autenticacao,err_auth_401,14,True,1
10269,1336790,163556,timeout,err_timeout_408,57,True,1
10270,1336870,163565,timeout,err_timeout_408,61,True,1
10271,1337011,163579,erro_interno,err_internal_500,27,True,1
10272,1337061,163584,timeout,err_gateway_timeout_504,32,True,1
10273,1337306,163610,timeout,err_timeout_408,,False,1
10274,1337689,163650,timeout,err_gateway_timeout_504,,False,1
10275,1337722,163654,timeout,err_gateway_timeout_504,,False,1
10276,1338124,163699,timeout,err_gateway_timeout_504,,False,1
10277,1338134,163700,timeout,err_timeout_408,15,True,1
10278,1338319,163718,timeout,err_gateway_timeout_504,,False,1
10279,1338484,163736,falha_autenticacao,err_auth_401,,False,1
10280,1338499,163739,falha_autenticacao,err_credentials_invalid,12,True,1
10281,1338531,163741,erro_interno,err_internal_500,,False,1
10282,1338989,163791,timeout,err_timeout_408,41,True,1
10283,1339262,163815,servico_indisponivel,err_maintenance,,False,1
10284,1339482,163838,timeout,err_timeout_408,,False,1
10285,1339790,163871,timeout,err_gateway_timeout_504,,False,1
10286,1339812,163874,timeout,err_timeout_408,18,True,1
10287,1339914,163885,timeout,err_gateway_timeout_504,31,True,1
10288,1340141,163907,timeout,err_gateway_timeout_504,63,True,1
10289,1340533,163948,timeout,err_gateway_timeout_504,,False,1
10290,1340761,163973,erro_interno,err_internal_500,,False,1
10291,1341080,164006,erro_interno,err_unexpected,113,True,1
10292,1341359,164040,timeout,err_timeout_408,12,True,1
10293,1341550,164060,timeout,err_timeout_408,87,True,1
10294,1341770,164081,falha_autenticacao,err_auth_401,,False,1
10295,1342117,164119,timeout,err_gateway_timeout_504,11,True,1
10296,1342281,164136,timeout,err_timeout_408,41,True,1
10297,1342372,164146,timeout,err_gateway_timeout_504,,False,1
10298,1342690,164180,timeout,err_timeout_408,,False,1
10299,1342701,164182,timeout,err_timeout_408,34,True,1
10300,1342990,164214,servico_indisponivel,err_service_503,,False,1
10301,1343000,164216,erro_interno,err_internal_500,,False,1
10302,1343286,164246,timeout,err_gateway_timeout_504,21,True,1
10303,1343474,164265,timeout,err_gateway_timeout_504,,False,1
10304,1343521,164271,falha_autenticacao,err_auth_401,,False,1
10305,1343565,164274,timeout,err_gateway_timeout_504,32,True,1
10306,1343961,164319,timeout,err_gateway_timeout_504,15,True,1
10307,1344024,164327,falha_autenticacao,err_auth_401,14,True,1
10308,1344378,164363,erro_interno,err_unexpected,,False,1
10309,1344412,164367,erro_interno,err_unexpected,70,True,1
10310,1344437,164371,timeout,err_timeout_408,15,True,1
10311,1344490,164375,timeout,err_timeout_408,,False,1
10312,1344662,164396,timeout,err_gateway_timeout_504,64,True,1
10313,1344794,164413,servico_indisponivel,err_maintenance,,False,1
10314,1345232,164458,timeout,err_timeout_408,,False,1
10315,1345479,164485,erro_interno,err_internal_500,,False,1
10316,1345733,164511,timeout,err_gateway_timeout_504,46,True,1
10317,1345746,164512,erro_interno,err_unexpected,,False,1
10318,1345760,164514,erro_interno,err_internal_500,,False,1
10319,1345885,164528,timeout,err_gateway_timeout_504,88,True,1
10320,1345898,164530,timeout,err_timeout_408,,False,1
10321,1346255,164566,timeout,err_timeout_408,12,True,1
10322,1346676,164614,timeout,err_gateway_timeout_504,17,True,1
10323,1346696,164617,timeout,err_timeout_408,19,True,1
10324,1346699,164617,timeout,err_gateway_timeout_504,,False,1
10325,1347165,164667,timeout,err_gateway_timeout_504,,False,1
10326,1347268,164678,servico_indisponivel,err_service_503,,False,1
10327,1347365,164686,timeout,err_timeout_408,,False,1
10328,1347385,164688,timeout,err_gateway_timeout_504,,False,1
10329,1347421,164691,timeout,err_timeout_408,68,True,1
10330,1347483,164698,falha_autenticacao,err_auth_401,21,True,1
10331,1347616,164710,timeout,err_timeout_408,81,True,1
10332,1348141,164764,falha_autenticacao,err_auth_401,19,True,1
10333,1348188,164770,erro_interno,err_internal_500,,False,1
10334,1348319,164784,timeout,err_gateway_timeout_504,,False,1
10335,1348659,164821,timeout,err_timeout_408,87,True,1
10336,1348739,164830,timeout,err_gateway_timeout_504,,False,1
10337,1348761,164832,timeout,err_timeout_408,,False,1
10338,1348778,164834,falha_autenticacao,err_auth_401,20,True,1
10339,1348871,164844,timeout,err_gateway_timeout_504,74,True,1
10340,1348988,164857,erro_interno,err_internal_500,,False,1
10341,1349281,164893,timeout,err_gateway_timeout_504,59,True,1
10342,1349422,164907,timeout,err_gateway_timeout_504,,False,1
10343,1349725,164939,timeout,err_timeout_408,,False,1
10344,1349779,164945,falha_autenticacao,err_credentials_invalid,10,True,1
10345,1349975,164964,falha_autenticacao,err_auth_401,13,True,1
10346,1350620,165032,timeout,err_gateway_timeout_504,,False,1
10347,1350674,165038,servico_indisponivel,err_maintenance,,False,1
10348,1350731,165044,timeout,err_timeout_408,,False,1
10349,1350887,165059,timeout,err_timeout_408,34,True,1
10350,1350952,165065,erro_interno,err_unexpected,,False,1
10351,1351053,165077,falha_autenticacao,err_credentials_invalid,14,True,1
10352,1351252,165099,servico_indisponivel,err_service_503,28,True,1
10353,1351402,165116,falha_autenticacao,err_auth_401,32,True,1
10354,1351405,165116,servico_indisponivel,err_maintenance,,False,1
10355,1351458,165123,timeout,err_gateway_timeout_504,23,True,1
10356,1351800,165158,timeout,err_timeout_408,81,True,1
10357,1351862,165163,timeout,err_timeout_408,62,True,1
10358,1352108,165189,erro_interno,err_unexpected,15,True,1
10359,1353178,165303,timeout,err_timeout_408,,False,1
10360,1353412,165329,erro_interno,err_unexpected,12,True,1
10361,1353719,165358,timeout,err_gateway_timeout_504,38,True,1
10362,1353832,165370,falha_autenticacao,err_auth_401,32,True,1
10363,1353845,165370,timeout,err_gateway_timeout_504,,False,1
10364,1353866,165372,timeout,err_gateway_timeout_504,19,True,1
10365,1353882,165373,timeout,err_gateway_timeout_504,29,True,1
10366,1353921,165379,timeout,err_gateway_timeout_504,,False,1
10367,1354183,165406,timeout,err_gateway_timeout_504,367,True,1
10368,1354347,165421,timeout,err_gateway_timeout_504,,False,1
10369,1354443,165430,timeout,err_gateway_timeout_504,,False,1
10370,1354513,165439,falha_autenticacao,err_credentials_invalid,18,True,1
10371,1354538,165441,falha_autenticacao,err_credentials_invalid,,False,1
10372,1354556,165443,servico_indisponivel,err_service_503,15,True,1
10373,1354610,165448,timeout,err_timeout_408,,False,1
10374,1354873,165472,timeout,err_timeout_408,23,True,1
10375,1355038,165492,servico_indisponivel,err_service_503,,False,1
10376,1355058,165494,erro_interno,err_unexpected,,False,1
10377,1355123,165501,servico_indisponivel,err_service_503,,False,1
10378,1355255,165514,timeout,err_timeout_408,68,True,1
10379,1355464,165536,falha_autenticacao,err_auth_401,18,True,1
10380,1356556,165659,timeout,err_timeout_408,,False,1
10381,1356726,165679,erro_interno,err_internal_500,8,True,1
10382,1356734,165680,erro_interno,err_unexpected,18,True,1
10383,1356844,165692,falha_autenticacao,err_credentials_invalid,19,True,1
10384,1356845,165692,timeout,err_gateway_timeout_504,30,True,2
10385,1356850,165692,timeout,err_gateway_timeout_504,,False,1
10386,1357061,165715,timeout,err_gateway_timeout_504,15,True,1
10387,1357103,165718,erro_interno,err_unexpected,,False,1
10388,1357123,165722,timeout,err_timeout_408,14,True,1
10389,1357205,165729,erro_interno,err_unexpected,,False,1
10390,1357300,165740,timeout,err_gateway_timeout_504,,False,1
10391,1357761,165785,timeout,err_gateway_timeout_504,75,True,1
10392,1358012,165809,timeout,err_timeout_408,,False,1
10393,1358101,165819,erro_interno,err_internal_500,,False,1
10394,1358114,165820,timeout,err_timeout_408,,False,1
10395,1358513,165862,timeout,err_timeout_408,,False,1
10396,1358717,165884,timeout,err_timeout_408,,False,1
10397,1358833,165897,timeout,err_gateway_timeout_504,137,True,1
10398,1359242,165941,falha_autenticacao,err_auth_401,31,True,1
10399,1359490,165968,timeout,err_gateway_timeout_504,,False,1
10400,1359769,165997,erro_interno,err_unexpected,,False,1
10401,1360059,166028,timeout,err_gateway_timeout_504,60,True,1
10402,1360490,166072,timeout,err_gateway_timeout_504,,False,1
10403,1360649,166089,erro_interno,err_unexpected,,False,1
10404,1360990,166125,erro_interno,err_internal_500,11,True,1
10405,1361296,166159,erro_interno,err_unexpected,,False,1
10406,1361494,166183,falha_autenticacao,err_auth_401,,False,1
10407,1361501,166183,timeout,err_timeout_408,43,True,1
10408,1361504,166183,erro_interno,err_unexpected,,False,1
10409,1361741,166206,timeout,err_timeout_408,,False,1
10410,1361908,166223,timeout,err_timeout_408,,False,1
10411,1363378,166378,timeout,err_gateway_timeout_504,20,True,1
10412,1363417,166382,erro_interno,err_unexpected,47,True,1
10413,1363628,166403,erro_interno,err_unexpected,,False,1
10414,1363815,166421,timeout,err_timeout_408,,False,1
10415,1363904,166431,falha_autenticacao,err_auth_401,16,True,1
10416,1364007,166441,timeout,err_timeout_408,120,True,1
10417,1364056,166445,timeout,err_gateway_timeout_504,21,True,1
10418,1364128,166452,erro_interno,err_internal_500,,False,1
10419,1364152,166455,timeout,err_gateway_timeout_504,37,True,1
10420,1364228,166464,timeout,err_gateway_timeout_504,,False,1
10421,1364301,166474,falha_autenticacao,err_credentials_invalid,,False,1
10422,1364489,166493,timeout,err_timeout_408,,False,1
10423,1364554,166499,timeout,err_gateway_timeout_504,,False,1
10424,1364881,166533,timeout,err_gateway_timeout_504,13,True,1
10425,1365158,166559,timeout,err_timeout_408,,False,1
10426,1365207,166564,timeout,err_gateway_timeout_504,79,True,1
10427,1365212,166564,timeout,err_gateway_timeout_504,,False,1
10428,1365271,166570,erro_interno,err_unexpected,41,True,1
10429,1365939,166647,timeout,err_timeout_408,,False,1
10430,1366132,166667,erro_interno,err_unexpected,12,True,1
10431,1366215,166676,erro_interno,err_internal_500,,False,1
10432,1366371,166695,timeout,err_timeout_408,,False,1
10433,1366400,166698,erro_interno,err_internal_500,,False,1
10434,1366715,166735,timeout,err_gateway_timeout_504,,False,1
10435,1367062,166773,timeout,err_gateway_timeout_504,,False,1
10436,1367080,166775,timeout,err_timeout_408,,False,1
10437,1367164,166783,timeout,err_timeout_408,19,True,1
10438,1367193,166785,erro_interno,err_unexpected,26,True,1
10439,1367804,166847,timeout,err_gateway_timeout_504,,False,1
10440,1368003,166868,falha_autenticacao,err_auth_401,11,True,1
10441,1368148,166884,timeout,err_timeout_408,,False,1
10442,1368435,166917,timeout,err_gateway_timeout_504,,False,1
10443,1368519,166923,timeout,err_gateway_timeout_504,25,True,1
10444,1368543,166926,falha_autenticacao,err_auth_401,13,True,1
10445,1368783,166949,timeout,err_gateway_timeout_504,12,True,1
10446,1368909,166962,timeout,err_timeout_408,70,True,1
10447,1369080,166982,erro_interno,err_internal_500,18,True,1
10448,1369126,166985,timeout,err_timeout_408,38,True,1
10449,1369297,167003,timeout,err_timeout_408,13,True,1
10450,1369338,167007,timeout,err_gateway_timeout_504,,False,1
10451,1369384,167013,erro_interno,err_unexpected,37,True,1
10452,1369584,167032,timeout,err_gateway_timeout_504,,False,1
10453,1369692,167043,erro_interno,err_internal_500,48,True,1
10454,1370328,167110,timeout,err_gateway_timeout_504,,False,1
10455,1370345,167112,timeout,err_gateway_timeout_504,,False,1
10456,1370370,167115,timeout,err_gateway_timeout_504,,False,1
10457,1370584,167141,falha_autenticacao,err_auth_401,,False,1
10458,1370648,167149,timeout,err_gateway_timeout_504,18,True,1
10459,1370680,167152,falha_autenticacao,err_auth_401,,False,1
10460,1370906,167176,timeout,err_timeout_408,28,True,1
10461,1371005,167185,erro_interno,err_unexpected,13,True,1
10462,1371756,167264,timeout,err_gateway_timeout_504,21,True,1
10463,1371774,167265,erro_interno,err_unexpected,,False,1
10464,1371801,167267,timeout,err_gateway_timeout_504,,False,1
10465,1371940,167284,timeout,err_timeout_408,68,True,1
10466,1372070,167297,falha_autenticacao,err_credentials_invalid,15,True,1
10467,1372255,167317,timeout,err_timeout_408,55,True,1
10468,1372339,167326,erro_interno,err_unexpected,,False,1
10469,1372463,167339,conexao_interrompida,err_connection_lost,,False,1
10470,1372598,167353,erro_interno,err_internal_500,10,True,1
10471,1372610,167355,timeout,err_timeout_408,,False,1
10472,1372733,167369,timeout,err_timeout_408,,False,1
10473,1372800,167376,erro_interno,err_unexpected,47,True,1
10474,1373096,167407,timeout,err_timeout_408,84,True,1
10475,1373375,167437,erro_interno,err_unexpected,59,True,1
10476,1373815,167480,timeout,err_gateway_timeout_504,,False,1
10477,1373992,167498,timeout,err_timeout_408,103,True,1
10478,1374233,167525,erro_interno,err_unexpected,12,True,1
10479,1374323,167535,timeout,err_gateway_timeout_504,,False,1
10480,1374383,167541,timeout,err_gateway_timeout_504,28,True,1
10481,1374391,167541,erro_interno,err_unexpected,20,True,1
10482,1374716,167576,erro_interno,err_unexpected,,False,1
10483,1374903,167597,erro_interno,err_unexpected,,False,1
10484,1375034,167611,erro_interno,err_internal_500,35,True,1
10485,1375038,167611,erro_interno,err_internal_500,,False,1
10486,1375198,167629,falha_autenticacao,err_credentials_invalid,15,True,1
10487,1375637,167671,timeout,err_gateway_timeout_504,,False,1
10488,1375862,167690,timeout,err_timeout_408,,False,1
10489,1376255,167732,falha_autenticacao,err_credentials_invalid,12,True,1
10490,1376296,167736,timeout,err_timeout_408,13,True,1
10491,1376725,167784,timeout,err_gateway_timeout_504,,False,1
10492,1376887,167800,falha_autenticacao,err_auth_401,30,True,1
10493,1376927,167803,falha_autenticacao,err_credentials_invalid,16,True,1
10494,1376940,167805,timeout,err_timeout_408,12,True,1
10495,1377362,167851,erro_interno,err_internal_500,,False,1
10496,1377558,167867,falha_autenticacao,err_credentials_invalid,,False,1
10497,1377559,167867,timeout,err_gateway_timeout_504,,False,2
10498,1377609,167875,falha_autenticacao,err_credentials_invalid,,False,1
10499,1377839,167896,timeout,err_gateway_timeout_504,100,True,1
10500,1377932,167906,servico_indisponivel,err_service_503,,False,1
10501,1378479,167964,timeout,err_timeout_408,139,True,1
10502,1378480,167964,timeout,err_gateway_timeout_504,130,True,2
10503,1378504,167965,erro_interno,err_internal_500,56,True,1
10504,1378579,167973,erro_interno,err_internal_500,,False,1
10505,1379332,168048,erro_interno,err_internal_500,47,True,1
10506,1379354,168051,falha_autenticacao,err_credentials_invalid,,False,1
10507,1379620,168078,servico_indisponivel,err_maintenance,,False,1
10508,1380045,168122,timeout,err_gateway_timeout_504,,False,1
10509,1380196,168136,erro_interno,err_unexpected,,False,1
10510,1380267,168145,falha_autenticacao,err_credentials_invalid,,False,1
10511,1380412,168162,timeout,err_gateway_timeout_504,,False,1
10512,1380509,168172,erro_interno,err_unexpected,,False,1
10513,1380567,168179,timeout,err_gateway_timeout_504,14,True,1
10514,1380706,168193,timeout,err_gateway_timeout_504,,False,1
10515,1380979,168222,falha_autenticacao,err_auth_401,15,True,1
10516,1381046,168228,erro_interno,err_internal_500,26,True,1
10517,1381215,168248,timeout,err_timeout_408,20,True,1
10518,1381218,168248,timeout,err_timeout_408,47,True,1
10519,1382228,168357,servico_indisponivel,err_maintenance,,False,1
10520,1382335,168367,timeout,err_timeout_408,113,True,1
10521,1382336,168367,timeout,err_timeout_408,,False,2
10522,1382353,168369,timeout,err_gateway_timeout_504,23,True,1
10523,1382899,168428,timeout,err_timeout_408,77,True,1
10524,1382975,168435,timeout,err_timeout_408,71,True,1
10525,1383008,168439,timeout,err_timeout_408,,False,1
10526,1383260,168464,falha_autenticacao,err_credentials_invalid,14,True,1
10527,1383607,168501,erro_interno,err_unexpected,6,True,1
10528,1383834,168524,timeout,err_gateway_timeout_504,,False,1
10529,1384232,168565,falha_autenticacao,err_credentials_invalid,20,True,1
10530,1384297,168571,timeout,err_gateway_timeout_504,20,True,1
10531,1384533,168596,timeout,err_gateway_timeout_504,60,True,1
10532,1384979,168643,falha_autenticacao,err_credentials_invalid,,False,1
10533,1385086,168653,timeout,err_timeout_408,21,True,1
10534,1385163,168663,timeout,err_gateway_timeout_504,,False,1
10535,1385265,168681,falha_autenticacao,err_auth_401,,False,1
10536,1385349,168693,timeout,err_timeout_408,178,True,1
10537,1385364,168695,erro_interno,err_internal_500,75,True,1
10538,1385456,168710,timeout,err_gateway_timeout_504,18,True,1
10539,1385482,168715,falha_autenticacao,err_credentials_invalid,30,True,1
10540,1385521,168721,timeout,err_gateway_timeout_504,,False,1
10541,1385568,168730,falha_autenticacao,err_auth_401,,False,1
10542,1385597,168735,timeout,err_timeout_408,,False,1
10543,1385779,168767,timeout,err_gateway_timeout_504,,False,1
10544,1385833,168774,timeout,err_gateway_timeout_504,50,True,1
10545,1385900,168784,falha_autenticacao,err_credentials_invalid,31,True,1
10546,1385968,168795,timeout,err_gateway_timeout_504,,False,1
10547,1386026,168805,falha_autenticacao,err_auth_401,26,True,1
10548,1386027,168805,falha_autenticacao,err_credentials_invalid,29,True,2
10549,1386064,168809,timeout,err_timeout_408,60,True,1
10550,1386070,168810,timeout,err_timeout_408,,False,1
10551,1386071,168810,servico_indisponivel,err_maintenance,40,True,2
10552,1386098,168814,timeout,err_gateway_timeout_504,,False,1
10553,1386160,168824,timeout,err_timeout_408,,False,1
10554,1386222,168836,falha_autenticacao,err_credentials_invalid,,False,1
10555,1386392,168862,falha_autenticacao,err_auth_401,,False,1
10556,1386398,168864,falha_autenticacao,err_auth_401,,False,1
10557,1386399,168865,timeout,err_gateway_timeout_504,44,True,1
10558,1386514,168883,erro_interno,err_internal_500,,False,1
10559,1386591,168895,timeout,err_gateway_timeout_504,,False,1
10560,1386635,168903,timeout,err_timeout_408,,False,1
10561,1386636,168904,timeout,err_timeout_408,40,True,1
10562,1386664,168909,timeout,err_timeout_408,,False,1
10563,1386693,168913,falha_autenticacao,err_auth_401,,False,1
10564,1386717,168917,timeout,err_timeout_408,75,True,1
10565,1386723,168918,falha_autenticacao,err_auth_401,,False,1
10566,1386731,168920,falha_autenticacao,err_credentials_invalid,,False,1
10567,1386752,168925,timeout,err_gateway_timeout_504,43,True,1
10568,1386818,168934,timeout,err_timeout_408,,False,1
10569,1386828,168936,timeout,err_gateway_timeout_504,36,True,1
10570,1386889,168946,erro_interno,err_internal_500,90,True,1
10571,1386910,168950,timeout,err_timeout_408,20,True,1
10572,1386911,168950,timeout,err_timeout_408,,False,2
10573,1386945,168956,falha_autenticacao,err_credentials_invalid,50,True,1
10574,1386991,168961,timeout,err_gateway_timeout_504,,False,1
10575,1386999,168963,timeout,err_timeout_408,34,True,1
10576,1387026,168967,servico_indisponivel,err_maintenance,,False,1
10577,1387156,168987,timeout,err_gateway_timeout_504,,False,1
10578,1387192,168993,falha_autenticacao,err_credentials_invalid,50,True,1
10579,1387197,168993,timeout,err_timeout_408,,False,1
10580,1387211,168994,erro_interno,err_internal_500,22,True,1
10581,1387296,169009,timeout,err_gateway_timeout_504,,False,1
10582,1387309,169012,timeout,err_timeout_408,,False,1
10583,1387371,169024,timeout,err_gateway_timeout_504,,False,1
10584,1387372,169024,timeout,err_gateway_timeout_504,,False,2
10585,1387408,169028,erro_interno,err_internal_500,,False,1
10586,1387411,169029,timeout,err_timeout_408,,False,1
10587,1387487,169041,timeout,err_gateway_timeout_504,,False,1
10588,1387493,169043,falha_autenticacao,err_credentials_invalid,33,True,1
10589,1387499,169044,falha_autenticacao,err_credentials_invalid,29,True,1
10590,1387515,169047,timeout,err_timeout_408,,False,1
10591,1387550,169054,falha_autenticacao,err_credentials_invalid,,False,1
10592,1387574,169058,falha_autenticacao,err_credentials_invalid,,False,1
10593,1387598,169062,timeout,err_gateway_timeout_504,,False,1
10594,1387604,169064,timeout,err_gateway_timeout_504,,False,1
10595,1387642,169070,timeout,err_gateway_timeout_504,,False,1
10596,1387666,169074,timeout,err_timeout_408,,False,1
10597,1387716,169082,falha_autenticacao,err_auth_401,,False,1
10598,1387717,169083,timeout,err_gateway_timeout_504,29,True,1
10599,1387718,169083,falha_autenticacao,err_credentials_invalid,,False,2
10600,1387743,169087,erro_interno,err_unexpected,,False,1
10601,1387770,169092,timeout,err_gateway_timeout_504,,False,1
10602,1387852,169105,falha_autenticacao,err_credentials_invalid,33,True,1
10603,1387883,169111,falha_autenticacao,err_auth_401,30,True,1
10604,1387925,169116,falha_autenticacao,err_credentials_invalid,64,True,1
10605,1387926,169116,servico_indisponivel,err_maintenance,,False,2
10606,1388008,169130,timeout,err_gateway_timeout_504,,False,1
10607,1388044,169135,falha_autenticacao,err_auth_401,,False,1
10608,1388084,169141,servico_indisponivel,err_maintenance,36,True,1
10609,1388095,169143,falha_autenticacao,err_credentials_invalid,34,True,1
10610,1388096,169143,falha_autenticacao,err_auth_401,,False,2
10611,1388156,169151,timeout,err_timeout_408,,False,1
10612,1388166,169153,falha_autenticacao,err_auth_401,16,True,1
10613,1388181,169155,timeout,err_timeout_408,97,True,1
10614,1388223,169162,falha_autenticacao,err_auth_401,27,True,1
10615,1388346,169178,timeout,err_timeout_408,40,True,1
10616,1388352,169179,timeout,err_timeout_408,,False,1
10617,1388383,169184,falha_autenticacao,err_credentials_invalid,,False,1
10618,1388464,169195,timeout,err_gateway_timeout_504,53,True,1
10619,1388513,169203,timeout,err_gateway_timeout_504,,False,1
10620,1388567,169213,timeout,err_gateway_timeout_504,,False,1
10621,1388575,169214,timeout,err_gateway_timeout_504,34,True,1
10622,1388682,169230,timeout,err_timeout_408,,False,1
10623,1388698,169233,erro_interno,err_unexpected,,False,1
10624,1388720,169238,timeout,err_timeout_408,55,True,1
10625,1388888,169265,conexao_interrompida,err_connection_lost,,False,1
10626,1388970,169277,timeout,err_timeout_408,,False,1
10627,1389088,169295,timeout,err_gateway_timeout_504,,False,1
10628,1389103,169297,timeout,err_timeout_408,63,True,1
10629,1389158,169307,timeout,err_timeout_408,21,True,1
10630,1389367,169337,falha_autenticacao,err_credentials_invalid,40,True,1
10631,1389484,169353,falha_autenticacao,err_credentials_invalid,32,True,1
10632,1389558,169364,falha_autenticacao,err_credentials_invalid,,False,1
10633,1389598,169370,falha_autenticacao,err_credentials_invalid,26,True,1
10634,1389628,169375,falha_autenticacao,err_auth_401,19,True,1
10635,1389629,169375,falha_autenticacao,err_credentials_invalid,28,True,2
10636,1389640,169377,timeout,err_timeout_408,,False,1
10637,1389641,169377,timeout,err_gateway_timeout_504,,False,2
10638,1389674,169382,timeout,err_timeout_408,71,True,1
10639,1389708,169387,falha_autenticacao,err_credentials_invalid,32,True,1
10640,1389709,169387,servico_indisponivel,err_maintenance,,False,2
10641,1389714,169388,timeout,err_gateway_timeout_504,494,True,1
10642,1389786,169401,falha_autenticacao,err_credentials_invalid,,False,1
10643,1389787,169401,servico_indisponivel,err_service_503,,False,2
10644,1389788,169402,falha_autenticacao,err_credentials_invalid,,False,1
10645,1389794,169404,timeout,err_timeout_408,,False,1
10646,1389817,169409,timeout,err_gateway_timeout_504,35,True,1
10647,1389858,169415,timeout,err_gateway_timeout_504,138,True,1
10648,1389875,169417,timeout,err_timeout_408,,False,1
10649,1389910,169424,falha_autenticacao,err_credentials_invalid,48,True,1
10650,1389927,169426,falha_autenticacao,err_credentials_invalid,36,True,1
10651,1390034,169442,timeout,err_gateway_timeout_504,,False,1
10652,1390061,169447,falha_autenticacao,err_credentials_invalid,32,True,1
10653,1390071,169448,servico_indisponivel,err_service_503,,False,1
10654,1390081,169450,erro_interno,err_internal_500,,False,1
10655,1390085,169451,timeout,err_gateway_timeout_504,,False,1
10656,1390121,169457,timeout,err_gateway_timeout_504,,False,1
10657,1390127,169459,falha_autenticacao,err_auth_401,80,True,1
10658,1390166,169465,timeout,err_timeout_408,,False,1
10659,1390167,169466,timeout,err_timeout_408,,False,1
10660,1390207,169474,timeout,err_gateway_timeout_504,,False,1
10661,1390208,169475,falha_autenticacao,err_credentials_invalid,21,True,1
10662,1390218,169476,timeout,err_gateway_timeout_504,160,True,1
10663,1390219,169476,timeout,err_gateway_timeout_504,170,True,2
10664,1390233,169479,timeout,err_gateway_timeout_504,,False,1
10665,1390239,169481,timeout,err_timeout_408,,False,1
10666,1390292,169489,timeout,err_timeout_408,36,True,1
10667,1390354,169498,falha_autenticacao,err_credentials_invalid,,False,1
10668,1390412,169507,timeout,err_gateway_timeout_504,,False,1
10669,1390518,169525,servico_indisponivel,err_service_503,,False,1
10670,1390519,169526,timeout,err_gateway_timeout_504,,False,1
10671,1390610,169541,timeout,err_gateway_timeout_504,75,True,1
10672,1390786,169568,timeout,err_timeout_408,45,True,1
10673,1390799,169570,falha_autenticacao,err_credentials_invalid,,False,1
10674,1390807,169572,timeout,err_gateway_timeout_504,52,True,1
10675,1390808,169572,timeout,err_timeout_408,,False,2
10676,1390814,169573,timeout,err_gateway_timeout_504,,False,1
10677,1390842,169576,timeout,err_timeout_408,,False,1
10678,1390868,169580,timeout,err_gateway_timeout_504,30,True,1
10679,1390873,169580,timeout,err_timeout_408,75,True,1
10680,1390884,169582,timeout,err_gateway_timeout_504,,False,1
10681,1390954,169594,falha_autenticacao,err_credentials_invalid,,False,1
10682,1390998,169602,timeout,err_timeout_408,,False,1
10683,1390999,169603,timeout,err_timeout_408,34,True,1
10684,1391202,169633,erro_interno,err_unexpected,,False,1
10685,1391218,169636,falha_autenticacao,err_auth_401,,False,1
10686,1391311,169651,timeout,err_timeout_408,177,True,1
10687,1391312,169651,timeout,err_timeout_408,154,True,2
10688,1391316,169652,falha_autenticacao,err_auth_401,15,True,1
10689,1391348,169657,timeout,err_timeout_408,,False,1
10690,1391359,169659,falha_autenticacao,err_auth_401,42,True,1
10691,1391384,169661,servico_indisponivel,err_maintenance,,False,1
10692,1391440,169672,timeout,err_timeout_408,42,True,1
10693,1391459,169674,erro_interno,err_internal_500,74,True,1
10694,1391482,169678,servico_indisponivel,err_maintenance,27,True,1
10695,1391512,169683,falha_autenticacao,err_auth_401,62,True,1
10696,1391527,169685,falha_autenticacao,err_credentials_invalid,27,True,1
10697,1391528,169685,falha_autenticacao,err_credentials_invalid,50,True,2
10698,1391529,169685,falha_autenticacao,err_auth_401,,False,3
10699,1391559,169691,timeout,err_timeout_408,37,True,1
10700,1391595,169696,timeout,err_timeout_408,,False,1
10701,1391638,169703,timeout,err_gateway_timeout_504,55,True,1
10702,1391672,169708,servico_indisponivel,err_maintenance,,False,1
10703,1391825,169731,timeout,err_gateway_timeout_504,68,True,1
10704,1391829,169732,falha_autenticacao,err_credentials_invalid,,False,1
10705,1391830,169733,timeout,err_gateway_timeout_504,20,True,1
10706,1391836,169734,falha_autenticacao,err_auth_401,,False,1
10707,1391844,169736,timeout,err_timeout_408,,False,1
10708,1391858,169738,erro_interno,err_internal_500,,False,1
10709,1391861,169739,falha_autenticacao,err_credentials_invalid,,False,1
10710,1391947,169754,timeout,err_gateway_timeout_504,34,True,1
10711,1391953,169755,falha_autenticacao,err_auth_401,,False,1
10712,1391954,169755,timeout,err_timeout_408,,False,2
10713,1391955,169756,timeout,err_timeout_408,,False,1
10714,1391963,169758,timeout,err_timeout_408,30,True,1
10715,1392081,169779,servico_indisponivel,err_maintenance,,False,1
10716,1392146,169792,timeout,err_timeout_408,55,True,1
10717,1392147,169792,timeout,err_gateway_timeout_504,,False,2
10718,1392153,169794,timeout,err_gateway_timeout_504,,False,1
10719,1392224,169807,falha_autenticacao,err_auth_401,,False,1
10720,1392267,169813,timeout,err_timeout_408,,False,1
10721,1392337,169825,servico_indisponivel,err_maintenance,76,True,1
10722,1392424,169839,timeout,err_timeout_408,,False,1
10723,1392446,169843,erro_interno,err_unexpected,,False,1
10724,1392461,169845,timeout,err_gateway_timeout_504,36,True,1
10725,1392475,169846,timeout,err_gateway_timeout_504,,False,1
10726,1392490,169848,timeout,err_timeout_408,,False,1
10727,1392500,169850,timeout,err_timeout_408,,False,1
10728,1392501,169850,timeout,err_gateway_timeout_504,,False,2
10729,1392502,169850,erro_interno,err_unexpected,,False,3
10730,1392504,169850,timeout,err_timeout_408,133,True,1
10731,1392543,169856,timeout,err_timeout_408,,False,1
10732,1392629,169870,timeout,err_timeout_408,47,True,1
10733,1392735,169886,erro_interno,err_unexpected,,False,1
10734,1392779,169893,timeout,err_gateway_timeout_504,,False,1
10735,1392796,169896,falha_autenticacao,err_auth_401,30,True,1
10736,1392811,169898,timeout,err_timeout_408,,False,1
10737,1392852,169905,timeout,err_timeout_408,36,True,1
10738,1392873,169907,timeout,err_timeout_408,,False,1
10739,1392878,169908,timeout,err_gateway_timeout_504,71,True,1
10740,1392924,169915,falha_autenticacao,err_auth_401,,False,1
10741,1392951,169920,timeout,err_gateway_timeout_504,58,True,1
10742,1393013,169931,timeout,err_gateway_timeout_504,,False,1
10743,1393048,169935,falha_autenticacao,err_credentials_invalid,26,True,1
10744,1393049,169935,timeout,err_timeout_408,23,True,2
10745,1393050,169935,timeout,err_gateway_timeout_504,,False,3
10746,1393071,169940,timeout,err_timeout_408,,False,1
10747,1393093,169944,falha_autenticacao,err_credentials_invalid,,False,1
10748,1393193,169960,timeout,err_timeout_408,50,True,1
10749,1393230,169966,timeout,err_timeout_408,41,True,1
10750,1393231,169966,timeout,err_timeout_408,31,True,2
10751,1393232,169966,falha_autenticacao,err_credentials_invalid,,False,3
10752,1393258,169972,timeout,err_gateway_timeout_504,,False,1
10753,1393415,169997,timeout,err_timeout_408,105,True,1
10754,1393486,170007,erro_interno,err_unexpected,,False,1
10755,1393540,170015,timeout,err_gateway_timeout_504,58,True,1
10756,1393624,170026,falha_autenticacao,err_credentials_invalid,,False,1
10757,1393642,170030,timeout,err_gateway_timeout_504,40,True,1
10758,1393708,170039,timeout,err_gateway_timeout_504,40,True,1
10759,1393711,170039,erro_interno,err_internal_500,,False,1
10760,1393787,170050,timeout,err_timeout_408,33,True,1
10761,1393790,170050,timeout,err_timeout_408,151,True,1
10762,1393805,170052,falha_autenticacao,err_credentials_invalid,25,True,1
10763,1393813,170053,falha_autenticacao,err_credentials_invalid,43,True,1
10764,1393826,170055,timeout,err_timeout_408,28,True,1
10765,1393862,170060,erro_interno,err_unexpected,,False,1
10766,1393881,170063,timeout,err_timeout_408,,False,1
10767,1393899,170066,timeout,err_gateway_timeout_504,,False,1
10768,1393916,170069,timeout,err_timeout_408,,False,1
10769,1393947,170074,falha_autenticacao,err_credentials_invalid,72,True,1
10770,1393948,170074,timeout,err_timeout_408,,False,2
10771,1393962,170077,erro_interno,err_internal_500,,False,1
10772,1393967,170078,timeout,err_timeout_408,,False,1
10773,1393968,170079,timeout,err_gateway_timeout_504,,False,1
10774,1393976,170081,timeout,err_gateway_timeout_504,,False,1
10775,1394001,170086,timeout,err_timeout_408,,False,1
10776,1394056,170094,timeout,err_timeout_408,42,True,1
10777,1394057,170094,timeout,err_timeout_408,,False,2
10778,1394070,170097,timeout,err_gateway_timeout_504,38,True,1
10779,1394091,170099,timeout,err_timeout_408,34,True,1
10780,1394094,170099,timeout,err_gateway_timeout_504,,False,1
10781,1394119,170104,falha_autenticacao,err_credentials_invalid,37,True,1
10782,1394146,170108,erro_interno,err_unexpected,75,True,1
10783,1394155,170109,erro_interno,err_unexpected,,False,1
10784,1394184,170115,timeout,err_gateway_timeout_504,24,True,1
10785,1394350,170142,erro_interno,err_unexpected,,False,1
10786,1394376,170146,falha_autenticacao,err_auth_401,,False,1
10787,1394507,170169,timeout,err_timeout_408,28,True,1
10788,1394508,170169,falha_autenticacao,err_credentials_invalid,40,True,2
10789,1394516,170170,falha_autenticacao,err_credentials_invalid,,False,1
10790,1394563,170176,timeout,err_gateway_timeout_504,39,True,1
10791,1394567,170177,timeout,err_timeout_408,45,True,1
10792,1394630,170187,falha_autenticacao,err_auth_401,,False,1
10793,1394661,170192,timeout,err_gateway_timeout_504,29,True,1
10794,1394676,170194,timeout,err_timeout_408,,False,1
10795,1394695,170197,timeout,err_timeout_408,25,True,1
10796,1394703,170198,timeout,err_gateway_timeout_504,,False,1
10797,1394706,170199,timeout,err_gateway_timeout_504,,False,1
10798,1394784,170211,falha_autenticacao,err_credentials_invalid,32,True,1
10799,1394785,170211,timeout,err_gateway_timeout_504,,False,2
10800,1394796,170213,falha_autenticacao,err_auth_401,,False,1
10801,1394817,170216,falha_autenticacao,err_auth_401,,False,1
10802,1394842,170220,servico_indisponivel,err_maintenance,,False,1
10803,1394943,170236,servico_indisponivel,err_maintenance,,False,1
10804,1394975,170242,timeout,err_timeout_408,,False,1
10805,1394999,170246,timeout,err_gateway_timeout_504,,False,1
10806,1395053,170256,timeout,err_gateway_timeout_504,,False,1
10807,1395075,170260,falha_autenticacao,err_credentials_invalid,49,True,1
10808,1395110,170266,timeout,err_gateway_timeout_504,26,True,1
10809,1395111,170266,timeout,err_gateway_timeout_504,,False,2
10810,1395117,170267,falha_autenticacao,err_auth_401,38,True,1
10811,1395118,170267,falha_autenticacao,err_credentials_invalid,21,True,2
10812,1395119,170267,servico_indisponivel,err_maintenance,,False,3
10813,1395141,170271,falha_autenticacao,err_credentials_invalid,,False,1
10814,1395176,170278,falha_autenticacao,err_auth_401,36,True,1
10815,1395321,170298,timeout,err_timeout_408,28,True,1
10816,1395327,170299,timeout,err_gateway_timeout_504,33,True,1
10817,1395356,170303,falha_autenticacao,err_credentials_invalid,35,True,1
10818,1395371,170305,timeout,err_timeout_408,33,True,1
10819,1395372,170305,servico_indisponivel,err_maintenance,,False,2
10820,1395373,170306,falha_autenticacao,err_credentials_invalid,,False,1
10821,1395400,170310,timeout,err_timeout_408,,False,1
10822,1395409,170312,erro_interno,err_internal_500,30,True,1
10823,1395435,170316,timeout,err_timeout_408,135,True,1
10824,1395436,170316,timeout,err_gateway_timeout_504,,False,2
10825,1395443,170317,timeout,err_timeout_408,,False,1
10826,1395449,170318,falha_autenticacao,err_auth_401,25,True,1
10827,1395501,170327,timeout,err_gateway_timeout_504,38,True,1
10828,1395521,170330,timeout,err_timeout_408,,False,1
10829,1395527,170330,erro_interno,err_unexpected,,False,1
10830,1395555,170334,timeout,err_gateway_timeout_504,164,True,1
10831,1395573,170337,falha_autenticacao,err_credentials_invalid,,False,1
10832,1395581,170339,servico_indisponivel,err_maintenance,30,True,1
10833,1395607,170342,timeout,err_gateway_timeout_504,,False,1
10834,1395679,170351,timeout,err_gateway_timeout_504,,False,1
10835,1395714,170357,timeout,err_gateway_timeout_504,118,True,1
10836,1395715,170357,erro_interno,err_unexpected,188,True,2
10837,1395718,170357,timeout,err_timeout_408,,False,1
10838,1395728,170359,timeout,err_gateway_timeout_504,,False,1
10839,1395743,170362,falha_autenticacao,err_auth_401,23,True,1
10840,1395766,170366,falha_autenticacao,err_auth_401,47,True,1
10841,1395827,170376,servico_indisponivel,err_maintenance,51,True,1
10842,1395835,170377,timeout,err_gateway_timeout_504,,False,1
10843,1395899,170387,falha_autenticacao,err_credentials_invalid,22,True,1
10844,1395956,170395,timeout,err_timeout_408,,False,1
10845,1396014,170405,falha_autenticacao,err_auth_401,,False,1
10846,1396083,170415,timeout,err_gateway_timeout_504,,False,1
10847,1396119,170421,timeout,err_gateway_timeout_504,33,True,1
10848,1396365,170460,erro_interno,err_unexpected,,False,1
10849,1396423,170468,servico_indisponivel,err_maintenance,,False,1
10850,1396517,170483,falha_autenticacao,err_credentials_invalid,,False,1
10851,1396585,170495,timeout,err_timeout_408,64,True,1
10852,1396615,170500,erro_interno,err_internal_500,,False,1
10853,1396664,170507,timeout,err_gateway_timeout_504,,False,1
10854,1396713,170515,falha_autenticacao,err_auth_401,,False,1
10855,1396726,170518,servico_indisponivel,err_service_503,227,True,1
10856,1396735,170520,falha_autenticacao,err_auth_401,72,True,1
10857,1396736,170520,timeout,err_timeout_408,,False,2
10858,1396739,170520,timeout,err_gateway_timeout_504,129,True,1
10859,1396868,170542,falha_autenticacao,err_credentials_invalid,,False,1
10860,1396869,170543,timeout,err_timeout_408,56,True,1
10861,1396879,170544,falha_autenticacao,err_auth_401,33,True,1
10862,1396897,170547,timeout,err_gateway_timeout_504,,False,1
10863,1396917,170551,falha_autenticacao,err_credentials_invalid,,False,1
10864,1396975,170561,erro_interno,err_internal_500,,False,1
10865,1397045,170572,timeout,err_timeout_408,,False,1
10866,1397064,170575,timeout,err_timeout_408,,False,1
10867,1397194,170597,falha_autenticacao,err_credentials_invalid,,False,1
10868,1397265,170610,timeout,err_gateway_timeout_504,44,True,1
10869,1397271,170611,timeout,err_timeout_408,38,True,1
10870,1397272,170611,timeout,err_timeout_408,,False,2
10871,1397298,170615,falha_autenticacao,err_credentials_invalid,30,True,1
10872,1397299,170615,falha_autenticacao,err_auth_401,,False,2
10873,1397300,170616,servico_indisponivel,err_maintenance,,False,1
10874,1397336,170621,timeout,err_timeout_408,36,True,1
10875,1397367,170627,servico_indisponivel,err_service_503,,False,1
10876,1397401,170632,timeout,err_timeout_408,,False,1
10877,1397402,170633,timeout,err_timeout_408,29,True,1
10878,1397403,170633,falha_autenticacao,err_credentials_invalid,,False,2
10879,1397491,170649,timeout,err_gateway_timeout_504,65,True,1
10880,1397492,170649,timeout,err_gateway_timeout_504,56,True,2
10881,1397518,170654,timeout,err_gateway_timeout_504,,False,1
10882,1397554,170660,timeout,err_timeout_408,,False,1
10883,1397583,170665,falha_autenticacao,err_auth_401,,False,1
10884,1397657,170675,erro_interno,err_unexpected,,False,1
10885,1397704,170683,timeout,err_timeout_408,,False,1
10886,1397724,170686,timeout,err_timeout_408,,False,1
10887,1397746,170690,falha_autenticacao,err_auth_401,,False,1
10888,1397808,170700,timeout,err_timeout_408,,False,1
10889,1397814,170702,timeout,err_timeout_408,,False,1
10890,1397820,170704,falha_autenticacao,err_auth_401,23,True,1
10891,1397863,170712,falha_autenticacao,err_credentials_invalid,,False,1
10892,1397899,170718,falha_autenticacao,err_auth_401,,False,1
10893,1397925,170722,timeout,err_timeout_408,,False,1
10894,1397964,170729,timeout,err_gateway_timeout_504,,False,1
10895,1398047,170744,falha_autenticacao,err_auth_401,,False,1
10896,1398048,170745,falha_autenticacao,err_auth_401,27,True,1
10897,1398095,170753,timeout,err_timeout_408,41,True,1
10898,1398258,170776,erro_interno,err_unexpected,,False,1
10899,1398378,170793,timeout,err_gateway_timeout_504,,False,1
10900,1398402,170797,timeout,err_timeout_408,,False,1
10901,1398419,170800,timeout,err_timeout_408,187,True,1
10902,1398435,170803,servico_indisponivel,err_maintenance,,False,1
10903,1398450,170805,timeout,err_timeout_408,,False,1
10904,1398507,170815,erro_interno,err_internal_500,48,True,1
10905,1398541,170821,timeout,err_gateway_timeout_504,,False,1
10906,1398558,170824,timeout,err_timeout_408,,False,1
10907,1398569,170827,timeout,err_gateway_timeout_504,,False,1
10908,1398580,170830,timeout,err_gateway_timeout_504,31,True,1
10909,1398627,170838,timeout,err_timeout_408,,False,1
10910,1398630,170839,timeout,err_gateway_timeout_504,,False,1
10911,1398658,170844,timeout,err_gateway_timeout_504,35,True,1
10912,1398659,170844,timeout,err_gateway_timeout_504,,False,2
10913,1398719,170856,timeout,err_gateway_timeout_504,22,True,1
10914,1398745,170860,erro_interno,err_internal_500,,False,1
10915,1398753,170862,falha_autenticacao,err_credentials_invalid,45,True,1
10916,1398796,170868,timeout,err_timeout_408,,False,1
10917,1398802,170870,timeout,err_timeout_408,43,True,1
10918,1398812,170871,falha_autenticacao,err_credentials_invalid,,False,1
10919,1398861,170880,timeout,err_gateway_timeout_504,,False,1
10920,1398894,170886,timeout,err_timeout_408,41,True,1
10921,1398895,170886,falha_autenticacao,err_credentials_invalid,,False,2
10922,1398947,170896,falha_autenticacao,err_auth_401,,False,1
10923,1398964,170899,servico_indisponivel,err_maintenance,33,True,1
10924,1398979,170901,timeout,err_timeout_408,,False,1
10925,1398980,170901,timeout,err_timeout_408,,False,2
10926,1398995,170904,timeout,err_gateway_timeout_504,,False,1
10927,1399017,170907,falha_autenticacao,err_credentials_invalid,42,True,1
10928,1399034,170909,erro_interno,err_internal_500,,False,1
10929,1399082,170917,timeout,err_gateway_timeout_504,,False,1
10930,1399092,170919,timeout,err_gateway_timeout_504,20,True,1
10931,1399093,170919,timeout,err_timeout_408,31,True,2
10932,1399119,170924,timeout,err_timeout_408,,False,1
10933,1399168,170931,timeout,err_gateway_timeout_504,,False,1
10934,1399192,170934,timeout,err_timeout_408,,False,1
10935,1399204,170936,erro_interno,err_internal_500,,False,1
10936,1399234,170942,falha_autenticacao,err_credentials_invalid,32,True,1
10937,1399240,170943,falha_autenticacao,err_credentials_invalid,23,True,1
10938,1399246,170944,falha_autenticacao,err_credentials_invalid,,False,1
10939,1399261,170947,servico_indisponivel,err_service_503,,False,1
10940,1399262,170948,falha_autenticacao,err_auth_401,,False,1
10941,1399263,170948,timeout,err_timeout_408,30,True,2
10942,1399303,170955,falha_autenticacao,err_credentials_invalid,46,True,1
10943,1399353,170964,timeout,err_gateway_timeout_504,28,True,1
10944,1399397,170971,servico_indisponivel,err_maintenance,,False,1
10945,1399450,170979,erro_interno,err_internal_500,,False,1
10946,1399489,170985,timeout,err_gateway_timeout_504,,False,1
10947,1399529,170993,erro_interno,err_unexpected,103,True,1
10948,1399575,171000,servico_indisponivel,err_service_503,47,True,1
10949,1399597,171003,timeout,err_gateway_timeout_504,,False,1
10950,1399627,171009,timeout,err_timeout_408,54,True,1
10951,1399645,171012,timeout,err_gateway_timeout_504,52,True,1
10952,1399646,171012,falha_autenticacao,err_auth_401,,False,2
10953,1399717,171025,falha_autenticacao,err_auth_401,40,True,1
10954,1399723,171026,timeout,err_gateway_timeout_504,22,True,1
10955,1399724,171026,servico_indisponivel,err_maintenance,,False,2
10956,1399730,171027,falha_autenticacao,err_auth_401,,False,1
10957,1399823,171042,falha_autenticacao,err_credentials_invalid,,False,1
10958,1399872,171051,timeout,err_timeout_408,,False,1
10959,1399897,171056,timeout,err_timeout_408,32,True,1
10960,1399910,171058,timeout,err_gateway_timeout_504,90,True,1
10961,1399969,171066,erro_interno,err_unexpected,29,True,1
10962,1400044,171080,timeout,err_gateway_timeout_504,,False,1
10963,1400064,171083,falha_autenticacao,err_auth_401,42,True,1
10964,1400105,171089,timeout,err_gateway_timeout_504,,False,1
10965,1400146,171094,timeout,err_gateway_timeout_504,,False,1
10966,1400149,171095,falha_autenticacao,err_auth_401,,False,1
10967,1400181,171101,timeout,err_timeout_408,44,True,1
10968,1400182,171101,timeout,err_timeout_408,,False,2
10969,1400188,171103,timeout,err_gateway_timeout_504,,False,1
10970,1400194,171104,timeout,err_timeout_408,44,True,1
10971,1400223,171108,falha_autenticacao,err_auth_401,33,True,1
10972,1400225,171108,erro_interno,err_unexpected,,False,1
10973,1400342,171127,servico_indisponivel,err_maintenance,,False,1
10974,1400350,171129,timeout,err_gateway_timeout_504,,False,1
10975,1400353,171130,timeout,err_gateway_timeout_504,32,True,1
10976,1400415,171141,servico_indisponivel,err_service_503,,False,1
10977,1400432,171143,timeout,err_timeout_408,,False,1
10978,1400533,171158,timeout,err_gateway_timeout_504,40,True,1
10979,1400574,171164,timeout,err_gateway_timeout_504,32,True,1
10980,1400598,171167,timeout,err_gateway_timeout_504,42,True,1
10981,1400742,171188,falha_autenticacao,err_auth_401,,False,1
10982,1400753,171191,timeout,err_gateway_timeout_504,32,True,1
10983,1400764,171193,servico_indisponivel,err_service_503,,False,1
10984,1400770,171194,timeout,err_timeout_408,55,True,1
10985,1400795,171198,timeout,err_gateway_timeout_504,31,True,1
10986,1400796,171198,timeout,err_gateway_timeout_504,,False,2
10987,1400813,171201,falha_autenticacao,err_auth_401,,False,1
10988,1400839,171206,timeout,err_gateway_timeout_504,,False,1
10989,1400866,171211,erro_interno,err_unexpected,78,True,1
10990,1400892,171216,falha_autenticacao,err_auth_401,,False,1
10991,1400910,171220,falha_autenticacao,err_credentials_invalid,37,True,1
10992,1400936,171225,timeout,err_timeout_408,,False,1
10993,1400942,171227,falha_autenticacao,err_auth_401,,False,1
10994,1400978,171233,servico_indisponivel,err_maintenance,,False,1
10995,1400984,171235,falha_autenticacao,err_auth_401,,False,1
10996,1400998,171237,erro_interno,err_internal_500,90,True,1
10997,1401057,171247,erro_interno,err_internal_500,58,True,1
10998,1401089,171252,timeout,err_gateway_timeout_504,,False,1
10999,1401096,171252,timeout,err_timeout_408,68,True,1
11000,1401158,171262,erro_interno,err_unexpected,,False,1
11001,1401163,171263,timeout,err_gateway_timeout_504,,False,1
11002,1401208,171270,timeout,err_gateway_timeout_504,,False,1
11003,1401218,171272,erro_interno,err_internal_500,83,True,1
11004,1401231,171274,timeout,err_gateway_timeout_504,,False,1
11005,1401237,171276,servico_indisponivel,err_service_503,27,True,1
11006,1401290,171284,falha_autenticacao,err_credentials_invalid,66,True,1
11007,1401324,171289,timeout,err_timeout_408,88,True,1
11008,1401374,171298,falha_autenticacao,err_auth_401,,False,1
11009,1401417,171307,timeout,err_timeout_408,,False,1
11010,1401441,171311,falha_autenticacao,err_credentials_invalid,,False,1
11011,1401447,171312,erro_interno,err_unexpected,,False,1
11012,1401449,171313,timeout,err_timeout_408,,False,1
11013,1401509,171322,servico_indisponivel,err_service_503,,False,1
11014,1401546,171327,timeout,err_timeout_408,,False,1
11015,1401691,171352,timeout,err_gateway_timeout_504,58,True,1
11016,1401692,171352,falha_autenticacao,err_auth_401,53,True,2
11017,1401693,171352,falha_autenticacao,err_auth_401,,False,3
11018,1401765,171364,falha_autenticacao,err_credentials_invalid,22,True,1
11019,1401898,171386,servico_indisponivel,err_maintenance,41,True,1
11020,1401899,171386,falha_autenticacao,err_credentials_invalid,,False,2
11021,1401900,171386,falha_autenticacao,err_auth_401,,False,3
11022,1401913,171389,timeout,err_gateway_timeout_504,,False,1
11023,1401959,171397,timeout,err_gateway_timeout_504,26,True,1
11024,1401967,171398,timeout,err_gateway_timeout_504,,False,1
11025,1401975,171399,timeout,err_gateway_timeout_504,,False,1
11026,1401978,171400,timeout,err_timeout_408,,False,1
11027,1402108,171421,falha_autenticacao,err_auth_401,,False,1
11028,1402227,171441,timeout,err_gateway_timeout_504,21,True,1
11029,1402307,171454,timeout,err_timeout_408,25,True,1
11030,1402322,171456,timeout,err_timeout_408,,False,1
11031,1402323,171457,timeout,err_timeout_408,48,True,1
11032,1402363,171462,timeout,err_timeout_408,24,True,1
11033,1402381,171465,falha_autenticacao,err_auth_401,78,True,1
11034,1402429,171472,timeout,err_gateway_timeout_504,39,True,1
11035,1402455,171477,servico_indisponivel,err_maintenance,,False,1
11036,1402463,171479,falha_autenticacao,err_credentials_invalid,,False,1
11037,1402556,171496,timeout,err_timeout_408,,False,1
11038,1402587,171501,timeout,err_timeout_408,41,True,1
11039,1402632,171507,timeout,err_gateway_timeout_504,100,True,1
11040,1402633,171507,erro_interno,err_internal_500,63,True,2
11041,1402672,171513,timeout,err_gateway_timeout_504,,False,1
11042,1402678,171514,timeout,err_gateway_timeout_504,,False,1
11043,1402718,171520,timeout,err_gateway_timeout_504,,False,1
11044,1402850,171542,timeout,err_gateway_timeout_504,,False,1
11045,1402943,171554,falha_autenticacao,err_credentials_invalid,,False,1
11046,1402963,171558,erro_interno,err_unexpected,,False,1
11047,1402998,171564,timeout,err_gateway_timeout_504,44,True,1
11048,1403061,171572,timeout,err_gateway_timeout_504,28,True,1
11049,1403148,171584,timeout,err_gateway_timeout_504,,False,1
11050,1403214,171596,timeout,err_timeout_408,,False,1
11051,1403231,171599,timeout,err_gateway_timeout_504,33,True,1
11052,1403270,171605,timeout,err_timeout_408,,False,1
11053,1403293,171610,timeout,err_gateway_timeout_504,,False,1
11054,1403338,171617,timeout,err_timeout_408,20,True,1
11055,1403423,171629,timeout,err_gateway_timeout_504,,False,1
11056,1403561,171647,falha_autenticacao,err_auth_401,49,True,1
11057,1403562,171647,timeout,err_timeout_408,,False,2
11058,1403568,171649,timeout,err_timeout_408,41,True,1
11059,1403571,171649,erro_interno,err_internal_500,,False,1
11060,1403611,171657,timeout,err_timeout_408,,False,1
11061,1403612,171658,servico_indisponivel,err_maintenance,,False,1
11062,1403711,171672,timeout,err_gateway_timeout_504,,False,1
11063,1403727,171676,timeout,err_gateway_timeout_504,52,True,1
11064,1403728,171676,timeout,err_timeout_408,,False,2
11065,1403729,171677,falha_autenticacao,err_credentials_invalid,34,True,1
11066,1403735,171678,timeout,err_gateway_timeout_504,,False,1
11067,1403736,171679,timeout,err_timeout_408,,False,1
11068,1403739,171680,timeout,err_gateway_timeout_504,105,True,1
11069,1403817,171691,falha_autenticacao,err_credentials_invalid,30,True,1
11070,1403845,171694,timeout,err_gateway_timeout_504,201,True,1
11071,1403887,171699,timeout,err_gateway_timeout_504,,False,1
11072,1403907,171703,falha_autenticacao,err_credentials_invalid,,False,1
11073,1403920,171706,timeout,err_timeout_408,,False,1
11074,1403921,171706,timeout,err_gateway_timeout_504,72,True,2
11075,1403963,171712,erro_interno,err_internal_500,37,True,1
11076,1404090,171733,timeout,err_timeout_408,,False,1
11077,1404092,171733,erro_interno,err_unexpected,32,True,1
11078,1404154,171743,timeout,err_gateway_timeout_504,154,True,1
11079,1404158,171744,timeout,err_gateway_timeout_504,,False,1
11080,1404174,171748,timeout,err_gateway_timeout_504,20,True,1
11081,1404259,171760,timeout,err_timeout_408,,False,1
11082,1404315,171767,timeout,err_timeout_408,,False,1
11083,1404353,171773,timeout,err_timeout_408,,False,1
11084,1404354,171774,timeout,err_timeout_408,61,True,1
11085,1404377,171778,falha_autenticacao,err_auth_401,,False,1
11086,1404383,171780,timeout,err_gateway_timeout_504,,False,1
11087,1404442,171789,falha_autenticacao,err_auth_401,33,True,1
11088,1404464,171792,timeout,err_gateway_timeout_504,119,True,1
11089,1404505,171798,timeout,err_timeout_408,,False,1
11090,1404507,171799,erro_interno,err_internal_500,,False,1
11091,1404586,171812,timeout,err_gateway_timeout_504,,False,1
11092,1404606,171816,timeout,err_timeout_408,45,True,1
11093,1404646,171821,timeout,err_timeout_408,,False,1
11094,1404706,171831,timeout,err_timeout_408,,False,1
11095,1404830,171853,falha_autenticacao,err_auth_401,21,True,1
11096,1404831,171853,falha_autenticacao,err_credentials_invalid,,False,2
11097,1404860,171857,timeout,err_timeout_408,,False,1
11098,1404865,171858,timeout,err_timeout_408,,False,1
11099,1404988,171877,timeout,err_gateway_timeout_504,,False,1
11100,1404989,171877,falha_autenticacao,err_credentials_invalid,19,True,2
11101,1405055,171888,timeout,err_gateway_timeout_504,,False,1
11102,1405092,171893,falha_autenticacao,err_credentials_invalid,,False,1
11103,1405141,171902,falha_autenticacao,err_auth_401,,False,1
11104,1405143,171903,erro_interno,err_internal_500,,False,1
11105,1405157,171904,erro_interno,err_internal_500,,False,1
11106,1405165,171906,timeout,err_timeout_408,81,True,1
11107,1405173,171907,erro_interno,err_unexpected,84,True,1
11108,1405214,171913,servico_indisponivel,err_maintenance,,False,1
11109,1405246,171919,falha_autenticacao,err_auth_401,,False,1
11110,1405247,171919,timeout,err_gateway_timeout_504,,False,2
11111,1405352,171936,timeout,err_timeout_408,149,True,1
11112,1405373,171940,erro_interno,err_unexpected,105,True,1
11113,1405377,171941,timeout,err_gateway_timeout_504,30,True,1
11114,1405383,171942,timeout,err_gateway_timeout_504,,False,1
11115,1405384,171943,servico_indisponivel,err_maintenance,,False,1
11116,1405429,171950,servico_indisponivel,err_service_503,,False,1
11117,1405482,171959,timeout,err_gateway_timeout_504,49,True,1
11118,1405483,171959,timeout,err_gateway_timeout_504,,False,2
11119,1405491,171961,timeout,err_gateway_timeout_504,,False,1
11120,1405562,171972,timeout,err_gateway_timeout_504,,False,1
11121,1405575,171975,timeout,err_timeout_408,,False,1
11122,1405624,171984,timeout,err_timeout_408,60,True,1
11123,1405625,171984,timeout,err_gateway_timeout_504,,False,2
11124,1405642,171987,erro_interno,err_internal_500,,False,1
11125,1405690,171993,timeout,err_gateway_timeout_504,,False,1
11126,1405707,171996,erro_interno,err_unexpected,,False,1
11127,1405729,172000,timeout,err_gateway_timeout_504,,False,1
11128,1405740,172002,falha_autenticacao,err_auth_401,,False,1
11129,1405772,172007,erro_interno,err_unexpected,,False,1
11130,1405830,172016,servico_indisponivel,err_maintenance,,False,1
11131,1405833,172016,erro_interno,err_internal_500,,False,1
11132,1405902,172025,timeout,err_gateway_timeout_504,,False,1
11133,1405984,172039,falha_autenticacao,err_credentials_invalid,34,True,1
11134,1405985,172039,timeout,err_timeout_408,51,True,2
11135,1406032,172045,timeout,err_timeout_408,,False,1
11136,1406109,172056,erro_interno,err_internal_500,,False,1
11137,1406188,172067,erro_interno,err_internal_500,,False,1
11138,1406279,172082,falha_autenticacao,err_auth_401,,False,1
11139,1406280,172082,timeout,err_timeout_408,33,True,2
11140,1406437,172106,timeout,err_timeout_408,44,True,1
11141,1406469,172111,falha_autenticacao,err_credentials_invalid,,False,1
11142,1406470,172111,timeout,err_gateway_timeout_504,44,True,2
11143,1406492,172114,timeout,err_timeout_408,36,True,1
11144,1406553,172122,timeout,err_timeout_408,43,True,1
11145,1406601,172127,timeout,err_gateway_timeout_504,,False,1
11146,1406618,172130,falha_autenticacao,err_auth_401,66,True,1
11147,1406661,172138,timeout,err_gateway_timeout_504,46,True,1
11148,1406703,172143,servico_indisponivel,err_maintenance,,False,1
11149,1406704,172143,timeout,err_timeout_408,,False,2
11150,1406705,172144,servico_indisponivel,err_maintenance,,False,1
11151,1406741,172150,timeout,err_timeout_408,,False,1
11152,1406742,172151,timeout,err_timeout_408,36,True,1
11153,1406743,172151,falha_autenticacao,err_auth_401,,False,2
11154,1406816,172162,timeout,err_gateway_timeout_504,30,True,1
11155,1406847,172168,timeout,err_timeout_408,,False,1
11156,1406862,172171,timeout,err_gateway_timeout_504,72,True,1
11157,1406875,172173,timeout,err_timeout_408,86,True,1
11158,1406876,172173,servico_indisponivel,err_service_503,,False,2
11159,1406946,172185,erro_interno,err_unexpected,,False,1
11160,1406975,172189,erro_interno,err_internal_500,,False,1
11161,1407007,172193,falha_autenticacao,err_auth_401,,False,1
11162,1407028,172198,timeout,err_gateway_timeout_504,21,True,1
11163,1407039,172200,falha_autenticacao,err_credentials_invalid,,False,1
11164,1407040,172201,servico_indisponivel,err_service_503,,False,1
11165,1407153,172219,timeout,err_gateway_timeout_504,,False,1
11166,1407176,172224,timeout,err_timeout_408,54,True,1
11167,1407182,172225,timeout,err_gateway_timeout_504,59,True,1
11168,1407248,172234,falha_autenticacao,err_auth_401,38,True,1
11169,1407468,172269,falha_autenticacao,err_auth_401,,False,1
11170,1407500,172275,falha_autenticacao,err_credentials_invalid,,False,1
11171,1407585,172290,timeout,err_gateway_timeout_504,48,True,1
11172,1407588,172290,erro_interno,err_internal_500,,False,1
11173,1407674,172304,timeout,err_gateway_timeout_504,23,True,1
11174,1407675,172304,falha_autenticacao,err_credentials_invalid,,False,2
11175,1407683,172305,erro_interno,err_unexpected,16,True,1
11176,1407690,172306,timeout,err_timeout_408,35,True,1
11177,1407700,172307,erro_interno,err_internal_500,49,True,1
11178,1407732,172312,timeout,err_gateway_timeout_504,55,True,1
11179,1407733,172312,timeout,err_gateway_timeout_504,,False,2
11180,1407778,172321,falha_autenticacao,err_auth_401,85,True,1
11181,1407820,172328,timeout,err_timeout_408,,False,1
11182,1407910,172342,timeout,err_gateway_timeout_504,37,True,1
11183,1407927,172344,erro_interno,err_unexpected,124,True,1
11184,1407942,172346,timeout,err_timeout_408,23,True,1
11185,1407948,172347,falha_autenticacao,err_auth_401,,False,1
11186,1407949,172348,timeout,err_timeout_408,,False,1
11187,1407957,172349,timeout,err_gateway_timeout_504,32,True,1
11188,1407958,172349,falha_autenticacao,err_credentials_invalid,,False,2
11189,1407974,172353,timeout,err_timeout_408,,False,1
11190,1408044,172363,timeout,err_gateway_timeout_504,51,True,1
11191,1408160,172380,timeout,err_timeout_408,,False,1
11192,1408166,172381,timeout,err_timeout_408,,False,1
11193,1408176,172383,timeout,err_gateway_timeout_504,,False,1
11194,1408186,172385,timeout,err_gateway_timeout_504,,False,1
11195,1408263,172398,timeout,err_timeout_408,38,True,1
11196,1408266,172398,servico_indisponivel,err_maintenance,,False,1
11197,1408359,172412,falha_autenticacao,err_credentials_invalid,,False,1
11198,1408388,172417,falha_autenticacao,err_auth_401,24,True,1
11199,1408407,172419,timeout,err_gateway_timeout_504,,False,1
11200,1408487,172432,timeout,err_gateway_timeout_504,31,True,1
11201,1408551,172443,timeout,err_gateway_timeout_504,47,True,1
11202,1408575,172446,erro_interno,err_internal_500,,False,1
11203,1408623,172454,timeout,err_gateway_timeout_504,60,True,1
11204,1408682,172462,falha_autenticacao,err_auth_401,52,True,1
11205,1408714,172467,timeout,err_timeout_408,,False,1
11206,1408715,172468,timeout,err_timeout_408,,False,1
11207,1408775,172477,falha_autenticacao,err_credentials_invalid,42,True,1
11208,1408893,172494,falha_autenticacao,err_auth_401,,False,1
11209,1408911,172497,falha_autenticacao,err_auth_401,,False,1
11210,1408982,172510,timeout,err_timeout_408,,False,1
11211,1408992,172512,timeout,err_gateway_timeout_504,,False,1
11212,1409063,172522,falha_autenticacao,err_auth_401,38,True,1
11213,1409072,172522,erro_interno,err_unexpected,,False,1
11214,1409077,172523,erro_interno,err_internal_500,,False,1
11215,1409094,172525,timeout,err_gateway_timeout_504,105,True,1
11216,1409127,172531,falha_autenticacao,err_credentials_invalid,,False,1
11217,1409142,172534,timeout,err_timeout_408,43,True,1
11218,1409224,172547,falha_autenticacao,err_credentials_invalid,38,True,1
11219,1409332,172566,timeout,err_timeout_408,,False,1
11220,1409349,172569,falha_autenticacao,err_auth_401,44,True,1
11221,1409352,172569,erro_interno,err_internal_500,,False,1
11222,1409439,172584,timeout,err_gateway_timeout_504,,False,1
11223,1409508,172594,erro_interno,err_internal_500,,False,1
11224,1409584,172606,falha_autenticacao,err_auth_401,,False,1
11225,1409630,172614,timeout,err_timeout_408,42,True,1
11226,1409658,172619,timeout,err_timeout_408,,False,1
11227,1409703,172626,erro_interno,err_internal_500,,False,1
11228,1409723,172630,falha_autenticacao,err_credentials_invalid,56,True,1
11229,1409764,172636,falha_autenticacao,err_auth_401,41,True,1
11230,1409813,172642,servico_indisponivel,err_maintenance,55,True,1
11231,1409863,172648,erro_interno,err_unexpected,,False,1
11232,1409872,172650,timeout,err_gateway_timeout_504,78,True,1
11233,1409902,172655,timeout,err_gateway_timeout_504,,False,1
11234,1409922,172658,timeout,err_timeout_408,,False,1
11235,1409933,172661,falha_autenticacao,err_auth_401,,False,1
11236,1409934,172661,falha_autenticacao,err_auth_401,70,True,2
11237,1409935,172661,timeout,err_gateway_timeout_504,,False,3
11238,1410003,172671,timeout,err_timeout_408,37,True,1
11239,1410081,172684,falha_autenticacao,err_credentials_invalid,46,True,1
11240,1410163,172697,timeout,err_timeout_408,108,True,1
11241,1410266,172713,timeout,err_timeout_408,89,True,1
11242,1410281,172715,timeout,err_gateway_timeout_504,,False,1
11243,1410323,172720,timeout,err_timeout_408,,False,1
11244,1410328,172721,falha_autenticacao,err_credentials_invalid,,False,1
11245,1410439,172740,timeout,err_gateway_timeout_504,,False,1
11246,1410507,172752,erro_interno,err_internal_500,,False,1
11247,1410513,172754,timeout,err_timeout_408,23,True,1
11248,1410571,172763,timeout,err_gateway_timeout_504,,False,1
11249,1410600,172768,falha_autenticacao,err_auth_401,,False,1
11250,1410678,172781,timeout,err_gateway_timeout_504,,False,1
11251,1410714,172786,erro_interno,err_unexpected,45,True,1
11252,1410800,172797,timeout,err_gateway_timeout_504,86,True,1
11253,1410813,172799,timeout,err_timeout_408,,False,1
11254,1410814,172800,servico_indisponivel,err_service_503,,False,1
11255,1410848,172806,falha_autenticacao,err_credentials_invalid,,False,1
11256,1410963,172825,falha_autenticacao,err_credentials_invalid,,False,1
11257,1410987,172829,falha_autenticacao,err_auth_401,,False,1
11258,1411005,172833,timeout,err_gateway_timeout_504,,False,1
11259,1411006,172834,falha_autenticacao,err_credentials_invalid,,False,1
11260,1411051,172843,falha_autenticacao,err_auth_401,,False,1
11261,1411066,172846,timeout,err_timeout_408,22,True,1
11262,1411092,172849,timeout,err_gateway_timeout_504,38,True,1
11263,1411117,172853,timeout,err_timeout_408,,False,1
11264,1411130,172856,timeout,err_gateway_timeout_504,80,True,1
11265,1411183,172866,timeout,err_timeout_408,31,True,1
11266,1411213,172871,timeout,err_gateway_timeout_504,29,True,1
11267,1411267,172880,timeout,err_gateway_timeout_504,,False,1
11268,1411353,172893,timeout,err_gateway_timeout_504,,False,1
11269,1411378,172897,falha_autenticacao,err_credentials_invalid,89,True,1
11270,1411379,172897,falha_autenticacao,err_credentials_invalid,,False,2
11271,1411398,172900,timeout,err_gateway_timeout_504,58,True,1
11272,1411399,172900,timeout,err_timeout_408,,False,2
11273,1411400,172900,falha_autenticacao,err_auth_401,,False,3
11274,1411401,172901,timeout,err_timeout_408,,False,1
11275,1411419,172903,timeout,err_gateway_timeout_504,509,True,1
11276,1411432,172905,erro_interno,err_internal_500,104,True,1
11277,1411445,172907,timeout,err_gateway_timeout_504,,False,1
11278,1411468,172910,timeout,err_timeout_408,,False,1
11279,1411480,172912,timeout,err_timeout_408,,False,1
11280,1411481,172912,timeout,err_gateway_timeout_504,52,True,2
11281,1411502,172914,timeout,err_timeout_408,56,True,1
11282,1411520,172915,timeout,err_gateway_timeout_504,83,True,1
11283,1411592,172926,timeout,err_timeout_408,26,True,1
11284,1411617,172930,timeout,err_gateway_timeout_504,,False,1
11285,1411618,172931,falha_autenticacao,err_auth_401,,False,1
11286,1411628,172933,erro_interno,err_internal_500,,False,1
11287,1411721,172947,timeout,err_timeout_408,,False,1
11288,1411727,172949,falha_autenticacao,err_credentials_invalid,30,True,1
11289,1411795,172958,timeout,err_timeout_408,40,True,1
11290,1411839,172965,timeout,err_timeout_408,,False,1
11291,1411850,172968,falha_autenticacao,err_auth_401,51,True,1
11292,1411870,172971,timeout,err_gateway_timeout_504,,False,1
11293,1411876,172973,falha_autenticacao,err_auth_401,28,True,1
11294,1411911,172978,erro_interno,err_unexpected,,False,1
11295,1411912,172978,erro_interno,err_unexpected,,False,1
11296,1411914,172978,timeout,err_gateway_timeout_504,89,True,1
11297,1411938,172981,timeout,err_gateway_timeout_504,36,True,1
11298,1411939,172981,timeout,err_gateway_timeout_504,46,True,2
11299,1411977,172988,servico_indisponivel,err_maintenance,57,True,1
11300,1412014,172994,timeout,err_gateway_timeout_504,,False,1
11301,1412020,172996,falha_autenticacao,err_credentials_invalid,,False,1
11302,1412098,173008,falha_autenticacao,err_auth_401,31,True,1
11303,1412352,173045,timeout,err_gateway_timeout_504,37,True,1
11304,1412372,173048,timeout,err_timeout_408,,False,1
11305,1412382,173050,servico_indisponivel,err_maintenance,,False,1
11306,1412464,173062,timeout,err_gateway_timeout_504,21,True,1
11307,1412474,173063,falha_autenticacao,err_credentials_invalid,,False,1
11308,1412492,173067,erro_interno,err_internal_500,101,True,1
11309,1412518,173070,timeout,err_gateway_timeout_504,53,True,1
11310,1412519,173070,timeout,err_gateway_timeout_504,,False,2
11311,1412539,173073,timeout,err_gateway_timeout_504,,False,1
11312,1412576,173079,falha_autenticacao,err_auth_401,,False,1
11313,1412617,173086,timeout,err_timeout_408,,False,1
11314,1412682,173097,timeout,err_gateway_timeout_504,,False,1
11315,1412690,173099,falha_autenticacao,err_credentials_invalid,,False,1
11316,1412705,173102,servico_indisponivel,err_service_503,,False,1
11317,1412706,173102,timeout,err_gateway_timeout_504,,False,2
11318,1412707,173102,timeout,err_timeout_408,,False,3
11319,1412715,173104,falha_autenticacao,err_credentials_invalid,,False,1
11320,1412725,173105,timeout,err_timeout_408,53,True,1
11321,1412803,173118,timeout,err_timeout_408,,False,1
11322,1412804,173118,timeout,err_timeout_408,,False,2
11323,1412817,173121,timeout,err_gateway_timeout_504,,False,1
11324,1412852,173128,timeout,err_timeout_408,,False,1
11325,1412853,173129,servico_indisponivel,err_maintenance,,False,1
11326,1412963,173147,timeout,err_gateway_timeout_504,41,True,1
11327,1412966,173147,erro_interno,err_unexpected,,False,1
11328,1413005,173155,falha_autenticacao,err_auth_401,28,True,1
11329,1413049,173160,timeout,err_gateway_timeout_504,,False,1
11330,1413104,173169,timeout,err_gateway_timeout_504,29,True,1
11331,1413131,173173,timeout,err_timeout_408,,False,1
11332,1413182,173180,timeout,err_gateway_timeout_504,31,True,1
11333,1413310,173198,erro_interno,err_internal_500,31,True,1
11334,1413359,173205,servico_indisponivel,err_service_503,,False,1
11335,1413440,173221,timeout,err_gateway_timeout_504,,False,1
11336,1413485,173227,timeout,err_timeout_408,,False,1
11337,1413524,173233,falha_autenticacao,err_credentials_invalid,64,True,1
11338,1413537,173235,timeout,err_gateway_timeout_504,28,True,1
11339,1413543,173236,falha_autenticacao,err_credentials_invalid,,False,1
11340,1413559,173239,timeout,err_gateway_timeout_504,,False,1
11341,1413560,173240,falha_autenticacao,err_auth_401,,False,1
11342,1413561,173241,timeout,err_timeout_408,,False,1
11343,1413662,173256,timeout,err_gateway_timeout_504,,False,1
11344,1413679,173259,falha_autenticacao,err_credentials_invalid,,False,1
11345,1413685,173261,falha_autenticacao,err_auth_401,,False,1
11346,1413704,173264,timeout,err_timeout_408,67,True,1
11347,1413729,173268,timeout,err_timeout_408,,False,1
11348,1413759,173274,timeout,err_gateway_timeout_504,,False,1
11349,1413878,173295,servico_indisponivel,err_service_503,,False,1
11350,1413901,173300,timeout,err_gateway_timeout_504,,False,1
11351,1413937,173306,timeout,err_timeout_408,,False,1
11352,1414007,173318,servico_indisponivel,err_service_503,63,True,1
11353,1414022,173320,timeout,err_timeout_408,,False,1
11354,1414056,173325,timeout,err_gateway_timeout_504,25,True,1
11355,1414106,173332,timeout,err_timeout_408,,False,1
11356,1414135,173337,erro_interno,err_unexpected,,False,1
11357,1414207,173349,timeout,err_timeout_408,,False,1
11358,1414237,173355,falha_autenticacao,err_credentials_invalid,,False,1
11359,1414255,173359,falha_autenticacao,err_auth_401,32,True,1
11360,1414270,173361,timeout,err_timeout_408,,False,1
11361,1414299,173366,timeout,err_gateway_timeout_504,,False,1
11362,1414312,173369,timeout,err_gateway_timeout_504,29,True,1
11363,1414347,173375,falha_autenticacao,err_auth_401,30,True,1
11364,1414386,173381,erro_interno,err_internal_500,,False,1
11365,1414388,173381,erro_interno,err_internal_500,,False,1
11366,1414400,173383,timeout,err_timeout_408,,False,1
11367,1414411,173386,falha_autenticacao,err_auth_401,,False,1
11368,1414426,173389,timeout,err_timeout_408,,False,1
11369,1414427,173389,falha_autenticacao,err_credentials_invalid,34,True,2
11370,1414472,173395,falha_autenticacao,err_auth_401,,False,1
11371,1414490,173399,falha_autenticacao,err_auth_401,,False,1
11372,1414512,173402,timeout,err_timeout_408,,False,1
11373,1414534,173406,falha_autenticacao,err_credentials_invalid,24,True,1
11374,1414535,173406,falha_autenticacao,err_auth_401,,False,2
11375,1414613,173420,erro_interno,err_unexpected,,False,1
11376,1414720,173435,timeout,err_gateway_timeout_504,,False,1
11377,1414741,173439,falha_autenticacao,err_credentials_invalid,44,True,1
11378,1414742,173439,timeout,err_gateway_timeout_504,,False,2
11379,1414970,173475,falha_autenticacao,err_auth_401,51,True,1
11380,1415045,173487,erro_interno,err_unexpected,100,True,1
11381,1415217,173514,falha_autenticacao,err_credentials_invalid,,False,1
11382,1415245,173519,erro_interno,err_unexpected,18,True,1
11383,1415252,173520,timeout,err_gateway_timeout_504,,False,1
11384,1415276,173524,timeout,err_gateway_timeout_504,,False,1
11385,1415277,173525,falha_autenticacao,err_credentials_invalid,24,True,1
11386,1415318,173531,timeout,err_timeout_408,27,True,1
11387,1415340,173534,falha_autenticacao,err_credentials_invalid,,False,1
11388,1415376,173539,timeout,err_timeout_408,,False,1
11389,1415447,173549,falha_autenticacao,err_credentials_invalid,33,True,1
11390,1415455,173550,timeout,err_timeout_408,,False,1
11391,1415456,173551,falha_autenticacao,err_credentials_invalid,,False,1
11392,1415519,173562,servico_indisponivel,err_maintenance,,False,1
11393,1415546,173567,timeout,err_timeout_408,,False,1
11394,1415601,173576,timeout,err_timeout_408,,False,1
11395,1415615,173578,timeout,err_timeout_408,,False,1
11396,1415741,173598,timeout,err_gateway_timeout_504,,False,1
11397,1415797,173606,falha_autenticacao,err_credentials_invalid,,False,1
11398,1415799,173607,erro_interno,err_unexpected,,False,1
11399,1415839,173612,timeout,err_gateway_timeout_504,,False,1
11400,1415845,173614,timeout,err_timeout_408,,False,1
11401,1415860,173617,falha_autenticacao,err_auth_401,25,True,1
11402,1415931,173627,timeout,err_gateway_timeout_504,82,True,1
11403,1416022,173641,timeout,err_timeout_408,48,True,1
11404,1416064,173648,timeout,err_gateway_timeout_504,,False,1
11405,1416075,173651,falha_autenticacao,err_credentials_invalid,26,True,1
11406,1416095,173653,erro_interno,err_internal_500,,False,1
11407,1416102,173655,falha_autenticacao,err_auth_401,,False,1
11408,1416103,173656,timeout,err_timeout_408,24,True,1
11409,1416104,173656,falha_autenticacao,err_auth_401,44,True,2
11410,1416126,173659,erro_interno,err_internal_500,,False,1
11411,1416144,173661,falha_autenticacao,err_auth_401,,False,1
11412,1416172,173665,timeout,err_timeout_408,40,True,1
11413,1416224,173672,timeout,err_timeout_408,,False,1
11414,1416311,173687,falha_autenticacao,err_credentials_invalid,,False,1
11415,1416312,173688,falha_autenticacao,err_auth_401,,False,1
11416,1416370,173698,falha_autenticacao,err_auth_401,,False,1
11417,1416419,173706,timeout,err_timeout_408,33,True,1
11418,1416441,173709,timeout,err_gateway_timeout_504,24,True,1
11419,1416477,173714,timeout,err_timeout_408,48,True,1
11420,1416528,173722,timeout,err_timeout_408,,False,1
11421,1416629,173739,servico_indisponivel,err_maintenance,32,True,1
11422,1416630,173739,falha_autenticacao,err_auth_401,,False,2
11423,1416692,173748,timeout,err_gateway_timeout_504,24,True,1
11424,1416710,173751,falha_autenticacao,err_auth_401,44,True,1
11425,1416718,173752,falha_autenticacao,err_credentials_invalid,,False,1
11426,1416734,173753,erro_interno,err_unexpected,108,True,1
11427,1416801,173763,timeout,err_gateway_timeout_504,25,True,1
11428,1416867,173772,timeout,err_timeout_408,31,True,1
11429,1416892,173776,timeout,err_gateway_timeout_504,92,True,1
11430,1416914,173779,falha_autenticacao,err_auth_401,73,True,1
11431,1416915,173779,falha_autenticacao,err_credentials_invalid,41,True,2
11432,1416923,173780,timeout,err_timeout_408,,False,1
11433,1416996,173792,timeout,err_timeout_408,,False,1
11434,1417085,173807,falha_autenticacao,err_credentials_invalid,48,True,1
11435,1417100,173809,falha_autenticacao,err_auth_401,,False,1
11436,1417114,173811,erro_interno,err_unexpected,,False,1
11437,1417118,173812,erro_interno,err_internal_500,,False,1
11438,1417135,173814,erro_interno,err_unexpected,,False,1
11439,1417156,173817,timeout,err_gateway_timeout_504,,False,1
11440,1417211,173828,falha_autenticacao,err_auth_401,44,True,1
11441,1417297,173841,timeout,err_gateway_timeout_504,,False,1
11442,1417306,173842,timeout,err_gateway_timeout_504,,False,1
11443,1417319,173843,erro_interno,err_internal_500,61,True,1
11444,1417330,173845,servico_indisponivel,err_maintenance,,False,1
11445,1417345,173848,timeout,err_gateway_timeout_504,,False,1
11446,1417353,173849,falha_autenticacao,err_credentials_invalid,,False,1
11447,1417376,173854,timeout,err_timeout_408,,False,1
11448,1417382,173856,falha_autenticacao,err_credentials_invalid,,False,1
11449,1417455,173867,falha_autenticacao,err_auth_401,,False,1
11450,1417497,173875,timeout,err_gateway_timeout_504,,False,1
11451,1417553,173882,timeout,err_gateway_timeout_504,,False,1
11452,1417556,173883,falha_autenticacao,err_credentials_invalid,,False,1
11453,1417557,173883,servico_indisponivel,err_maintenance,,False,2
11454,1417576,173887,erro_interno,err_internal_500,,False,1
11455,1417668,173900,timeout,err_timeout_408,,False,1
11456,1417669,173900,timeout,err_gateway_timeout_504,,False,2
11457,1417670,173900,timeout,err_timeout_408,,False,3
11458,1417721,173909,falha_autenticacao,err_credentials_invalid,,False,1
11459,1417722,173910,timeout,err_gateway_timeout_504,39,True,1
11460,1417723,173910,timeout,err_timeout_408,,False,2
11461,1417724,173910,timeout,err_timeout_408,,False,3
11462,1417732,173912,timeout,err_timeout_408,49,True,1
11463,1417757,173916,timeout,err_timeout_408,,False,1
11464,1417815,173926,falha_autenticacao,err_auth_401,32,True,1
11465,1417847,173931,timeout,err_gateway_timeout_504,,False,1
11466,1417876,173936,falha_autenticacao,err_auth_401,,False,1
11467,1417898,173940,timeout,err_gateway_timeout_504,,False,1
11468,1417906,173942,timeout,err_gateway_timeout_504,,False,1
11469,1417928,173946,timeout,err_gateway_timeout_504,35,True,1
11470,1417939,173948,timeout,err_gateway_timeout_504,,False,1
11471,1417947,173950,timeout,err_timeout_408,70,True,1
11472,1417958,173952,timeout,err_timeout_408,,False,1
11473,1417968,173954,falha_autenticacao,err_credentials_invalid,,False,1
11474,1418029,173964,falha_autenticacao,err_credentials_invalid,,False,1
11475,1418086,173975,erro_interno,err_unexpected,,False,1
11476,1418156,173987,timeout,err_gateway_timeout_504,,False,1
11477,1418180,173991,erro_interno,err_internal_500,53,True,1
11478,1418492,174040,timeout,err_timeout_408,,False,1
11479,1418495,174041,timeout,err_gateway_timeout_504,79,True,1
11480,1418510,174043,erro_interno,err_internal_500,,False,1
11481,1418560,174051,timeout,err_timeout_408,,False,1
11482,1418631,174064,timeout,err_gateway_timeout_504,,False,1
11483,1418642,174067,timeout,err_gateway_timeout_504,,False,1
11484,1418669,174072,servico_indisponivel,err_maintenance,,False,1
11485,1418689,174076,timeout,err_timeout_408,,False,1
11486,1418836,174099,timeout,err_gateway_timeout_504,,False,1
11487,1418872,174105,timeout,err_gateway_timeout_504,39,True,1
11488,1418873,174105,timeout,err_gateway_timeout_504,37,True,2
11489,1418890,174107,servico_indisponivel,err_service_503,,False,1
11490,1418994,174123,conexao_interrompida,err_connection_lost,,False,1
11491,1418995,174123,timeout,err_timeout_408,,False,2
11492,1418997,174123,timeout,err_gateway_timeout_504,1183,True,1
11493,1419001,174124,timeout,err_gateway_timeout_504,,False,1
11494,1419007,174125,timeout,err_gateway_timeout_504,32,True,1
11495,1419008,174125,falha_autenticacao,err_auth_401,30,True,2
11496,1419078,174134,erro_interno,err_unexpected,,False,1
11497,1419109,174140,falha_autenticacao,err_credentials_invalid,,False,1
11498,1419128,174143,timeout,err_gateway_timeout_504,59,True,1
11499,1419173,174149,timeout,err_gateway_timeout_504,174,True,1
11500,1419194,174153,timeout,err_gateway_timeout_504,,False,1
11501,1419220,174159,timeout,err_timeout_408,,False,1
11502,1419223,174160,timeout,err_gateway_timeout_504,85,True,1
11503,1419258,174166,timeout,err_timeout_408,,False,1
11504,1419259,174166,timeout,err_gateway_timeout_504,43,True,2
11505,1419264,174166,erro_interno,err_unexpected,48,True,1
11506,1419268,174167,timeout,err_timeout_408,,False,1
11507,1419269,174167,timeout,err_timeout_408,,False,2
11508,1419290,174171,falha_autenticacao,err_credentials_invalid,25,True,1
11509,1419350,174182,timeout,err_timeout_408,,False,1
11510,1419438,174196,timeout,err_gateway_timeout_504,,False,1
11511,1419459,174200,falha_autenticacao,err_auth_401,27,True,1
11512,1419474,174202,timeout,err_timeout_408,,False,1
11513,1419528,174210,erro_interno,err_internal_500,42,True,1
11514,1419540,174212,timeout,err_gateway_timeout_504,,False,1
11515,1419584,174219,timeout,err_gateway_timeout_504,35,True,1
11516,1419585,174219,falha_autenticacao,err_auth_401,51,True,2
11517,1419586,174219,falha_autenticacao,err_credentials_invalid,,False,3
11518,1419594,174221,falha_autenticacao,err_credentials_invalid,47,True,1
11519,1419595,174221,timeout,err_gateway_timeout_504,41,True,2
11520,1419603,174222,timeout,err_timeout_408,,False,1
11521,1419642,174229,timeout,err_timeout_408,,False,1
11522,1419643,174230,falha_autenticacao,err_auth_401,29,True,1
11523,1419651,174231,timeout,err_timeout_408,330,True,1
11524,1419683,174236,timeout,err_timeout_408,51,True,1
11525,1419752,174246,timeout,err_timeout_408,,False,1
11526,1419838,174260,timeout,err_gateway_timeout_504,27,True,1
11527,1419844,174261,falha_autenticacao,err_credentials_invalid,,False,1
11528,1419873,174266,timeout,err_gateway_timeout_504,21,True,1
11529,1419879,174267,falha_autenticacao,err_auth_401,,False,1
11530,1419955,174279,falha_autenticacao,err_credentials_invalid,55,True,1
11531,1420005,174286,timeout,err_gateway_timeout_504,31,True,1
11532,1420016,174287,erro_interno,err_internal_500,,False,1
11533,1420054,174293,erro_interno,err_internal_500,,False,1
11534,1420060,174294,timeout,err_gateway_timeout_504,485,True,1
11535,1420092,174299,timeout,err_timeout_408,,False,1
11536,1420131,174305,timeout,err_timeout_408,,False,1
11537,1420166,174312,timeout,err_timeout_408,,False,1
11538,1420190,174316,timeout,err_gateway_timeout_504,,False,1
11539,1420222,174322,timeout,err_gateway_timeout_504,,False,1
11540,1420232,174324,erro_interno,err_internal_500,,False,1
11541,1420252,174328,falha_autenticacao,err_auth_401,28,True,1
11542,1420364,174345,timeout,err_gateway_timeout_504,,False,1
11543,1420421,174356,falha_autenticacao,err_auth_401,,False,1
11544,1420491,174366,timeout,err_timeout_408,14,True,1
11545,1420572,174378,timeout,err_timeout_408,,False,1
11546,1420596,174381,servico_indisponivel,err_maintenance,,False,1
11547,1420658,174390,erro_interno,err_unexpected,,False,1
11548,1420673,174393,servico_indisponivel,err_service_503,,False,1
11549,1420688,174396,timeout,err_timeout_408,45,True,1
11550,1420691,174396,conexao_interrompida,err_connection_lost,659,True,1
11551,1420784,174410,erro_interno,err_unexpected,,False,1
11552,1420814,174416,timeout,err_gateway_timeout_504,,False,1
11553,1420934,174436,timeout,err_timeout_408,28,True,1
11554,1420952,174439,conexao_interrompida,err_network_unreachable,,False,1
11555,1420968,174443,falha_autenticacao,err_credentials_invalid,,False,1
11556,1420969,174443,falha_autenticacao,err_auth_401,,False,2
11557,1420989,174447,falha_autenticacao,err_auth_401,,False,1
11558,1420995,174449,falha_autenticacao,err_auth_401,55,True,1
11559,1421035,174454,falha_autenticacao,err_credentials_invalid,,False,1
11560,1421067,174460,timeout,err_timeout_408,,False,1
11561,1421100,174465,erro_interno,err_internal_500,67,True,1
11562,1421134,174470,servico_indisponivel,err_maintenance,40,True,1
11563,1421149,174472,falha_autenticacao,err_credentials_invalid,39,True,1
11564,1421164,174474,servico_indisponivel,err_maintenance,,False,1
11565,1421184,174478,falha_autenticacao,err_auth_401,,False,1
11566,1421264,174492,falha_autenticacao,err_credentials_invalid,,False,1
11567,1421311,174501,timeout,err_gateway_timeout_504,,False,1
11568,1421407,174515,falha_autenticacao,err_auth_401,,False,1
11569,1421408,174515,timeout,err_timeout_408,39,True,2
11570,1421423,174517,timeout,err_timeout_408,,False,1
11571,1421440,174520,timeout,err_gateway_timeout_504,,False,1
11572,1421504,174532,servico_indisponivel,err_maintenance,,False,1
11573,1421618,174549,timeout,err_timeout_408,,False,1
11574,1421619,174550,timeout,err_timeout_408,,False,1
11575,1421627,174552,falha_autenticacao,err_credentials_invalid,38,True,1
11576,1421716,174566,falha_autenticacao,err_credentials_invalid,55,True,1
11577,1421727,174568,timeout,err_timeout_408,,False,1
11578,1421728,174568,falha_autenticacao,err_credentials_invalid,,False,2
11579,1421743,174570,falha_autenticacao,err_credentials_invalid,,False,1
11580,1421744,174571,timeout,err_gateway_timeout_504,,False,1
11581,1421799,174580,timeout,err_gateway_timeout_504,82,True,1
11582,1421868,174592,timeout,err_timeout_408,22,True,1
11583,1421912,174599,timeout,err_gateway_timeout_504,,False,1
11584,1422090,174627,timeout,err_timeout_408,,False,1
11585,1422106,174629,falha_autenticacao,err_auth_401,79,True,1
11586,1422151,174637,falha_autenticacao,err_auth_401,52,True,1
11587,1422152,174637,timeout,err_timeout_408,,False,2
11588,1422158,174639,falha_autenticacao,err_auth_401,38,True,1
11589,1422183,174643,falha_autenticacao,err_credentials_invalid,52,True,1
11590,1422184,174643,falha_autenticacao,err_auth_401,,False,2
11591,1422204,174647,falha_autenticacao,err_auth_401,33,True,1
11592,1422238,174652,falha_autenticacao,err_credentials_invalid,22,True,1
11593,1422249,174654,timeout,err_gateway_timeout_504,,False,1
11594,1422261,174656,erro_interno,err_unexpected,,False,1
11595,1422308,174663,conexao_interrompida,err_connection_lost,,False,1
11596,1422321,174665,conexao_interrompida,err_connection_lost,,False,1
11597,1422444,174685,timeout,err_timeout_408,,False,1
11598,1422538,174701,timeout,err_gateway_timeout_504,,False,1
11599,1422587,174710,timeout,err_timeout_408,,False,1
11600,1422588,174710,timeout,err_timeout_408,60,True,2
11601,1422594,174711,timeout,err_gateway_timeout_504,,False,1
11602,1422628,174717,timeout,err_timeout_408,26,True,1
11603,1422681,174725,falha_autenticacao,err_auth_401,24,True,1
11604,1422730,174733,timeout,err_gateway_timeout_504,,False,1
11605,1422806,174745,timeout,err_gateway_timeout_504,,False,1
11606,1422830,174749,falha_autenticacao,err_auth_401,,False,1
11607,1422989,174776,falha_autenticacao,err_credentials_invalid,,False,1
11608,1423086,174791,falha_autenticacao,err_credentials_invalid,,False,1
11609,1423087,174792,timeout,err_gateway_timeout_504,,False,1
11610,1423098,174795,timeout,err_gateway_timeout_504,,False,1
11611,1423121,174799,falha_autenticacao,err_credentials_invalid,,False,1
11612,1423176,174808,falha_autenticacao,err_credentials_invalid,,False,1
11613,1423192,174812,timeout,err_timeout_408,,False,1
11614,1423224,174818,falha_autenticacao,err_auth_401,,False,1
11615,1423225,174818,falha_autenticacao,err_auth_401,,False,2
11616,1423249,174822,falha_autenticacao,err_auth_401,,False,1
11617,1423360,174839,timeout,err_timeout_408,34,True,1
11618,1423414,174848,timeout,err_timeout_408,,False,1
11619,1423424,174850,timeout,err_gateway_timeout_504,,False,1
11620,1423568,174874,servico_indisponivel,err_service_503,,False,1
11621,1423588,174877,timeout,err_timeout_408,,False,1
11622,1423641,174885,falha_autenticacao,err_credentials_invalid,35,True,1
11623,1423661,174888,timeout,err_gateway_timeout_504,38,True,1
11624,1423678,174890,servico_indisponivel,err_service_503,67,True,1
11625,1423692,174893,timeout,err_timeout_408,44,True,1
11626,1423713,174897,timeout,err_gateway_timeout_504,,False,1
11627,1423723,174899,timeout,err_gateway_timeout_504,,False,1
11628,1423747,174903,timeout,err_gateway_timeout_504,42,True,1
11629,1423748,174903,falha_autenticacao,err_credentials_invalid,48,True,2
11630,1423749,174903,falha_autenticacao,err_credentials_invalid,,False,3
11631,1423793,174911,timeout,err_gateway_timeout_504,,False,1
11632,1423896,174930,timeout,err_gateway_timeout_504,,False,1
11633,1423965,174940,falha_autenticacao,err_credentials_invalid,,False,1
11634,1424002,174947,timeout,err_timeout_408,,False,1
11635,1424047,174956,timeout,err_timeout_408,,False,1
11636,1424083,174963,erro_interno,err_unexpected,,False,1
11637,1424088,174964,timeout,err_timeout_408,38,True,1
11638,1424089,174964,timeout,err_timeout_408,,False,2
11639,1424109,174968,servico_indisponivel,err_service_503,,False,1
11640,1424153,174976,falha_autenticacao,err_credentials_invalid,,False,1
11641,1424204,174982,timeout,err_gateway_timeout_504,,False,1
11642,1424210,174984,timeout,err_gateway_timeout_504,,False,1
11643,1424232,174988,erro_interno,err_unexpected,,False,1
11644,1424260,174994,timeout,err_timeout_408,66,True,1
11645,1424261,174994,timeout,err_gateway_timeout_504,,False,2
11646,1424262,174994,falha_autenticacao,err_credentials_invalid,,False,3
11647,1424277,174997,timeout,err_timeout_408,,False,1
11648,1424317,175003,falha_autenticacao,err_credentials_invalid,26,True,1
11649,1424318,175003,timeout,err_gateway_timeout_504,35,True,2
11650,1424346,175006,timeout,err_gateway_timeout_504,711,True,1
11651,1424479,175026,conexao_interrompida,err_connection_lost,114,True,1
11652,1424483,175027,timeout,err_gateway_timeout_504,,False,1
11653,1424522,175034,servico_indisponivel,err_service_503,,False,1
11654,1424574,175042,timeout,err_gateway_timeout_504,55,True,1
11655,1424585,175044,erro_interno,err_internal_500,,False,1
11656,1424700,175064,timeout,err_gateway_timeout_504,,False,1
11657,1424740,175070,timeout,err_timeout_408,30,True,1
11658,1424746,175071,timeout,err_gateway_timeout_504,39,True,1
11659,1424747,175071,timeout,err_gateway_timeout_504,,False,2
11660,1424758,175074,timeout,err_gateway_timeout_504,,False,1
11661,1424852,175088,timeout,err_timeout_408,,False,1
11662,1424884,175094,timeout,err_gateway_timeout_504,,False,1
11663,1424919,175100,erro_interno,err_unexpected,,False,1
11664,1424986,175111,timeout,err_gateway_timeout_504,,False,1
11665,1425016,175117,timeout,err_gateway_timeout_504,25,True,1
11666,1425042,175120,falha_autenticacao,err_auth_401,,False,1
11667,1425070,175124,erro_interno,err_internal_500,,False,1
11668,1425083,175126,timeout,err_gateway_timeout_504,41,True,1
11669,1425126,175132,timeout,err_gateway_timeout_504,,False,1
11670,1425155,175137,timeout,err_timeout_408,19,True,1
11671,1425188,175143,timeout,err_gateway_timeout_504,,False,1
11672,1425311,175163,timeout,err_timeout_408,29,True,1
11673,1425317,175164,servico_indisponivel,err_service_503,,False,1
11674,1425362,175171,timeout,err_gateway_timeout_504,,False,1
11675,1425368,175173,falha_autenticacao,err_auth_401,,False,1
11676,1425420,175181,timeout,err_gateway_timeout_504,,False,1
11677,1425486,175190,conexao_interrompida,err_network_unreachable,,False,1
11678,1425534,175197,timeout,err_gateway_timeout_504,149,True,1
11679,1425571,175203,servico_indisponivel,err_maintenance,,False,1
11680,1425619,175211,timeout,err_timeout_408,,False,1
11681,1425639,175215,falha_autenticacao,err_credentials_invalid,45,True,1
11682,1425640,175215,falha_autenticacao,err_credentials_invalid,50,True,2
11683,1425641,175215,falha_autenticacao,err_credentials_invalid,,False,3
11684,1425647,175217,timeout,err_gateway_timeout_504,,False,1
11685,1425692,175226,timeout,err_gateway_timeout_504,,False,1
11686,1425724,175232,timeout,err_timeout_408,53,True,1
11687,1425749,175234,timeout,err_timeout_408,137,True,1
11688,1425770,175238,timeout,err_timeout_408,,False,1
11689,1425795,175243,falha_autenticacao,err_auth_401,,False,1
11690,1425824,175248,timeout,err_gateway_timeout_504,,False,1
11691,1425918,175260,falha_autenticacao,err_auth_401,,False,1
11692,1425950,175266,falha_autenticacao,err_auth_401,50,True,1
11693,1425951,175266,timeout,err_gateway_timeout_504,43,True,2
11694,1425981,175271,timeout,err_gateway_timeout_504,42,True,1
11695,1425982,175271,timeout,err_timeout_408,,False,2
11696,1426006,175275,timeout,err_gateway_timeout_504,144,True,1
11697,1426014,175276,erro_interno,err_internal_500,,False,1
11698,1426047,175281,timeout,err_timeout_408,,False,1
11699,1426051,175282,falha_autenticacao,err_credentials_invalid,,False,1
11700,1426055,175283,erro_interno,err_internal_500,,False,1
11701,1426097,175290,timeout,err_timeout_408,,False,1
11702,1426209,175307,timeout,err_timeout_408,,False,1
11703,1426410,175338,falha_autenticacao,err_auth_401,,False,1
11704,1426423,175341,timeout,err_gateway_timeout_504,41,True,1
11705,1426497,175351,erro_interno,err_internal_500,35,True,1
11706,1426597,175367,erro_interno,err_unexpected,101,True,1
11707,1426624,175371,timeout,err_timeout_408,,False,1
11708,1426625,175372,timeout,err_gateway_timeout_504,,False,1
11709,1426673,175380,falha_autenticacao,err_auth_401,39,True,1
11710,1426690,175382,erro_interno,err_unexpected,,False,1
11711,1426702,175384,falha_autenticacao,err_auth_401,30,True,1
11712,1426703,175384,falha_autenticacao,err_auth_401,77,True,2
11713,1426710,175384,timeout,err_timeout_408,,False,1
11714,1426754,175389,falha_autenticacao,err_auth_401,,False,1
11715,1426799,175398,falha_autenticacao,err_auth_401,27,True,1
11716,1426864,175408,timeout,err_gateway_timeout_504,,False,1
11717,1426877,175410,timeout,err_timeout_408,42,True,1
11718,1426878,175410,timeout,err_gateway_timeout_504,,False,2
11719,1426931,175419,falha_autenticacao,err_credentials_invalid,,False,1
11720,1426939,175421,timeout,err_timeout_408,,False,1
11721,1427017,175432,timeout,err_gateway_timeout_504,,False,1
11722,1427023,175434,falha_autenticacao,err_credentials_invalid,35,True,1
11723,1427024,175434,timeout,err_gateway_timeout_504,26,True,2
11724,1427155,175456,falha_autenticacao,err_auth_401,,False,1
11725,1427218,175466,falha_autenticacao,err_credentials_invalid,,False,1
11726,1427269,175475,falha_autenticacao,err_credentials_invalid,,False,1
11727,1427303,175481,falha_autenticacao,err_credentials_invalid,,False,1
11728,1427304,175482,falha_autenticacao,err_auth_401,,False,1
11729,1427320,175486,falha_autenticacao,err_auth_401,28,True,1
11730,1427422,175502,erro_interno,err_unexpected,,False,1
11731,1427446,175505,falha_autenticacao,err_credentials_invalid,30,True,1
11732,1427449,175505,erro_interno,err_unexpected,,False,1
11733,1427463,175508,servico_indisponivel,err_maintenance,,False,1
11734,1427499,175513,timeout,err_gateway_timeout_504,,False,1
11735,1427500,175514,timeout,err_gateway_timeout_504,,False,1
11736,1427508,175516,timeout,err_timeout_408,43,True,1
11737,1427528,175519,falha_autenticacao,err_credentials_invalid,54,True,1
11738,1427636,175534,falha_autenticacao,err_auth_401,,False,1
11739,1427637,175535,falha_autenticacao,err_auth_401,48,True,1
11740,1427658,175539,timeout,err_timeout_408,24,True,1
11741,1427676,175542,timeout,err_gateway_timeout_504,,False,1
11742,1427694,175546,timeout,err_gateway_timeout_504,52,True,1
11743,1427707,175548,timeout,err_gateway_timeout_504,,False,1
11744,1427716,175550,erro_interno,err_unexpected,,False,1
11745,1427862,175572,erro_interno,err_internal_500,86,True,1
11746,1427911,175580,timeout,err_gateway_timeout_504,77,True,1
11747,1427922,175582,timeout,err_gateway_timeout_504,,False,1
11748,1427930,175584,timeout,err_timeout_408,39,True,1
11749,1427935,175584,erro_interno,err_unexpected,,False,1
11750,1427957,175588,erro_interno,err_internal_500,,False,1
11751,1427969,175590,timeout,err_timeout_408,,False,1
11752,1428015,175598,timeout,err_timeout_408,106,True,1
11753,1428033,175601,servico_indisponivel,err_maintenance,,False,1
11754,1428060,175606,falha_autenticacao,err_credentials_invalid,,False,1
11755,1428300,175641,erro_interno,err_unexpected,31,True,1
11756,1428373,175652,timeout,err_timeout_408,31,True,1
11757,1428418,175660,timeout,err_gateway_timeout_504,27,True,1
11758,1428459,175666,timeout,err_timeout_408,105,True,1
11759,1428460,175666,timeout,err_gateway_timeout_504,97,True,2
11760,1428464,175667,timeout,err_gateway_timeout_504,,False,1
11761,1428524,175677,falha_autenticacao,err_auth_401,35,True,1
11762,1428602,175688,servico_indisponivel,err_service_503,80,True,1
11763,1428606,175689,falha_autenticacao,err_auth_401,,False,1
11764,1428607,175690,servico_indisponivel,err_service_503,,False,1
11765,1428628,175695,falha_autenticacao,err_auth_401,,False,1
11766,1428724,175710,timeout,err_gateway_timeout_504,,False,1
11767,1428764,175718,servico_indisponivel,err_maintenance,,False,1
11768,1428799,175725,timeout,err_timeout_408,,False,1
11769,1428831,175730,timeout,err_gateway_timeout_504,,False,1
11770,1428832,175730,timeout,err_timeout_408,,False,2
11771,1428924,175746,timeout,err_timeout_408,25,True,1
11772,1428956,175749,servico_indisponivel,err_maintenance,,False,1
11773,1428986,175755,timeout,err_gateway_timeout_504,,False,1
11774,1429001,175758,timeout,err_gateway_timeout_504,,False,1
11775,1429041,175766,timeout,err_gateway_timeout_504,,False,1
11776,1429068,175771,timeout,err_gateway_timeout_504,,False,1
11777,1429069,175772,timeout,err_gateway_timeout_504,,False,1
11778,1429088,175774,timeout,err_timeout_408,61,True,1
11779,1429089,175774,falha_autenticacao,err_credentials_invalid,,False,2
11780,1429114,175779,timeout,err_timeout_408,,False,1
11781,1429131,175782,timeout,err_gateway_timeout_504,,False,1
11782,1429179,175790,falha_autenticacao,err_credentials_invalid,36,True,1
11783,1429185,175791,falha_autenticacao,err_auth_401,33,True,1
11784,1429281,175806,timeout,err_timeout_408,,False,1
11785,1429282,175807,servico_indisponivel,err_service_503,32,True,1
11786,1429341,175815,falha_autenticacao,err_credentials_invalid,,False,1
11787,1429382,175822,servico_indisponivel,err_maintenance,,False,1
11788,1429385,175823,erro_interno,err_internal_500,177,True,1
11789,1429498,175841,falha_autenticacao,err_credentials_invalid,32,True,1
11790,1429527,175845,timeout,err_timeout_408,,False,1
11791,1429560,175850,timeout,err_timeout_408,41,True,1
11792,1429585,175854,timeout,err_gateway_timeout_504,52,True,1
11793,1429586,175854,falha_autenticacao,err_auth_401,63,True,2
11794,1429602,175857,falha_autenticacao,err_auth_401,,False,1
11795,1429718,175877,falha_autenticacao,err_auth_401,,False,1
11796,1429758,175882,timeout,err_timeout_408,,False,1
11797,1429788,175888,timeout,err_gateway_timeout_504,,False,1
11798,1429802,175890,erro_interno,err_unexpected,12,True,1
11799,1429838,175896,timeout,err_gateway_timeout_504,,False,1
11800,1429849,175899,falha_autenticacao,err_credentials_invalid,28,True,1
11801,1429850,175899,falha_autenticacao,err_auth_401,39,True,2
11802,1429875,175903,erro_interno,err_internal_500,86,True,1
11803,1429879,175904,falha_autenticacao,err_auth_401,,False,1
11804,1429919,175912,timeout,err_gateway_timeout_504,65,True,1
11805,1429953,175917,timeout,err_gateway_timeout_504,,False,1
11806,1430075,175936,erro_interno,err_unexpected,,False,1
11807,1430097,175940,timeout,err_timeout_408,36,True,1
11808,1430120,175944,timeout,err_timeout_408,45,True,1
11809,1430126,175945,falha_autenticacao,err_auth_401,37,True,1
11810,1430153,175949,falha_autenticacao,err_auth_401,61,True,1
11811,1430154,175949,falha_autenticacao,err_auth_401,,False,2
11812,1430167,175952,timeout,err_gateway_timeout_504,,False,1
11813,1430173,175954,timeout,err_timeout_408,,False,1
11814,1430224,175963,timeout,err_timeout_408,,False,1
11815,1430244,175966,timeout,err_gateway_timeout_504,,False,1
11816,1430245,175966,servico_indisponivel,err_service_503,,False,2
11817,1430246,175966,timeout,err_timeout_408,,False,3
11818,1430329,175979,timeout,err_gateway_timeout_504,,False,1
11819,1430383,175986,falha_autenticacao,err_credentials_invalid,43,True,1
11820,1430425,175993,falha_autenticacao,err_credentials_invalid,26,True,1
11821,1430436,175995,falha_autenticacao,err_credentials_invalid,24,True,1
11822,1430463,175999,timeout,err_timeout_408,,False,1
11823,1430487,176002,timeout,err_gateway_timeout_504,,False,1
11824,1430701,176036,falha_autenticacao,err_auth_401,17,True,1
11825,1430707,176037,timeout,err_gateway_timeout_504,,False,1
11826,1430739,176043,falha_autenticacao,err_credentials_invalid,,False,1
11827,1430751,176045,erro_interno,err_internal_500,,False,1
11828,1430823,176055,timeout,err_timeout_408,50,True,1
11829,1430845,176058,falha_autenticacao,err_credentials_invalid,,False,1
11830,1430846,176059,timeout,err_timeout_408,28,True,1
11831,1430847,176059,falha_autenticacao,err_credentials_invalid,,False,2
11832,1430871,176063,timeout,err_gateway_timeout_504,,False,1
11833,1430896,176068,timeout,err_gateway_timeout_504,101,True,1
11834,1430920,176073,falha_autenticacao,err_auth_401,37,True,1
11835,1430931,176075,timeout,err_timeout_408,,False,1
11836,1430932,176076,timeout,err_gateway_timeout_504,,False,1
11837,1430995,176086,timeout,err_timeout_408,43,True,1
11838,1431015,176089,timeout,err_gateway_timeout_504,28,True,1
11839,1431026,176091,timeout,err_gateway_timeout_504,,False,1
11840,1431057,176096,falha_autenticacao,err_credentials_invalid,53,True,1
11841,1431166,176112,falha_autenticacao,err_auth_401,,False,1
11842,1431207,176118,erro_interno,err_internal_500,,False,1
11843,1431267,176129,timeout,err_timeout_408,,False,1
11844,1431278,176132,timeout,err_timeout_408,,False,1
11845,1431284,176133,falha_autenticacao,err_auth_401,,False,1
11846,1431540,176175,timeout,err_timeout_408,66,True,1
11847,1431543,176175,erro_interno,err_unexpected,,False,1
11848,1431544,176176,timeout,err_gateway_timeout_504,,False,1
11849,1431595,176185,timeout,err_gateway_timeout_504,,False,1
11850,1431675,176199,falha_autenticacao,err_auth_401,32,True,1
11851,1431699,176202,timeout,err_gateway_timeout_504,,False,1
11852,1431738,176209,timeout,err_gateway_timeout_504,,False,1
11853,1431760,176213,timeout,err_timeout_408,,False,1
11854,1431822,176223,falha_autenticacao,err_credentials_invalid,27,True,1
11855,1431823,176223,falha_autenticacao,err_credentials_invalid,39,True,2
11856,1431872,176231,falha_autenticacao,err_auth_401,,False,1
11857,1431959,176244,falha_autenticacao,err_credentials_invalid,,False,1
11858,1431996,176249,timeout,err_gateway_timeout_504,,False,1
11859,1432097,176263,timeout,err_gateway_timeout_504,,False,1
11860,1432138,176270,falha_autenticacao,err_credentials_invalid,,False,1
11861,1432144,176271,timeout,err_gateway_timeout_504,,False,1
11862,1432154,176273,falha_autenticacao,err_credentials_invalid,26,True,1
11863,1432160,176273,erro_interno,err_internal_500,,False,1
11864,1432179,176277,timeout,err_timeout_408,20,True,1
11865,1432209,176280,timeout,err_timeout_408,22,True,1
11866,1432259,176287,servico_indisponivel,err_service_503,,False,1
11867,1432272,176290,timeout,err_timeout_408,36,True,1
11868,1432277,176290,servico_indisponivel,err_service_503,,False,1
11869,1432315,176296,timeout,err_gateway_timeout_504,,False,1
11870,1432343,176302,timeout,err_gateway_timeout_504,,False,1
11871,1432344,176303,timeout,err_gateway_timeout_504,67,True,1
11872,1432432,176318,conexao_interrompida,err_network_unreachable,198,True,1
11873,1432438,176319,timeout,err_timeout_408,20,True,1
11874,1432524,176332,timeout,err_timeout_408,,False,1
11875,1432638,176348,falha_autenticacao,err_auth_401,38,True,1
11876,1432666,176353,timeout,err_timeout_408,23,True,1
11877,1432667,176353,falha_autenticacao,err_auth_401,23,True,2
11878,1432668,176353,timeout,err_timeout_408,,False,3
11879,1432685,176356,timeout,err_gateway_timeout_504,,False,1
11880,1432713,176362,falha_autenticacao,err_auth_401,,False,1
11881,1432740,176365,erro_interno,err_internal_500,,False,1
11882,1432848,176383,timeout,err_timeout_408,205,True,1
11883,1432873,176387,timeout,err_timeout_408,30,True,1
11884,1432891,176390,falha_autenticacao,err_credentials_invalid,,False,1
11885,1432947,176398,falha_autenticacao,err_auth_401,,False,1
11886,1433072,176417,timeout,err_timeout_408,,False,1
11887,1433150,176431,timeout,err_timeout_408,,False,1
11888,1433160,176433,servico_indisponivel,err_service_503,38,True,1
11889,1433207,176441,timeout,err_timeout_408,,False,1
11890,1433233,176446,falha_autenticacao,err_credentials_invalid,79,True,1
11891,1433263,176451,servico_indisponivel,err_service_503,,False,1
11892,1433264,176451,timeout,err_timeout_408,,False,2
11893,1433448,176477,falha_autenticacao,err_credentials_invalid,31,True,1
11894,1433518,176488,timeout,err_timeout_408,,False,1
11895,1433559,176495,timeout,err_timeout_408,34,True,1
11896,1433569,176496,timeout,err_gateway_timeout_504,140,True,1
11897,1433575,176497,timeout,err_timeout_408,,False,1
11898,1433586,176500,falha_autenticacao,err_auth_401,43,True,1
11899,1433587,176500,timeout,err_gateway_timeout_504,,False,2
11900,1433590,176500,erro_interno,err_internal_500,,False,1
11901,1433648,176510,timeout,err_gateway_timeout_504,24,True,1
11902,1433670,176513,servico_indisponivel,err_service_503,,False,1
11903,1433707,176520,timeout,err_gateway_timeout_504,,False,1
11904,1433708,176521,servico_indisponivel,err_maintenance,,False,1
11905,1433777,176532,timeout,err_timeout_408,,False,1
11906,1433831,176541,erro_interno,err_unexpected,,False,1
11907,1433859,176546,timeout,err_timeout_408,,False,1
11908,1433860,176547,timeout,err_gateway_timeout_504,,False,1
11909,1433876,176551,falha_autenticacao,err_auth_401,,False,1
11910,1433879,176552,timeout,err_gateway_timeout_504,,False,1
11911,1433914,176558,timeout,err_gateway_timeout_504,26,True,1
11912,1433919,176558,erro_interno,err_internal_500,,False,1
11913,1433937,176561,timeout,err_gateway_timeout_504,27,True,1
11914,1433938,176561,falha_autenticacao,err_credentials_invalid,,False,2
11915,1434026,176575,timeout,err_timeout_408,37,True,1
11916,1434027,176575,falha_autenticacao,err_auth_401,43,True,2
11917,1434076,176583,timeout,err_gateway_timeout_504,,False,1
11918,1434096,176586,timeout,err_gateway_timeout_504,,False,1
11919,1434186,176598,servico_indisponivel,err_service_503,,False,1
11920,1434251,176607,erro_interno,err_unexpected,165,True,1
11921,1434267,176610,timeout,err_timeout_408,56,True,1
11922,1434270,176610,erro_interno,err_internal_500,,False,1
11923,1434296,176614,timeout,err_gateway_timeout_504,,False,1
11924,1434329,176621,timeout,err_gateway_timeout_504,20,True,1
11925,1434495,176646,falha_autenticacao,err_credentials_invalid,66,True,1
11926,1434496,176646,falha_autenticacao,err_auth_401,,False,2
11927,1434617,176667,falha_autenticacao,err_credentials_invalid,34,True,1
11928,1434670,176675,falha_autenticacao,err_auth_401,,False,1
11929,1434693,176678,servico_indisponivel,err_maintenance,100,True,1
11930,1434699,176679,timeout,err_gateway_timeout_504,72,True,1
11931,1434705,176680,timeout,err_gateway_timeout_504,,False,1
11932,1434712,176681,timeout,err_gateway_timeout_504,92,True,1
11933,1434724,176682,falha_autenticacao,err_auth_401,,False,1
11934,1434727,176683,servico_indisponivel,err_maintenance,,False,1
11935,1434733,176684,erro_interno,err_internal_500,,False,1
11936,1434773,176692,falha_autenticacao,err_credentials_invalid,36,True,1
11937,1434774,176692,timeout,err_timeout_408,19,True,2
11938,1434792,176693,timeout,err_timeout_408,,False,1
11939,1434847,176701,erro_interno,err_unexpected,,False,1
11940,1434953,176718,timeout,err_timeout_408,59,True,1
11941,1434999,176723,timeout,err_gateway_timeout_504,104,True,1
11942,1435039,176729,erro_interno,err_internal_500,,False,1
11943,1435066,176733,timeout,err_gateway_timeout_504,,False,1
11944,1435074,176735,servico_indisponivel,err_maintenance,,False,1
11945,1435097,176739,falha_autenticacao,err_credentials_invalid,29,True,1
11946,1435117,176742,timeout,err_gateway_timeout_504,,False,1
11947,1435118,176743,timeout,err_gateway_timeout_504,,False,1
11948,1435189,176753,timeout,err_timeout_408,,False,1
11949,1435317,176772,timeout,err_gateway_timeout_504,,False,1
11950,1435391,176784,timeout,err_timeout_408,,False,1
11951,1435419,176790,timeout,err_gateway_timeout_504,,False,1
11952,1435487,176802,falha_autenticacao,err_credentials_invalid,41,True,1
11953,1435540,176812,falha_autenticacao,err_credentials_invalid,60,True,1
11954,1435541,176812,timeout,err_gateway_timeout_504,,False,2
11955,1435598,176821,timeout,err_timeout_408,,False,1
11956,1435632,176827,timeout,err_gateway_timeout_504,,False,1
11957,1435645,176830,timeout,err_gateway_timeout_504,,False,1
11958,1435694,176839,timeout,err_gateway_timeout_504,,False,1
11959,1435702,176841,falha_autenticacao,err_credentials_invalid,,False,1
11960,1435703,176842,timeout,err_gateway_timeout_504,,False,1
11961,1435704,176843,falha_autenticacao,err_credentials_invalid,,False,1
11962,1435712,176845,timeout,err_gateway_timeout_504,,False,1
11963,1435716,176845,erro_interno,err_internal_500,,False,1
11964,1435747,176850,erro_interno,err_internal_500,23,True,1
11965,1435755,176850,erro_interno,err_unexpected,,False,1
11966,1435805,176858,timeout,err_gateway_timeout_504,,False,1
11967,1435827,176862,timeout,err_gateway_timeout_504,,False,1
11968,1435869,176870,falha_autenticacao,err_credentials_invalid,,False,1
11969,1435870,176871,timeout,err_timeout_408,53,True,1
11970,1435957,176883,falha_autenticacao,err_credentials_invalid,48,True,1
11971,1435958,176883,timeout,err_timeout_408,,False,2
11972,1435996,176889,timeout,err_gateway_timeout_504,21,True,1
11973,1436019,176891,erro_interno,err_unexpected,144,True,1
11974,1436123,176906,erro_interno,err_internal_500,,False,1
11975,1436137,176909,falha_autenticacao,err_auth_401,,False,1
11976,1436180,176916,falha_autenticacao,err_credentials_invalid,,False,1
11977,1436181,176916,falha_autenticacao,err_auth_401,,False,2
11978,1436216,176923,falha_autenticacao,err_credentials_invalid,43,True,1
11979,1436238,176926,falha_autenticacao,err_credentials_invalid,,False,1
11980,1436346,176946,timeout,err_gateway_timeout_504,,False,1
11981,1436356,176948,falha_autenticacao,err_credentials_invalid,37,True,1
11982,1436386,176951,erro_interno,err_unexpected,,False,1
11983,1436476,176965,servico_indisponivel,err_maintenance,,False,1
11984,1436533,176974,timeout,err_timeout_408,55,True,1
11985,1436536,176974,erro_interno,err_internal_500,,False,1
11986,1436616,176988,servico_indisponivel,err_service_503,,False,1
11987,1436617,176988,falha_autenticacao,err_credentials_invalid,,False,2
11988,1436640,176993,timeout,err_timeout_408,,False,1
11989,1436660,176996,timeout,err_gateway_timeout_504,35,True,1
11990,1436707,177004,falha_autenticacao,err_credentials_invalid,,False,1
11991,1436732,177009,timeout,err_gateway_timeout_504,31,True,1
11992,1436785,177017,timeout,err_timeout_408,48,True,1
11993,1436837,177026,falha_autenticacao,err_auth_401,,False,1
11994,1436877,177032,timeout,err_gateway_timeout_504,,False,1
11995,1436902,177037,falha_autenticacao,err_auth_401,,False,1
11996,1436903,177038,timeout,err_gateway_timeout_504,,False,1
11997,1436940,177045,falha_autenticacao,err_auth_401,24,True,1
11998,1437141,177075,timeout,err_timeout_408,,False,1
11999,1437217,177087,timeout,err_gateway_timeout_504,54,True,1
12000,1437322,177103,erro_interno,err_unexpected,65,True,1
12001,1437350,177108,timeout,err_timeout_408,,False,1
12002,1437431,177123,erro_interno,err_internal_500,118,True,1
12003,1437470,177129,timeout,err_gateway_timeout_504,48,True,1
12004,1437473,177129,erro_interno,err_unexpected,,False,1
12005,1437485,177131,timeout,err_timeout_408,,False,1
12006,1437500,177134,timeout,err_gateway_timeout_504,,False,1
12007,1437537,177141,servico_indisponivel,err_service_503,,False,1
12008,1437540,177142,timeout,err_timeout_408,47,True,1
12009,1437590,177147,falha_autenticacao,err_auth_401,42,True,1
12010,1437615,177151,servico_indisponivel,err_maintenance,,False,1
12011,1437664,177157,falha_autenticacao,err_credentials_invalid,32,True,1
12012,1437756,177170,timeout,err_timeout_408,220,True,1
12013,1437846,177185,timeout,err_gateway_timeout_504,54,True,1
12014,1437847,177185,falha_autenticacao,err_auth_401,,False,2
12015,1437868,177190,falha_autenticacao,err_credentials_invalid,27,True,1
12016,1437931,177198,erro_interno,err_internal_500,,False,1
12017,1437934,177199,timeout,err_timeout_408,,False,1
12018,1437944,177200,servico_indisponivel,err_maintenance,,False,1
12019,1437954,177201,timeout,err_timeout_408,,False,1
12020,1437979,177206,timeout,err_timeout_408,,False,1
12021,1438165,177227,timeout,err_timeout_408,43,True,1
12022,1438191,177230,servico_indisponivel,err_service_503,,False,1
12023,1438205,177231,timeout,err_timeout_408,77,True,1
12024,1438835,177300,timeout,err_timeout_408,25,True,1
12025,1438848,177302,timeout,err_timeout_408,,False,1
12026,1438850,177303,erro_interno,err_unexpected,11,True,1
12027,1439237,177346,servico_indisponivel,err_maintenance,,False,1
12028,1439394,177362,erro_interno,err_unexpected,16,True,1
12029,1439645,177391,erro_interno,err_internal_500,,False,1
12030,1439944,177423,falha_autenticacao,err_auth_401,,False,1
12031,1440013,177431,erro_interno,err_unexpected,,False,1
12032,1440281,177463,timeout,err_timeout_408,52,True,1
12033,1440493,177488,erro_interno,err_internal_500,,False,1
12034,1440617,177502,falha_autenticacao,err_auth_401,,False,1
12035,1441691,177623,timeout,err_gateway_timeout_504,19,True,1
12036,1441808,177635,timeout,err_timeout_408,17,True,1
12037,1441828,177636,erro_interno,err_internal_500,,False,1
12038,1442460,177704,timeout,err_gateway_timeout_504,50,True,1
12039,1442632,177723,timeout,err_timeout_408,,False,1
12040,1442754,177735,servico_indisponivel,err_service_503,,False,1
12041,1443159,177780,servico_indisponivel,err_service_503,,False,1
12042,1443454,177813,falha_autenticacao,err_auth_401,17,True,1
12043,1443464,177814,timeout,err_gateway_timeout_504,,False,1
12044,1443579,177826,timeout,err_gateway_timeout_504,26,True,1
12045,1443690,177836,erro_interno,err_internal_500,104,True,1
12046,1443920,177861,erro_interno,err_internal_500,,False,1
12047,1443929,177862,timeout,err_timeout_408,73,True,1
12048,1444084,177878,timeout,err_timeout_408,99,True,1
12049,1444144,177885,timeout,err_timeout_408,,False,1
12050,1444176,177888,timeout,err_timeout_408,20,True,1
12051,1444232,177893,timeout,err_timeout_408,,False,1
12052,1444321,177904,falha_autenticacao,err_credentials_invalid,,False,1
12053,1444326,177904,timeout,err_timeout_408,40,True,1
12054,1444416,177915,timeout,err_gateway_timeout_504,,False,1
12055,1444571,177931,servico_indisponivel,err_service_503,,False,1
12056,1444600,177934,timeout,err_timeout_408,,False,1
12057,1444641,177939,timeout,err_timeout_408,,False,1
12058,1444784,177954,timeout,err_gateway_timeout_504,21,True,1
12059,1445582,178043,falha_autenticacao,err_auth_401,14,True,1
12060,1445773,178066,erro_interno,err_internal_500,,False,1
12061,1445879,178077,erro_interno,err_internal_500,,False,1
12062,1445880,178077,erro_interno,err_unexpected,71,True,1
12063,1446241,178115,falha_autenticacao,err_credentials_invalid,11,True,1
12064,1446342,178125,falha_autenticacao,err_credentials_invalid,,False,1
12065,1446480,178143,timeout,err_gateway_timeout_504,,False,1
12066,1446948,178194,timeout,err_timeout_408,75,True,1
12067,1447290,178231,erro_interno,err_unexpected,,False,1
12068,1447607,178267,erro_interno,err_unexpected,,False,1
12069,1447992,178312,timeout,err_timeout_408,,False,1
12070,1448464,178363,timeout,err_gateway_timeout_504,,False,1
12071,1448859,178401,servico_indisponivel,err_maintenance,,False,1
12072,1449074,178427,erro_interno,err_unexpected,,False,1
12073,1449617,178486,timeout,err_gateway_timeout_504,,False,1
12074,1450823,178614,falha_autenticacao,err_credentials_invalid,,False,1
12075,1451093,178643,falha_autenticacao,err_credentials_invalid,17,True,1
12076,1451094,178643,timeout,err_gateway_timeout_504,,False,2
12077,1451147,178649,erro_interno,err_unexpected,,False,1
12078,1451153,178650,falha_autenticacao,err_credentials_invalid,27,True,1
12079,1451337,178667,erro_interno,err_internal_500,,False,1
12080,1451519,178688,erro_interno,err_unexpected,34,True,1
12081,1451704,178708,timeout,err_gateway_timeout_504,9,True,1
12082,1451898,178731,erro_interno,err_internal_500,50,True,1
12083,1452079,178751,timeout,err_timeout_408,,False,1
12084,1452143,178758,timeout,err_gateway_timeout_504,19,True,1
12085,1452262,178770,falha_autenticacao,err_credentials_invalid,29,True,1
12086,1452263,178770,falha_autenticacao,err_credentials_invalid,,False,2
12087,1452512,178795,timeout,err_gateway_timeout_504,36,True,1
12088,1452605,178805,timeout,err_timeout_408,13,True,1
12089,1452901,178838,timeout,err_timeout_408,,False,1
12090,1453236,178877,timeout,err_timeout_408,,False,1
12091,1453570,178915,timeout,err_gateway_timeout_504,20,True,1
12092,1453587,178917,falha_autenticacao,err_credentials_invalid,13,True,1
12093,1453712,178929,erro_interno,err_internal_500,,False,1
12094,1454131,178975,erro_interno,err_unexpected,,False,1
12095,1454501,179016,timeout,err_timeout_408,,False,1
12096,1454621,179034,erro_interno,err_unexpected,,False,1
12097,1454668,179038,timeout,err_timeout_408,,False,1
12098,1454990,179073,falha_autenticacao,err_auth_401,45,True,1
12099,1455027,179077,falha_autenticacao,err_auth_401,,False,1
12100,1455059,179081,timeout,err_gateway_timeout_504,,False,1
12101,1455181,179094,erro_interno,err_unexpected,87,True,1
12102,1455214,179100,servico_indisponivel,err_service_503,,False,1
12103,1456277,179219,erro_interno,err_unexpected,78,True,1
12104,1456947,179294,timeout,err_timeout_408,,False,1
12105,1457285,179331,falha_autenticacao,err_auth_401,14,True,1
12106,1457955,179406,timeout,err_gateway_timeout_504,,False,1
12107,1458007,179413,erro_interno,err_unexpected,,False,1
12108,1458037,179416,timeout,err_gateway_timeout_504,,False,1
12109,1459084,179538,timeout,err_gateway_timeout_504,19,True,1
12110,1459195,179550,timeout,err_gateway_timeout_504,45,True,1
12111,1459380,179572,falha_autenticacao,err_credentials_invalid,,False,1
12112,1459795,179619,timeout,err_gateway_timeout_504,,False,1
12113,1459843,179625,timeout,err_gateway_timeout_504,64,True,1
12114,1460107,179652,erro_interno,err_internal_500,,False,1
12115,1460343,179681,timeout,err_gateway_timeout_504,32,True,1
12116,1460362,179683,timeout,err_gateway_timeout_504,,False,1
12117,1460393,179686,erro_interno,err_internal_500,159,True,1
12118,1460578,179706,timeout,err_timeout_408,20,True,1
12119,1460870,179735,timeout,err_gateway_timeout_504,,False,1
12120,1461087,179761,timeout,err_gateway_timeout_504,,False,1
12121,1461670,179825,falha_autenticacao,err_auth_401,,False,1
12122,1461723,179830,erro_interno,err_internal_500,18,True,1
12123,1461786,179835,erro_interno,err_unexpected,,False,1
12124,1461867,179843,timeout,err_timeout_408,38,True,1
12125,1462214,179881,timeout,err_timeout_408,,False,1
12126,1462547,179919,erro_interno,err_internal_500,29,True,1
12127,1462902,179961,timeout,err_timeout_408,39,True,1
12128,1463208,179994,erro_interno,err_internal_500,,False,1
12129,1463660,180039,timeout,err_timeout_408,120,True,1
12130,1463713,180045,erro_interno,err_unexpected,,False,1
12131,1464028,180081,erro_interno,err_unexpected,,False,1
12132,1464209,180100,timeout,err_gateway_timeout_504,,False,1
12133,1464318,180114,falha_autenticacao,err_credentials_invalid,17,True,1
12134,1464601,180144,timeout,err_gateway_timeout_504,,False,1
12135,1464977,180187,timeout,err_timeout_408,,False,1
12136,1465403,180234,timeout,err_timeout_408,80,True,1
12137,1465515,180247,erro_interno,err_internal_500,,False,1
12138,1465525,180248,erro_interno,err_internal_500,55,True,1
12139,1465526,180248,erro_interno,err_unexpected,,False,2
12140,1465793,180278,erro_interno,err_unexpected,,False,1
12141,1466157,180323,timeout,err_gateway_timeout_504,29,True,1
12142,1466430,180353,timeout,err_gateway_timeout_504,16,True,1
12143,1466431,180353,falha_autenticacao,err_auth_401,12,True,2
12144,1466590,180371,timeout,err_gateway_timeout_504,27,True,1
12145,1467357,180457,servico_indisponivel,err_maintenance,14,True,1
12146,1467403,180462,timeout,err_timeout_408,,False,1
12147,1467488,180471,erro_interno,err_unexpected,63,True,1
12148,1467718,180498,timeout,err_gateway_timeout_504,,False,1
12149,1467738,180500,timeout,err_gateway_timeout_504,,False,1
12150,1467762,180503,timeout,err_timeout_408,31,True,1
12151,1467865,180515,erro_interno,err_unexpected,,False,1
12152,1468124,180543,timeout,err_timeout_408,,False,1
12153,1468196,180549,timeout,err_gateway_timeout_504,22,True,1
12154,1468352,180564,timeout,err_gateway_timeout_504,,False,1
12155,1468392,180568,falha_autenticacao,err_credentials_invalid,16,True,1
12156,1468659,180596,erro_interno,err_unexpected,36,True,1
12157,1469558,180696,falha_autenticacao,err_credentials_invalid,14,True,1
12158,1469897,180738,timeout,err_timeout_408,48,True,1
12159,1469979,180747,timeout,err_gateway_timeout_504,,False,1
12160,1470794,180838,erro_interno,err_unexpected,,False,1
12161,1471320,180895,servico_indisponivel,err_service_503,,False,1
12162,1471390,180903,timeout,err_timeout_408,,False,1
12163,1471498,180915,timeout,err_gateway_timeout_504,,False,1
12164,1471519,180919,timeout,err_timeout_408,,False,1
12165,1471649,180935,timeout,err_timeout_408,,False,1
12166,1471705,180940,timeout,err_gateway_timeout_504,,False,1
12167,1471738,180942,erro_interno,err_internal_500,,False,1
12168,1471999,180970,falha_autenticacao,err_auth_401,10,True,1
12169,1472124,180984,falha_autenticacao,err_auth_401,36,True,1
12170,1472269,180998,timeout,err_gateway_timeout_504,44,True,1
12171,1472438,181018,timeout,err_timeout_408,,False,1
12172,1472545,181029,timeout,err_gateway_timeout_504,,False,1
12173,1472612,181038,falha_autenticacao,err_auth_401,,False,1
12174,1472675,181045,falha_autenticacao,err_auth_401,14,True,1
12175,1473156,181097,timeout,err_timeout_408,57,True,1
12176,1473622,181144,timeout,err_gateway_timeout_504,87,True,1
12177,1473707,181154,timeout,err_gateway_timeout_504,31,True,1
12178,1473850,181172,timeout,err_gateway_timeout_504,,False,1
12179,1474556,181248,erro_interno,err_unexpected,72,True,1
12180,1474561,181248,timeout,err_gateway_timeout_504,78,True,1
12181,1474684,181262,timeout,err_gateway_timeout_504,21,True,1
12182,1474721,181266,falha_autenticacao,err_auth_401,17,True,1
12183,1474890,181284,timeout,err_gateway_timeout_504,54,True,1
12184,1475994,181409,timeout,err_timeout_408,90,True,1
12185,1476222,181438,timeout,err_timeout_408,14,True,1
12186,1476994,181523,timeout,err_timeout_408,,False,1
12187,1477082,181532,timeout,err_gateway_timeout_504,56,True,1
12188,1477380,181565,erro_interno,err_unexpected,,False,1
12189,1477527,181581,timeout,err_timeout_408,42,True,1
12190,1477734,181599,timeout,err_gateway_timeout_504,240,True,1
12191,1477779,181604,erro_interno,err_unexpected,,False,1
12192,1477959,181626,timeout,err_timeout_408,52,True,1
12193,1478103,181641,falha_autenticacao,err_credentials_invalid,,False,1
12194,1478223,181654,erro_interno,err_unexpected,,False,1
12195,1478639,181698,erro_interno,err_internal_500,89,True,1
12196,1478752,181712,timeout,err_timeout_408,120,True,1
12197,1479233,181766,timeout,err_timeout_408,,False,1
12198,1479318,181777,timeout,err_timeout_408,,False,1
12199,1479572,181806,timeout,err_gateway_timeout_504,18,True,1
12200,1479664,181817,timeout,err_timeout_408,,False,1
12201,1480665,181928,timeout,err_gateway_timeout_504,,False,1
12202,1480724,181933,erro_interno,err_internal_500,,False,1
12203,1481066,181971,timeout,err_timeout_408,,False,1
12204,1481147,181980,timeout,err_gateway_timeout_504,15,True,1
12205,1481505,182017,timeout,err_timeout_408,42,True,1
12206,1481554,182023,falha_autenticacao,err_credentials_invalid,,False,1
12207,1481574,182026,timeout,err_timeout_408,23,True,1
12208,1481600,182029,falha_autenticacao,err_credentials_invalid,13,True,1
12209,1481815,182053,timeout,err_timeout_408,58,True,1
12210,1482209,182092,erro_interno,err_internal_500,,False,1
12211,1482484,182127,timeout,err_gateway_timeout_504,17,True,1
12212,1482489,182127,erro_interno,err_internal_500,,False,1
12213,1482520,182130,erro_interno,err_unexpected,19,True,1
12214,1483007,182185,timeout,err_gateway_timeout_504,,False,1
12215,1483121,182198,timeout,err_gateway_timeout_504,,False,1
12216,1483159,182203,timeout,err_gateway_timeout_504,,False,1
12217,1483192,182206,erro_interno,err_internal_500,33,True,1
12218,1483542,182243,erro_interno,err_internal_500,,False,1
12219,1483545,182243,timeout,err_gateway_timeout_504,,False,1
12220,1483717,182261,timeout,err_gateway_timeout_504,97,True,1
12221,1484133,182308,timeout,err_gateway_timeout_504,52,True,1
12222,1484566,182360,falha_autenticacao,err_auth_401,,False,1
12223,1484850,182391,erro_interno,err_internal_500,,False,1
12224,1484866,182393,timeout,err_gateway_timeout_504,23,True,1
12225,1484950,182400,timeout,err_timeout_408,,False,1
12226,1485069,182413,erro_interno,err_unexpected,,False,1
12227,1485119,182420,erro_interno,err_internal_500,,False,1
12228,1485213,182430,erro_interno,err_internal_500,,False,1
12229,1485543,182470,erro_interno,err_internal_500,56,True,1
12230,1485739,182495,erro_interno,err_unexpected,26,True,1
12231,1486183,182542,erro_interno,err_internal_500,45,True,1
12232,1486621,182589,timeout,err_gateway_timeout_504,,False,1
12233,1487077,182638,erro_interno,err_unexpected,47,True,1
12234,1487084,182639,erro_interno,err_unexpected,12,True,1
12235,1487186,182651,timeout,err_timeout_408,20,True,1
12236,1487375,182673,timeout,err_timeout_408,150,True,1
12237,1487724,182713,timeout,err_timeout_408,,False,1
12238,1487729,182714,falha_autenticacao,err_auth_401,,False,1
12239,1487817,182725,timeout,err_timeout_408,,False,1
12240,1487846,182728,erro_interno,err_unexpected,,False,1
12241,1488059,182751,timeout,err_gateway_timeout_504,61,True,1
12242,1488079,182754,timeout,err_gateway_timeout_504,,False,1
12243,1488080,182754,falha_autenticacao,err_credentials_invalid,24,True,2
12244,1488249,182774,timeout,err_timeout_408,,False,1
12245,1488365,182788,timeout,err_gateway_timeout_504,,False,1
12246,1488366,182788,timeout,err_timeout_408,59,True,2
12247,1488855,182842,timeout,err_timeout_408,,False,1
12248,1488976,182858,timeout,err_gateway_timeout_504,,False,1
12249,1489218,182882,falha_autenticacao,err_auth_401,12,True,1
12250,1489384,182899,timeout,err_timeout_408,,False,1
12251,1490238,182991,timeout,err_gateway_timeout_504,29,True,1
12252,1490242,182992,timeout,err_timeout_408,26,True,1
12253,1490267,182994,erro_interno,err_internal_500,,False,1
12254,1490310,182999,erro_interno,err_internal_500,,False,1
12255,1490339,183002,erro_interno,err_unexpected,45,True,1
12256,1490954,183074,timeout,err_timeout_408,,False,1
12257,1491171,183095,erro_interno,err_unexpected,,False,1
12258,1491707,183158,timeout,err_gateway_timeout_504,19,True,1
12259,1491943,183183,timeout,err_timeout_408,,False,1
12260,1492446,183243,timeout,err_timeout_408,,False,1
12261,1492852,183287,timeout,err_timeout_408,36,True,1
12262,1493319,183341,falha_autenticacao,err_auth_401,10,True,1
12263,1493361,183345,erro_interno,err_unexpected,10,True,1
12264,1493461,183357,timeout,err_gateway_timeout_504,16,True,1
12265,1493554,183367,erro_interno,err_unexpected,,False,1
12266,1494280,183451,erro_interno,err_internal_500,46,True,1
12267,1494553,183481,erro_interno,err_unexpected,,False,1
12268,1494597,183486,timeout,err_timeout_408,,False,1
12269,1494754,183501,timeout,err_timeout_408,,False,1
12270,1494793,183505,falha_autenticacao,err_credentials_invalid,,False,1
12271,1494822,183508,timeout,err_timeout_408,,False,1
12272,1494973,183526,timeout,err_gateway_timeout_504,31,True,1
12273,1495717,183609,timeout,err_gateway_timeout_504,,False,1
12274,1496157,183653,timeout,err_gateway_timeout_504,,False,1
12275,1496290,183668,timeout,err_gateway_timeout_504,,False,1
12276,1496560,183700,timeout,err_timeout_408,21,True,1
12277,1496608,183705,timeout,err_gateway_timeout_504,,False,1
12278,1497018,183747,timeout,err_gateway_timeout_504,52,True,1
12279,1497295,183775,timeout,err_gateway_timeout_504,,False,1
12280,1498288,183889,timeout,err_timeout_408,,False,1
12281,1498965,183964,timeout,err_timeout_408,,False,1
12282,1499132,183982,erro_interno,err_internal_500,,False,1
12283,1499144,183983,timeout,err_timeout_408,,False,1
12284,1499561,184027,erro_interno,err_internal_500,,False,1
12285,1500584,184140,servico_indisponivel,err_service_503,,False,1
12286,1501000,184189,erro_interno,err_internal_500,,False,1
12287,1501023,184193,falha_autenticacao,err_auth_401,28,True,1
12288,1501374,184231,timeout,err_timeout_408,49,True,1
12289,1501996,184302,falha_autenticacao,err_auth_401,16,True,1
12290,1502034,184305,timeout,err_timeout_408,,False,1
12291,1502372,184342,servico_indisponivel,err_service_503,,False,1
12292,1502450,184351,timeout,err_gateway_timeout_504,44,True,1
12293,1502784,184386,erro_interno,err_internal_500,,False,1
12294,1503653,184482,timeout,err_gateway_timeout_504,,False,1
12295,1503818,184503,timeout,err_gateway_timeout_504,,False,1
12296,1503971,184521,timeout,err_timeout_408,19,True,1
12297,1503985,184522,timeout,err_gateway_timeout_504,,False,1
12298,1504105,184535,servico_indisponivel,err_maintenance,26,True,1
12299,1504270,184553,timeout,err_gateway_timeout_504,,False,1
12300,1504448,184573,falha_autenticacao,err_auth_401,,False,1
12301,1504597,184589,timeout,err_gateway_timeout_504,25,True,1
12302,1504662,184597,erro_interno,err_unexpected,54,True,1
12303,1504933,184631,servico_indisponivel,err_service_503,,False,1
12304,1504999,184638,timeout,err_gateway_timeout_504,40,True,1
12305,1505002,184638,timeout,err_timeout_408,,False,1
12306,1505036,184641,erro_interno,err_internal_500,,False,1
12307,1505084,184645,erro_interno,err_internal_500,,False,1
12308,1505276,184667,timeout,err_timeout_408,,False,1
12309,1505335,184673,erro_interno,err_unexpected,42,True,1
12310,1505857,184730,timeout,err_gateway_timeout_504,,False,1
12311,1505965,184742,erro_interno,err_internal_500,46,True,1
12312,1505975,184743,erro_interno,err_internal_500,,False,1
12313,1506042,184752,timeout,err_timeout_408,13,True,1
12314,1506198,184769,falha_autenticacao,err_credentials_invalid,,False,1
12315,1506217,184772,falha_autenticacao,err_auth_401,18,True,1
12316,1506397,184793,timeout,err_gateway_timeout_504,29,True,1
12317,1506473,184800,timeout,err_timeout_408,117,True,1
12318,1506562,184810,timeout,err_timeout_408,27,True,1
12319,1506839,184838,timeout,err_timeout_408,,False,1
12320,1506946,184848,timeout,err_timeout_408,25,True,1
12321,1507028,184857,timeout,err_gateway_timeout_504,87,True,1
12322,1507236,184882,timeout,err_timeout_408,,False,1
12323,1507730,184941,timeout,err_timeout_408,36,True,1
12324,1508885,185067,timeout,err_gateway_timeout_504,17,True,1
12325,1509431,185130,timeout,err_timeout_408,,False,1
12326,1509451,185132,timeout,err_timeout_408,,False,1
12327,1509545,185142,timeout,err_gateway_timeout_504,38,True,1
12328,1510328,185234,erro_interno,err_unexpected,81,True,1
12329,1510331,185234,timeout,err_gateway_timeout_504,,False,1
12330,1510468,185249,timeout,err_timeout_408,71,True,1
12331,1510607,185265,timeout,err_gateway_timeout_504,,False,1
12332,1510902,185296,falha_autenticacao,err_auth_401,25,True,1
12333,1511013,185306,timeout,err_timeout_408,,False,1
12334,1511382,185344,erro_interno,err_internal_500,,False,1
12335,1511688,185372,timeout,err_timeout_408,,False,1
12336,1511722,185376,erro_interno,err_internal_500,61,True,1
12337,1512095,185414,timeout,err_timeout_408,,False,1
12338,1512372,185441,falha_autenticacao,err_credentials_invalid,20,True,1
12339,1512397,185443,erro_interno,err_internal_500,,False,1
12340,1512550,185461,timeout,err_timeout_408,16,True,1
12341,1512763,185483,timeout,err_gateway_timeout_504,57,True,1
12342,1512837,185492,timeout,err_timeout_408,,False,1
12343,1512962,185506,timeout,err_timeout_408,,False,1
12344,1513061,185516,timeout,err_gateway_timeout_504,141,True,1
12345,1513483,185564,erro_interno,err_unexpected,,False,1
12346,1513493,185565,timeout,err_gateway_timeout_504,,False,1
12347,1513796,185595,erro_interno,err_internal_500,63,True,1
12348,1513811,185597,servico_indisponivel,err_maintenance,,False,1
12349,1513912,185608,timeout,err_gateway_timeout_504,,False,1
12350,1513960,185614,falha_autenticacao,err_auth_401,24,True,1
12351,1514101,185630,timeout,err_timeout_408,,False,1
12352,1514904,185719,erro_interno,err_internal_500,,False,1
12353,1515048,185733,timeout,err_timeout_408,72,True,1
12354,1515394,185770,timeout,err_timeout_408,39,True,1
12355,1515412,185773,timeout,err_timeout_408,,False,1
12356,1516167,185858,falha_autenticacao,err_credentials_invalid,17,True,1
12357,1516243,185867,timeout,err_gateway_timeout_504,56,True,1
12358,1516339,185876,servico_indisponivel,err_maintenance,36,True,1
12359,1516696,185914,timeout,err_gateway_timeout_504,,False,1
12360,1516873,185935,timeout,err_gateway_timeout_504,,False,1
12361,1517126,185963,falha_autenticacao,err_credentials_invalid,35,True,1
12362,1517322,185986,timeout,err_gateway_timeout_504,,False,1
12363,1517766,186034,falha_autenticacao,err_auth_401,16,True,1
12364,1517950,186055,timeout,err_timeout_408,,False,1
12365,1517987,186059,servico_indisponivel,err_service_503,,False,1
12366,1518095,186070,timeout,err_timeout_408,17,True,1
12367,1518415,186105,falha_autenticacao,err_credentials_invalid,16,True,1
12368,1518753,186142,erro_interno,err_internal_500,,False,1
12369,1518826,186150,erro_interno,err_internal_500,,False,1
12370,1518874,186155,timeout,err_timeout_408,,False,1
12371,1518886,186156,timeout,err_gateway_timeout_504,,False,1
12372,1518994,186167,timeout,err_timeout_408,82,True,1
12373,1519001,186167,timeout,err_gateway_timeout_504,56,True,1
12374,1519002,186167,timeout,err_timeout_408,71,True,2
12375,1519202,186189,erro_interno,err_internal_500,8,True,1
12376,1519578,186231,timeout,err_timeout_408,,False,1
12377,1519668,186242,timeout,err_timeout_408,,False,1
12378,1520901,186377,timeout,err_gateway_timeout_504,15,True,1
12379,1521461,186433,erro_interno,err_unexpected,12,True,1
12380,1522966,186594,timeout,err_gateway_timeout_504,48,True,1
12381,1523720,186677,timeout,err_timeout_408,,False,1
12382,1523913,186696,timeout,err_timeout_408,11,True,1
12383,1524275,186737,timeout,err_gateway_timeout_504,,False,1
12384,1524486,186758,timeout,err_gateway_timeout_504,,False,1
12385,1524834,186796,timeout,err_gateway_timeout_504,,False,1
12386,1525988,186925,servico_indisponivel,err_service_503,,False,1
12387,1525989,186925,timeout,err_timeout_408,,False,2
12388,1526114,186938,erro_interno,err_unexpected,12,True,1
12389,1526360,186968,timeout,err_gateway_timeout_504,,False,1
12390,1526558,186990,falha_autenticacao,err_credentials_invalid,22,True,1
12391,1526652,186998,erro_interno,err_unexpected,,False,1
12392,1526759,187009,timeout,err_gateway_timeout_504,,False,1
12393,1526785,187012,timeout,err_timeout_408,16,True,1
12394,1526801,187013,timeout,err_gateway_timeout_504,,False,1
12395,1527115,187044,servico_indisponivel,err_service_503,,False,1
12396,1527207,187055,erro_interno,err_internal_500,,False,1
12397,1527279,187062,timeout,err_timeout_408,,False,1
12398,1527545,187091,timeout,err_gateway_timeout_504,14,True,1
12399,1527811,187119,erro_interno,err_internal_500,,False,1
12400,1528080,187148,timeout,err_gateway_timeout_504,36,True,1
12401,1528173,187158,falha_autenticacao,err_auth_401,,False,1
12402,1528193,187162,timeout,err_gateway_timeout_504,14,True,1
12403,1528605,187207,timeout,err_timeout_408,,False,1
12404,1528752,187223,timeout,err_gateway_timeout_504,,False,1
12405,1528878,187239,timeout,err_timeout_408,17,True,1
12406,1529330,187290,timeout,err_gateway_timeout_504,19,True,1
12407,1529703,187335,erro_interno,err_unexpected,,False,1
12408,1529787,187344,erro_interno,err_unexpected,8,True,1
12409,1529865,187352,timeout,err_gateway_timeout_504,74,True,1
12410,1529911,187355,timeout,err_gateway_timeout_504,69,True,1
12411,1530346,187401,timeout,err_gateway_timeout_504,14,True,1
12412,1530615,187433,erro_interno,err_internal_500,,False,1
12413,1530990,187478,servico_indisponivel,err_service_503,,False,1
12414,1531251,187505,erro_interno,err_unexpected,54,True,1
12415,1531256,187505,timeout,err_timeout_408,21,True,1
12416,1531273,187507,timeout,err_gateway_timeout_504,33,True,1
12417,1531322,187513,timeout,err_timeout_408,70,True,1
12418,1531535,187539,timeout,err_timeout_408,,False,1
12419,1531759,187563,timeout,err_timeout_408,,False,1
12420,1531930,187581,erro_interno,err_internal_500,,False,1
12421,1532248,187622,falha_autenticacao,err_credentials_invalid,24,True,1
12422,1532342,187631,timeout,err_gateway_timeout_504,,False,1
12423,1532596,187660,timeout,err_timeout_408,,False,1
12424,1532655,187665,servico_indisponivel,err_maintenance,,False,1
12425,1532801,187684,servico_indisponivel,err_service_503,,False,1
12426,1532824,187686,servico_indisponivel,err_service_503,,False,1
12427,1533012,187707,erro_interno,err_internal_500,,False,1
12428,1533375,187740,timeout,err_timeout_408,47,True,1
12429,1533442,187750,timeout,err_timeout_408,84,True,1
12430,1533693,187774,timeout,err_gateway_timeout_504,18,True,1
12431,1534190,187828,falha_autenticacao,err_credentials_invalid,21,True,1
12432,1534894,187903,falha_autenticacao,err_credentials_invalid,,False,1
12433,1534912,187904,erro_interno,err_internal_500,,False,1
12434,1535045,187920,timeout,err_gateway_timeout_504,,False,1
12435,1535741,187994,falha_autenticacao,err_auth_401,19,True,1
12436,1535761,187997,falha_autenticacao,err_credentials_invalid,,False,1
12437,1535961,188023,timeout,err_timeout_408,,False,1
12438,1536152,188043,timeout,err_timeout_408,263,True,1
12439,1536396,188070,timeout,err_timeout_408,52,True,1
12440,1536742,188111,servico_indisponivel,err_maintenance,,False,1
12441,1536895,188129,timeout,err_timeout_408,,False,1
12442,1537090,188150,timeout,err_gateway_timeout_504,14,True,1
12443,1537298,188173,timeout,err_timeout_408,58,True,1
12444,1537387,188181,timeout,err_gateway_timeout_504,,False,1
12445,1537756,188226,servico_indisponivel,err_maintenance,,False,1
12446,1537824,188235,timeout,err_timeout_408,,False,1
12447,1537830,188236,timeout,err_gateway_timeout_504,,False,1
12448,1537863,188239,timeout,err_gateway_timeout_504,18,True,1
12449,1538064,188261,servico_indisponivel,err_service_503,,False,1
12450,1538105,188265,timeout,err_gateway_timeout_504,,False,1
12451,1538518,188314,erro_interno,err_internal_500,,False,1
12452,1538801,188342,timeout,err_timeout_408,21,True,1
12453,1538850,188348,falha_autenticacao,err_auth_401,,False,1
12454,1539406,188410,timeout,err_gateway_timeout_504,,False,1
12455,1539415,188410,timeout,err_gateway_timeout_504,53,True,1
12456,1539571,188427,erro_interno,err_internal_500,,False,1
12457,1539680,188439,timeout,err_gateway_timeout_504,,False,1
12458,1540006,188475,timeout,err_timeout_408,,False,1
12459,1540164,188492,timeout,err_timeout_408,269,True,1
12460,1540763,188558,servico_indisponivel,err_maintenance,,False,1
12461,1540815,188565,falha_autenticacao,err_auth_401,13,True,1
12462,1540820,188565,timeout,err_gateway_timeout_504,,False,1
12463,1541396,188624,erro_interno,err_unexpected,52,True,1
12464,1541515,188636,timeout,err_gateway_timeout_504,,False,1
12465,1541948,188684,falha_autenticacao,err_auth_401,34,True,1
12466,1542311,188722,timeout,err_timeout_408,,False,1
12467,1542729,188774,erro_interno,err_internal_500,40,True,1
12468,1542775,188779,timeout,err_timeout_408,,False,1
12469,1542847,188787,erro_interno,err_unexpected,,False,1
12470,1542854,188789,falha_autenticacao,err_credentials_invalid,15,True,1
12471,1543254,188832,timeout,err_timeout_408,9,True,1
12472,1543305,188838,timeout,err_gateway_timeout_504,,False,1
12473,1543537,188865,servico_indisponivel,err_service_503,,False,1
12474,1543706,188887,falha_autenticacao,err_auth_401,,False,1
12475,1543841,188903,erro_interno,err_unexpected,,False,1
12476,1544143,188934,timeout,err_timeout_408,,False,1
12477,1544514,188978,falha_autenticacao,err_auth_401,34,True,1
12478,1544658,188993,falha_autenticacao,err_credentials_invalid,17,True,1
12479,1545757,189119,timeout,err_gateway_timeout_504,,False,1
12480,1545954,189142,timeout,err_gateway_timeout_504,17,True,1
12481,1546589,189206,timeout,err_timeout_408,14,True,1
12482,1546644,189210,erro_interno,err_unexpected,,False,1
12483,1547109,189260,falha_autenticacao,err_auth_401,14,True,1
12484,1547410,189296,falha_autenticacao,err_auth_401,,False,1
12485,1548029,189365,timeout,err_timeout_408,50,True,1
12486,1548520,189419,falha_autenticacao,err_auth_401,14,True,1
12487,1548745,189445,falha_autenticacao,err_auth_401,18,True,1
12488,1548751,189446,timeout,err_timeout_408,,False,1
12489,1548946,189469,falha_autenticacao,err_auth_401,13,True,1
12490,1549257,189503,timeout,err_gateway_timeout_504,12,True,1
12491,1549432,189523,timeout,err_timeout_408,,False,1
12492,1549554,189536,erro_interno,err_unexpected,,False,1
12493,1549692,189554,timeout,err_timeout_408,140,True,1
12494,1549858,189573,falha_autenticacao,err_auth_401,20,True,1
12495,1549859,189573,timeout,err_gateway_timeout_504,18,True,2
12496,1550007,189588,timeout,err_timeout_408,51,True,1
12497,1550070,189596,timeout,err_gateway_timeout_504,23,True,1
12498,1550181,189608,timeout,err_timeout_408,55,True,1
12499,1550247,189615,timeout,err_gateway_timeout_504,14,True,1
12500,1550330,189623,timeout,err_timeout_408,26,True,1
12501,1550460,189636,timeout,err_timeout_408,,False,1
12502,1550468,189638,falha_autenticacao,err_auth_401,25,True,1
12503,1550653,189658,erro_interno,err_internal_500,,False,1
12504,1551033,189698,timeout,err_gateway_timeout_504,,False,1
12505,1551157,189710,falha_autenticacao,err_auth_401,18,True,1
12506,1552646,189876,falha_autenticacao,err_credentials_invalid,10,True,1
12507,1552723,189884,timeout,err_gateway_timeout_504,,False,1
12508,1552771,189890,erro_interno,err_internal_500,,False,1
12509,1552883,189902,timeout,err_gateway_timeout_504,,False,1
12510,1552988,189912,timeout,err_gateway_timeout_504,,False,1
12511,1553040,189917,erro_interno,err_internal_500,,False,1
12512,1553228,189936,erro_interno,err_unexpected,42,True,1
12513,1553993,190018,falha_autenticacao,err_credentials_invalid,19,True,1
12514,1554200,190042,timeout,err_gateway_timeout_504,36,True,1
12515,1554273,190050,timeout,err_timeout_408,58,True,1
12516,1554480,190074,erro_interno,err_internal_500,,False,1
12517,1554493,190075,erro_interno,err_unexpected,,False,1
12518,1555018,190128,falha_autenticacao,err_credentials_invalid,33,True,1
12519,1555086,190135,falha_autenticacao,err_credentials_invalid,14,True,1
12520,1555235,190153,erro_interno,err_internal_500,,False,1
12521,1555360,190166,erro_interno,err_internal_500,,False,1
12522,1555610,190193,falha_autenticacao,err_auth_401,10,True,1
12523,1555654,190198,timeout,err_timeout_408,73,True,1
12524,1555786,190213,timeout,err_timeout_408,19,True,1
12525,1555927,190227,falha_autenticacao,err_auth_401,16,True,1
12526,1556292,190267,timeout,err_gateway_timeout_504,,False,1
12527,1557387,190381,timeout,err_gateway_timeout_504,12,True,1
12528,1557416,190383,timeout,err_timeout_408,,False,1
12529,1557434,190387,timeout,err_gateway_timeout_504,,False,1
12530,1557561,190400,servico_indisponivel,err_maintenance,87,True,1
12531,1557615,190405,timeout,err_timeout_408,,False,1
12532,1557853,190432,timeout,err_gateway_timeout_504,,False,1
12533,1558493,190504,servico_indisponivel,err_service_503,,False,1
12534,1558698,190526,timeout,err_gateway_timeout_504,12,True,1
12535,1558741,190530,timeout,err_gateway_timeout_504,,False,1
12536,1559049,190564,timeout,err_timeout_408,40,True,1
12537,1559414,190604,timeout,err_gateway_timeout_504,,False,1
12538,1559453,190609,timeout,err_timeout_408,,False,1
12539,1559615,190626,servico_indisponivel,err_maintenance,60,True,1
12540,1559664,190632,timeout,err_gateway_timeout_504,,False,1
12541,1559907,190662,erro_interno,err_unexpected,,False,1
12542,1560401,190712,timeout,err_gateway_timeout_504,52,True,1
12543,1560901,190767,erro_interno,err_internal_500,32,True,1
12544,1561039,190782,timeout,err_gateway_timeout_504,,False,1
12545,1561174,190797,erro_interno,err_internal_500,,False,1
12546,1561229,190804,falha_autenticacao,err_credentials_invalid,,False,1
12547,1561461,190836,erro_interno,err_internal_500,22,True,1
12548,1561706,190862,timeout,err_gateway_timeout_504,,False,1
12549,1561804,190874,timeout,err_gateway_timeout_504,,False,1
12550,1562280,190930,timeout,err_timeout_408,,False,1
12551,1562386,190942,erro_interno,err_unexpected,71,True,1
12552,1562678,190973,timeout,err_gateway_timeout_504,,False,1
12553,1562891,190993,erro_interno,err_unexpected,35,True,1
12554,1563194,191027,timeout,err_gateway_timeout_504,,False,1
12555,1563206,191028,timeout,err_gateway_timeout_504,36,True,1
12556,1563707,191082,falha_autenticacao,err_credentials_invalid,,False,1
12557,1563742,191087,falha_autenticacao,err_auth_401,,False,1
12558,1563796,191093,timeout,err_timeout_408,13,True,1
12559,1564071,191123,erro_interno,err_internal_500,,False,1
12560,1564408,191161,timeout,err_timeout_408,23,True,1
12561,1564409,191161,falha_autenticacao,err_credentials_invalid,10,True,2
12562,1564436,191165,servico_indisponivel,err_maintenance,59,True,1
12563,1564943,191225,timeout,err_timeout_408,,False,1
12564,1565430,191281,timeout,err_gateway_timeout_504,45,True,1
12565,1565628,191304,timeout,err_timeout_408,,False,1
12566,1565853,191328,timeout,err_gateway_timeout_504,64,True,1
12567,1565881,191331,falha_autenticacao,err_credentials_invalid,,False,1
12568,1566162,191362,timeout,err_timeout_408,,False,1
12569,1566610,191417,servico_indisponivel,err_maintenance,,False,1
12570,1566672,191425,timeout,err_gateway_timeout_504,,False,1
12571,1566688,191427,falha_autenticacao,err_auth_401,28,True,1
12572,1567118,191470,falha_autenticacao,err_credentials_invalid,16,True,1
12573,1567124,191471,timeout,err_timeout_408,17,True,1
12574,1567210,191479,erro_interno,err_internal_500,8,True,1
12575,1567227,191482,falha_autenticacao,err_auth_401,,False,1
12576,1567567,191517,timeout,err_gateway_timeout_504,41,True,1
12577,1567648,191527,timeout,err_timeout_408,,False,1
12578,1567742,191538,timeout,err_timeout_408,37,True,1
12579,1567821,191548,timeout,err_gateway_timeout_504,,False,1
12580,1568009,191569,timeout,err_timeout_408,94,True,1
12581,1568258,191599,timeout,err_gateway_timeout_504,72,True,1
12582,1568592,191634,timeout,err_gateway_timeout_504,,False,1
12583,1568618,191637,erro_interno,err_unexpected,9,True,1
12584,1568758,191653,timeout,err_gateway_timeout_504,29,True,1
12585,1568917,191670,erro_interno,err_unexpected,10,True,1
12586,1569088,191689,timeout,err_gateway_timeout_504,63,True,1
12587,1569142,191696,timeout,err_gateway_timeout_504,,False,1
12588,1569944,191781,timeout,err_gateway_timeout_504,126,True,1
12589,1570171,191807,timeout,err_timeout_408,15,True,1
12590,1570659,191862,timeout,err_gateway_timeout_504,10,True,1
12591,1570978,191898,timeout,err_gateway_timeout_504,12,True,1
12592,1570979,191898,timeout,err_timeout_408,13,True,2
12593,1571049,191903,timeout,err_timeout_408,,False,1
12594,1571409,191942,timeout,err_timeout_408,15,True,1
12595,1571514,191954,timeout,err_gateway_timeout_504,,False,1
12596,1571631,191965,erro_interno,err_internal_500,,False,1
12597,1571659,191968,timeout,err_gateway_timeout_504,27,True,1
12598,1571742,191978,erro_interno,err_unexpected,39,True,1
12599,1571985,192004,timeout,err_timeout_408,20,True,1
12600,1572030,192008,timeout,err_timeout_408,,False,1
12601,1572156,192021,timeout,err_timeout_408,,False,1
12602,1572491,192058,erro_interno,err_unexpected,19,True,1
12603,1572556,192066,timeout,err_timeout_408,17,True,1
12604,1572638,192075,timeout,err_gateway_timeout_504,84,True,1
12605,1572677,192079,timeout,err_timeout_408,,False,1
12606,1572801,192092,timeout,err_timeout_408,45,True,1
12607,1573194,192136,timeout,err_gateway_timeout_504,,False,1
12608,1573243,192143,falha_autenticacao,err_credentials_invalid,,False,1
12609,1573254,192144,timeout,err_timeout_408,,False,1
12610,1573386,192160,timeout,err_timeout_408,,False,1
12611,1573516,192175,timeout,err_gateway_timeout_504,21,True,1
12612,1573811,192203,erro_interno,err_internal_500,52,True,1
12613,1573860,192209,falha_autenticacao,err_auth_401,,False,1
12614,1573967,192222,timeout,err_gateway_timeout_504,16,True,1
12615,1574145,192241,erro_interno,err_unexpected,,False,1
12616,1574281,192254,erro_interno,err_unexpected,,False,1
12617,1574473,192276,timeout,err_gateway_timeout_504,,False,1
12618,1574614,192292,timeout,err_timeout_408,24,True,1
12619,1574828,192313,falha_autenticacao,err_credentials_invalid,17,True,1
12620,1574856,192316,timeout,err_gateway_timeout_504,58,True,1
12621,1574867,192318,timeout,err_gateway_timeout_504,,False,1
12622,1574959,192326,timeout,err_gateway_timeout_504,23,True,1
12623,1575094,192342,servico_indisponivel,err_service_503,59,True,1
12624,1575812,192420,erro_interno,err_internal_500,,False,1
12625,1575923,192431,erro_interno,err_unexpected,,False,1
12626,1576100,192449,timeout,err_timeout_408,,False,1
12627,1576350,192479,erro_interno,err_internal_500,,False,1
12628,1576451,192491,timeout,err_gateway_timeout_504,,False,1
12629,1577399,192597,timeout,err_timeout_408,103,True,1
12630,1577624,192623,timeout,err_timeout_408,,False,1
12631,1577794,192642,timeout,err_gateway_timeout_504,8,True,1
12632,1577814,192645,timeout,err_gateway_timeout_504,51,True,1
12633,1578150,192686,timeout,err_gateway_timeout_504,,False,1
12634,1578278,192699,servico_indisponivel,err_maintenance,,False,1
12635,1578391,192712,timeout,err_gateway_timeout_504,33,True,1
12636,1578665,192743,falha_autenticacao,err_credentials_invalid,,False,1
12637,1578713,192749,erro_interno,err_internal_500,,False,1
12638,1579458,192827,falha_autenticacao,err_auth_401,,False,1
12639,1579464,192829,timeout,err_timeout_408,,False,1
12640,1579478,192830,timeout,err_gateway_timeout_504,15,True,1
12641,1579741,192860,timeout,err_timeout_408,,False,1
12642,1579822,192868,falha_autenticacao,err_credentials_invalid,16,True,1
12643,1580314,192923,timeout,err_gateway_timeout_504,,False,1
12644,1580453,192940,erro_interno,err_internal_500,13,True,1
12645,1580670,192965,timeout,err_gateway_timeout_504,17,True,1
12646,1580843,192983,servico_indisponivel,err_service_503,61,True,1
12647,1580869,192986,erro_interno,err_internal_500,,False,1
12648,1581076,193006,timeout,err_timeout_408,15,True,1
12649,1581173,193016,erro_interno,err_unexpected,37,True,1
12650,1581535,193053,falha_autenticacao,err_auth_401,,False,1
12651,1581631,193063,timeout,err_gateway_timeout_504,,False,1
12652,1582149,193121,timeout,err_timeout_408,,False,1
12653,1582219,193128,erro_interno,err_unexpected,,False,1
12654,1582272,193134,timeout,err_timeout_408,17,True,1
12655,1582531,193166,erro_interno,err_internal_500,,False,1
12656,1582584,193172,timeout,err_gateway_timeout_504,,False,1
12657,1582907,193207,erro_interno,err_unexpected,43,True,1
12658,1582948,193213,timeout,err_timeout_408,24,True,1
12659,1583645,193282,erro_interno,err_internal_500,10,True,1
12660,1583909,193312,timeout,err_timeout_408,,False,1
12661,1584517,193375,erro_interno,err_unexpected,,False,1
12662,1584662,193390,erro_interno,err_internal_500,,False,1
12663,1584994,193428,erro_interno,err_internal_500,22,True,1
12664,1585066,193436,timeout,err_timeout_408,68,True,1
12665,1585533,193484,timeout,err_timeout_408,84,True,1
12666,1585601,193493,timeout,err_gateway_timeout_504,,False,1
12667,1585648,193499,timeout,err_gateway_timeout_504,,False,1
12668,1585825,193521,timeout,err_gateway_timeout_504,39,True,1
12669,1585842,193523,erro_interno,err_unexpected,,False,1
12670,1585902,193529,timeout,err_timeout_408,,False,1
12671,1585908,193530,timeout,err_timeout_408,19,True,1
12672,1586676,193619,erro_interno,err_internal_500,,False,1
12673,1586680,193620,timeout,err_gateway_timeout_504,,False,1
12674,1587120,193672,erro_interno,err_internal_500,140,True,1
12675,1588360,193807,timeout,err_timeout_408,,False,1
12676,1588407,193812,falha_autenticacao,err_credentials_invalid,,False,1
12677,1588448,193816,timeout,err_gateway_timeout_504,,False,1
12678,1589096,193891,timeout,err_gateway_timeout_504,16,True,1
12679,1589545,193943,erro_interno,err_unexpected,33,True,1
12680,1589761,193966,timeout,err_gateway_timeout_504,44,True,1
12681,1590340,194028,falha_autenticacao,err_auth_401,23,True,1
12682,1590712,194069,timeout,err_timeout_408,14,True,1
12683,1591151,194117,timeout,err_gateway_timeout_504,19,True,1
12684,1591340,194138,erro_interno,err_unexpected,,False,1
12685,1591478,194154,timeout,err_gateway_timeout_504,,False,1
12686,1591577,194165,servico_indisponivel,err_service_503,45,True,1
12687,1591711,194180,timeout,err_gateway_timeout_504,36,True,1
12688,1591735,194183,falha_autenticacao,err_credentials_invalid,15,True,1
12689,1591749,194184,timeout,err_gateway_timeout_504,44,True,1
12690,1591780,194188,falha_autenticacao,err_credentials_invalid,,False,1
12691,1592349,194249,timeout,err_timeout_408,86,True,1
12692,1592733,194290,erro_interno,err_unexpected,45,True,1
12693,1593134,194332,servico_indisponivel,err_maintenance,,False,1
12694,1593368,194360,erro_interno,err_unexpected,156,True,1
12695,1593891,194418,falha_autenticacao,err_auth_401,18,True,1
12696,1594329,194467,timeout,err_timeout_408,14,True,1
12697,1594448,194479,timeout,err_timeout_408,44,True,1
12698,1594470,194482,timeout,err_timeout_408,56,True,1
12699,1594490,194483,erro_interno,err_internal_500,,False,1
12700,1594653,194499,erro_interno,err_unexpected,39,True,1
12701,1594667,194500,erro_interno,err_unexpected,58,True,1
12702,1595096,194550,timeout,err_gateway_timeout_504,,False,1
12703,1595385,194585,timeout,err_timeout_408,,False,1
12704,1595460,194593,falha_autenticacao,err_credentials_invalid,15,True,1
12705,1596792,194736,timeout,err_timeout_408,48,True,1
12706,1597090,194771,timeout,err_gateway_timeout_504,39,True,1
12707,1597137,194777,servico_indisponivel,err_maintenance,13,True,1
12708,1597319,194800,erro_interno,err_unexpected,,False,1
12709,1597835,194852,timeout,err_gateway_timeout_504,94,True,1
12710,1597836,194852,timeout,err_timeout_408,,False,2
12711,1597889,194858,erro_interno,err_internal_500,,False,1
12712,1597995,194870,erro_interno,err_internal_500,,False,1
12713,1598658,194940,timeout,err_timeout_408,10,True,1
12714,1599001,194979,erro_interno,err_internal_500,,False,1
12715,1599057,194985,timeout,err_gateway_timeout_504,,False,1
12716,1599080,194988,timeout,err_gateway_timeout_504,21,True,1
12717,1599384,195023,timeout,err_timeout_408,,False,1
12718,1600192,195116,timeout,err_gateway_timeout_504,,False,1
12719,1600740,195176,timeout,err_gateway_timeout_504,24,True,1
12720,1600743,195176,timeout,err_timeout_408,,False,1
12721,1601461,195252,erro_interno,err_unexpected,,False,1
12722,1601521,195259,erro_interno,err_unexpected,80,True,1
12723,1601687,195280,erro_interno,err_unexpected,,False,1
12724,1601716,195284,timeout,err_timeout_408,,False,1
12725,1602810,195403,erro_interno,err_internal_500,23,True,1
12726,1602896,195414,erro_interno,err_internal_500,,False,1
12727,1602967,195421,erro_interno,err_internal_500,,False,1
12728,1603160,195440,erro_interno,err_unexpected,,False,1
12729,1603248,195448,erro_interno,err_unexpected,7,True,1
12730,1603933,195517,servico_indisponivel,err_maintenance,,False,1
12731,1603962,195521,timeout,err_timeout_408,36,True,1
12732,1604248,195558,timeout,err_timeout_408,,False,1
12733,1604433,195577,timeout,err_timeout_408,54,True,1
12734,1604577,195590,falha_autenticacao,err_auth_401,32,True,1
12735,1604813,195611,timeout,err_timeout_408,,False,1
12736,1604986,195628,erro_interno,err_unexpected,,False,1
12737,1605111,195643,timeout,err_gateway_timeout_504,,False,1
12738,1605192,195651,erro_interno,err_unexpected,10,True,1
12739,1605309,195663,timeout,err_gateway_timeout_504,11,True,1
12740,1605310,195663,timeout,err_timeout_408,,False,2
12741,1605655,195702,timeout,err_gateway_timeout_504,,False,1
12742,1606032,195744,erro_interno,err_internal_500,,False,1
12743,1606273,195773,erro_interno,err_unexpected,,False,1
12744,1606314,195778,falha_autenticacao,err_credentials_invalid,19,True,1
12745,1606724,195818,erro_interno,err_internal_500,,False,1
12746,1606839,195831,erro_interno,err_unexpected,,False,1
12747,1607869,195949,timeout,err_gateway_timeout_504,53,True,1
12748,1608312,195997,timeout,err_gateway_timeout_504,,False,1
12749,1608368,196002,timeout,err_timeout_408,,False,1
12750,1608954,196066,erro_interno,err_unexpected,12,True,1
12751,1609003,196071,erro_interno,err_internal_500,,False,1
12752,1609061,196076,erro_interno,err_internal_500,8,True,1
12753,1609307,196101,erro_interno,err_internal_500,,False,1
12754,1609495,196124,erro_interno,err_unexpected,,False,1
12755,1609945,196178,timeout,err_timeout_408,45,True,1
12756,1610025,196186,erro_interno,err_unexpected,7,True,1
12757,1610308,196217,erro_interno,err_unexpected,,False,1
12758,1610547,196243,timeout,err_gateway_timeout_504,,False,1
12759,1610904,196282,timeout,err_gateway_timeout_504,,False,1
12760,1610994,196290,erro_interno,err_unexpected,78,True,1
12761,1611087,196300,timeout,err_timeout_408,43,True,1
12762,1611383,196331,timeout,err_timeout_408,43,True,1
12763,1611827,196382,timeout,err_gateway_timeout_504,,False,1
12764,1612030,196404,timeout,err_gateway_timeout_504,106,True,1
12765,1612042,196405,timeout,err_gateway_timeout_504,,False,1
12766,1612372,196441,timeout,err_timeout_408,34,True,1
12767,1612524,196458,timeout,err_timeout_408,,False,1
12768,1612775,196484,timeout,err_gateway_timeout_504,,False,1
12769,1612788,196487,servico_indisponivel,err_service_503,,False,1
12770,1613070,196520,timeout,err_gateway_timeout_504,55,True,1
12771,1613281,196546,timeout,err_timeout_408,39,True,1
12772,1613437,196567,servico_indisponivel,err_service_503,,False,1
12773,1613520,196575,erro_interno,err_internal_500,,False,1
12774,1614134,196637,falha_autenticacao,err_auth_401,,False,1
12775,1614592,196687,timeout,err_timeout_408,,False,1
12776,1614686,196699,erro_interno,err_internal_500,,False,1
12777,1614826,196713,timeout,err_timeout_408,,False,1
12778,1614892,196721,timeout,err_timeout_408,16,True,1
12779,1614959,196729,timeout,err_gateway_timeout_504,26,True,1
12780,1615227,196756,timeout,err_timeout_408,,False,1
12781,1615302,196764,erro_interno,err_unexpected,35,True,1
12782,1615315,196766,falha_autenticacao,err_auth_401,12,True,1
12783,1615499,196787,timeout,err_gateway_timeout_504,,False,1
12784,1615613,196801,timeout,err_timeout_408,59,True,1
12785,1615705,196808,timeout,err_gateway_timeout_504,,False,1
12786,1616085,196851,timeout,err_gateway_timeout_504,,False,1
12787,1616432,196887,servico_indisponivel,err_service_503,,False,1
12788,1616957,196947,erro_interno,err_internal_500,63,True,1
12789,1617095,196962,erro_interno,err_internal_500,,False,1
12790,1617163,196971,erro_interno,err_internal_500,,False,1
12791,1617394,197002,falha_autenticacao,err_credentials_invalid,16,True,1
12792,1617640,197033,timeout,err_timeout_408,,False,1
12793,1618319,197112,erro_interno,err_internal_500,,False,1
12794,1618663,197147,falha_autenticacao,err_auth_401,,False,1
12795,1619529,197249,timeout,err_timeout_408,,False,1
12796,1619679,197265,timeout,err_timeout_408,,False,1
12797,1619961,197299,erro_interno,err_unexpected,,False,1
12798,1620351,197341,falha_autenticacao,err_credentials_invalid,,False,1
12799,1620807,197397,erro_interno,err_internal_500,,False,1
12800,1621009,197420,timeout,err_gateway_timeout_504,53,True,1
12801,1621277,197451,erro_interno,err_internal_500,,False,1
12802,1621723,197501,timeout,err_gateway_timeout_504,66,True,1
12803,1622068,197541,erro_interno,err_internal_500,31,True,1
12804,1622193,197557,servico_indisponivel,err_service_503,,False,1
12805,1622302,197570,erro_interno,err_unexpected,,False,1
12806,1622397,197580,timeout,err_timeout_408,31,True,1
12807,1622526,197594,timeout,err_timeout_408,,False,1
12808,1622909,197637,servico_indisponivel,err_service_503,17,True,1
12809,1623527,197704,timeout,err_timeout_408,14,True,1
12810,1623971,197751,falha_autenticacao,err_credentials_invalid,,False,1
12811,1624016,197755,timeout,err_gateway_timeout_504,15,True,1
12812,1624112,197766,timeout,err_gateway_timeout_504,,False,1
12813,1624266,197779,erro_interno,err_unexpected,,False,1
12814,1624299,197784,erro_interno,err_internal_500,45,True,1
12815,1624699,197829,timeout,err_gateway_timeout_504,257,True,1
12816,1624828,197841,timeout,err_timeout_408,15,True,1
12817,1625013,197861,timeout,err_gateway_timeout_504,234,True,1
12818,1625194,197881,timeout,err_timeout_408,51,True,1
12819,1625563,197923,falha_autenticacao,err_credentials_invalid,,False,1
12820,1626578,198042,timeout,err_timeout_408,14,True,1
12821,1626596,198043,erro_interno,err_internal_500,,False,1
12822,1626807,198064,timeout,err_gateway_timeout_504,23,True,1
12823,1627240,198108,timeout,err_timeout_408,15,True,1
12824,1627711,198156,timeout,err_gateway_timeout_504,42,True,1
12825,1627769,198163,timeout,err_gateway_timeout_504,116,True,1
12826,1627937,198182,falha_autenticacao,err_auth_401,18,True,1
12827,1628086,198200,falha_autenticacao,err_credentials_invalid,10,True,1
12828,1628827,198280,erro_interno,err_unexpected,,False,1
12829,1629128,198314,timeout,err_gateway_timeout_504,191,True,1
12830,1629371,198340,timeout,err_timeout_408,27,True,1
12831,1629377,198341,timeout,err_timeout_408,18,True,1
12832,1629812,198391,timeout,err_timeout_408,82,True,1
12833,1629888,198400,timeout,err_timeout_408,,False,1
12834,1629889,198400,timeout,err_timeout_408,,False,2
12835,1630066,198423,falha_autenticacao,err_credentials_invalid,,False,1
12836,1630450,198468,erro_interno,err_internal_500,,False,1
12837,1630606,198483,timeout,err_gateway_timeout_504,16,True,1
12838,1631148,198546,timeout,err_gateway_timeout_504,28,True,1
12839,1631295,198564,timeout,err_timeout_408,15,True,1
12840,1632645,198715,timeout,err_gateway_timeout_504,,False,1
12841,1632682,198719,erro_interno,err_internal_500,,False,1
12842,1632794,198731,falha_autenticacao,err_credentials_invalid,27,True,1
12843,1633444,198804,falha_autenticacao,err_auth_401,21,True,1
12844,1633811,198842,timeout,err_timeout_408,89,True,1
12845,1633928,198856,servico_indisponivel,err_service_503,40,True,1
12846,1634249,198894,falha_autenticacao,err_credentials_invalid,,False,1
12847,1634509,198919,erro_interno,err_internal_500,55,True,1
12848,1634537,198922,falha_autenticacao,err_auth_401,,False,1
12849,1634765,198946,timeout,err_timeout_408,,False,1
12850,1634807,198950,timeout,err_gateway_timeout_504,144,True,1
12851,1635266,199005,erro_interno,err_unexpected,,False,1
12852,1635563,199037,timeout,err_timeout_408,,False,1
12853,1636666,199160,timeout,err_gateway_timeout_504,61,True,1
12854,1637053,199204,falha_autenticacao,err_credentials_invalid,,False,1
12855,1637171,199215,timeout,err_timeout_408,13,True,1
12856,1637261,199222,erro_interno,err_internal_500,,False,1
12857,1637332,199231,timeout,err_gateway_timeout_504,18,True,1
12858,1637470,199244,erro_interno,err_internal_500,89,True,1
12859,1637471,199244,servico_indisponivel,err_service_503,,False,2
12860,1637502,199247,timeout,err_gateway_timeout_504,19,True,1
12861,1637539,199251,timeout,err_gateway_timeout_504,,False,1
12862,1637663,199265,erro_interno,err_unexpected,,False,1
12863,1637872,199286,timeout,err_gateway_timeout_504,,False,1
12864,1638069,199311,timeout,err_gateway_timeout_504,84,True,1
12865,1638203,199326,timeout,err_timeout_408,,False,1
12866,1638242,199329,erro_interno,err_internal_500,7,True,1
12867,1638641,199373,erro_interno,err_unexpected,10,True,1
12868,1638879,199399,timeout,err_gateway_timeout_504,,False,1
12869,1638944,199405,timeout,err_timeout_408,,False,1
12870,1638965,199407,timeout,err_gateway_timeout_504,79,True,1
12871,1639430,199457,timeout,err_timeout_408,55,True,1
12872,1640443,199574,erro_interno,err_unexpected,,False,1
12873,1640514,199583,erro_interno,err_unexpected,,False,1
12874,1640557,199587,timeout,err_timeout_408,,False,1
12875,1641257,199663,erro_interno,err_internal_500,34,True,1
12876,1641547,199696,timeout,err_timeout_408,,False,1
12877,1642028,199748,servico_indisponivel,err_service_503,,False,1
12878,1642180,199768,timeout,err_timeout_408,,False,1
12879,1642199,199768,timeout,err_timeout_408,,False,1
12880,1643125,199873,timeout,err_timeout_408,47,True,1
12881,1643215,199884,timeout,err_gateway_timeout_504,,False,1
